serial,100000,1,0,0.009459296999921207,0.302,0.46548,0.23252
serial,100000,1,1,0.009145708999994895,0.30147,0.46564,0.23289
serial,100000,1,2,0.00960671400002866,0.30144,0.4647,0.23386
serial,100000,1,3,0.00918813099997351,0.30498,0.46385,0.23117
serial,100000,1,4,0.009093296000173723,0.30111,0.46736,0.23153
serial,100000,1,5,0.009707059999982448,0.30056,0.46726,0.23218
serial,200000,1,0,0.017662811000036527,0.301695,0.465665,0.23264
serial,200000,1,1,0.017816935999917405,0.301375,0.46541,0.233215
serial,200000,1,2,0.0174497400000746,0.30189,0.465085,0.233025
serial,200000,1,3,0.01743296300014663,0.30375,0.463625,0.232625
serial,200000,1,4,0.01755963999994492,0.300615,0.466715,0.23267
serial,200000,1,5,0.017642262999970626,0.301245,0.466695,0.23206
serial,400000,1,0,0.032950795999795446,0.30086,0.465915,0.233225
serial,400000,1,1,0.03191940099986823,0.301395,0.465195,0.23341
serial,400000,1,2,0.031009001000029457,0.301485,0.4657475,0.2327675
serial,400000,1,3,0.0313970969998536,0.30309,0.464405,0.232505
serial,400000,1,4,0.0313094349999119,0.3021225,0.465675,0.2322025
serial,400000,1,5,0.03159591400003592,0.3012225,0.46647,0.2323075
serial,800000,1,0,0.061309887000106755,0.30107,0.46631375,0.23261625
serial,800000,1,1,0.060225549999813666,0.3013975,0.4653925,0.23321
serial,800000,1,2,0.0610320910000155,0.3012175,0.46583625,0.23294625
serial,800000,1,3,0.06067151799993553,0.30225625,0.46527,0.23247375
serial,800000,1,4,0.06150334899984955,0.3024375,0.464685,0.2328775
serial,800000,1,5,0.06091365500014945,0.30105375,0.46675375,0.2321925
serial,1600000,1,0,0.12201425500006735,0.30163875,0.46586187,0.23249938
serial,1600000,1,1,0.12139361400022608,0.30176313,0.46549,0.23274687
serial,1600000,1,2,0.11990083699993193,0.30126125,0.46590312,0.23283562
serial,1600000,1,3,0.11966190199996163,0.30237313,0.46523437,0.2323925
serial,1600000,1,4,0.12245514200003527,0.3019275,0.4652475,0.232825
serial,1600000,1,5,0.12102758299988636,0.30151187,0.46643125,0.23205687
serial,3200000,1,0,0.24109322499998598,0.30182625,0.46569906,0.23247469
serial,3200000,1,1,0.24277764700013904,0.30158687,0.4656075,0.23280562
serial,3200000,1,2,0.24277448700013338,0.30151844,0.46562219,0.23285938
serial,3200000,1,3,0.24247465899998133,0.30206656,0.46527031,0.23266312
serial,3200000,1,4,0.24585643899990828,0.30180187,0.46548281,0.23271531
serial,3200000,1,5,0.24131731500006026,0.30167688,0.46609625,0.23222687
serial,6400000,1,0,0.479106806000118,0.30204938,0.46543297,0.23251766
serial,6400000,1,1,0.4852426680001827,0.301685,0.46542125,0.23289375
serial,6400000,1,2,0.48225874099989596,0.30176859,0.46539141,0.23284
serial,6400000,1,3,0.4756052669999917,0.30211047,0.46508813,0.23280141
serial,6400000,1,4,0.47897435699997004,0.30174828,0.46542672,0.232825
serial,6400000,1,5,0.47680324800012386,0.30161547,0.46599016,0.23239437
serial,12800000,1,0,0.9587475379998978,0.30192562,0.46554656,0.23252781
serial,12800000,1,1,0.950886373000003,0.30183656,0.46550508,0.23265836
serial,12800000,1,2,0.9672010720000799,0.3017432,0.46553648,0.23272031
serial,12800000,1,3,0.9532601229998363,0.30189086,0.46534031,0.23276883
serial,12800000,1,4,0.9697519349999766,0.30187336,0.46526352,0.23286313
serial,12800000,1,5,0.954074417000129,0.30173078,0.46581195,0.23245727
serial,25600000,1,0,1.9262888799999018,0.3018273,0.46553957,0.23263312
serial,25600000,1,1,1.8903542100001687,0.30196785,0.46531168,0.23272047
serial,25600000,1,2,1.9257895130001543,0.3016991,0.46567355,0.23262734
serial,25600000,1,3,1.9477101449999736,0.30184461,0.46540078,0.23275461
serial,25600000,1,4,1.9358699099998375,0.30188414,0.46532195,0.23279391
serial,25600000,1,5,1.912234435000073,0.30175793,0.46567602,0.23256605
serial,51200000,1,0,3.822477148000189,0.30169953,0.46562686,0.23267361
serial,51200000,1,1,3.843675441999949,0.3017907,0.4655525,0.2326568
serial,51200000,1,2,3.849002077999785,0.30172119,0.4656057,0.23267311
serial,51200000,1,3,3.854536790999873,0.30179887,0.4654941,0.23270703
serial,51200000,1,4,3.869808687999921,0.30183871,0.46537205,0.23278924
serial,51200000,1,5,3.8318242230000124,0.30175814,0.4656449,0.23259695
serial,66400000,1,0,4.952187356999957,0.30165974,0.46564869,0.23269157
serial,66400000,1,1,4.954125150999971,0.30176925,0.46557023,0.23266053
serial,66400000,1,2,4.986688265999874,0.30166721,0.46561315,0.23271964
serial,66400000,1,3,5.108833487999846,0.30177003,0.46552708,0.23270289
serial,66400000,1,4,4.975577036000004,0.30184965,0.46534884,0.23280151
serial,66400000,1,5,4.941899726999964,0.30176108,0.46560554,0.23263337
pthreads,100000,1,0,0.008304321000196069,0.3023,0.46462,0.23308
pthreads,100000,1,1,0.008080650000010792,0.3038,0.46482,0.23138
pthreads,100000,1,2,0.00820695499987778,0.30377,0.46422,0.23201
pthreads,100000,1,3,0.00816390699992553,0.30223,0.4637,0.23407
pthreads,100000,1,4,0.007658466999828306,0.30201,0.46557,0.23242
pthreads,100000,1,5,0.008060957999987295,0.29851,0.46869,0.2328
pthreads,100000,2,0,0.008582253999975364,0.29945,0.46639,0.23416
pthreads,100000,2,1,0.008422316999940449,0.30209,0.46575,0.23216
pthreads,100000,2,2,0.00868409800000336,0.30301,0.46541,0.23158
pthreads,100000,2,3,0.008252747999904386,0.30009,0.4649,0.23501
pthreads,100000,2,4,0.008371482000029573,0.30372,0.46451,0.23177
pthreads,100000,2,5,0.008156739000014568,0.30082,0.468,0.23118
pthreads,100000,3,0,0.009240623999858144,0.30094,0.46602,0.23304
pthreads,100000,3,1,0.009364962000063315,0.30133,0.46526,0.23341
pthreads,100000,3,2,0.009188512999799059,0.30245,0.46553,0.23202
pthreads,100000,3,3,0.00903648799999246,0.30052,0.46611,0.23337
pthreads,100000,3,4,0.008826944999782427,0.30242,0.46528,0.2323
pthreads,100000,3,5,0.00929374999986976,0.30137,0.46779,0.23084
pthreads,100000,4,0,0.009974091999993107,0.30122,0.46598,0.2328
pthreads,100000,4,1,0.010287510000125621,0.30234,0.46649,0.23117
pthreads,100000,4,2,0.009962292999944111,0.302,0.46536,0.23264
pthreads,100000,4,3,0.009979560000147103,0.30188,0.4657,0.23242
pthreads,100000,4,4,0.010246978000168383,0.30307,0.46457,0.23236
pthreads,100000,4,5,0.010070603000031042,0.30001,0.46892,0.23107
pthreads,100000,5,0,0.011035240000182966,0.30325,0.46473,0.23202
pthreads,100000,5,1,0.010823299000094266,0.30302,0.4654,0.23158
pthreads,100000,5,2,0.01097575899984804,0.30061,0.46635,0.23304
pthreads,100000,5,3,0.010813994000045568,0.30158,0.46618,0.23224
pthreads,100000,5,4,0.010762824000039473,0.30353,0.46395,0.23252
pthreads,100000,5,5,0.010773000999961369,0.30055,0.46867,0.23078
pthreads,100000,6,0,0.011612560999992638,0.30142,0.46506,0.23352
pthreads,100000,6,1,0.012038027000016882,0.30303,0.4653,0.23167
pthreads,100000,6,2,0.01140980800005309,0.3009,0.46679,0.23231
pthreads,100000,6,3,0.011525982999955886,0.30139,0.46629,0.23232
pthreads,100000,6,4,0.01261161299999003,0.30476,0.46327,0.23197
pthreads,100000,6,5,0.012345225999979448,0.30148,0.46928,0.22924
pthreads,100000,7,0,0.01386844600006043,0.30077,0.46511,0.23412
pthreads,100000,7,1,0.016871321000053285,0.30268,0.46527,0.23205
pthreads,100000,7,2,0.01816053099992132,0.30008,0.4663,0.23362
pthreads,100000,7,3,0.01567805500008035,0.30226,0.46561,0.23213
pthreads,100000,7,4,0.015900307000038083,0.30457,0.46485,0.23058
pthreads,100000,7,5,0.016152267000052234,0.30218,0.46896,0.22886
pthreads,100000,8,0,0.01764979300014602,0.30229,0.46325,0.23446
pthreads,100000,8,1,0.018582270000024437,0.30315,0.46598,0.23087
pthreads,100000,8,2,0.02001504399981968,0.30002,0.46582,0.23416
pthreads,100000,8,3,0.018179280000140352,0.30223,0.46673,0.23104
pthreads,100000,8,4,0.017232100000001083,0.30577,0.46458,0.22965
pthreads,100000,8,5,0.01766355399990971,0.30252,0.4677,0.22978
pthreads,100000,9,0,0.019888645000037286,0.30193,0.46396,0.23411
pthreads,100000,9,1,0.02001075599991964,0.30325,0.46565,0.2311
pthreads,100000,9,2,0.02013804400007757,0.30067,0.46538,0.23395
pthreads,100000,9,3,0.01944484000000557,0.30213,0.46688,0.23099
pthreads,100000,9,4,0.019313086000011026,0.30511,0.46448,0.23041
pthreads,100000,9,5,0.020373536000079184,0.30209,0.46684,0.23107
pthreads,100000,10,0,0.021303980999846317,0.30225,0.46433,0.23342
pthreads,100000,10,1,0.020641911999973672,0.30305,0.46504,0.23191
pthreads,100000,10,2,0.018152494000105435,0.30068,0.46607,0.23325
pthreads,100000,10,3,0.020554397000069002,0.3022,0.46662,0.23118
pthreads,100000,10,4,0.02077198799997859,0.30494,0.46462,0.23044
pthreads,100000,10,5,0.02068469100004222,0.302,0.46648,0.23152
pthreads,100000,11,0,0.020628056000077777,0.30254,0.46437,0.23309
pthreads,100000,11,1,0.021355429000095683,0.303,0.46467,0.23233
pthreads,100000,11,2,0.021482932000026267,0.30045,0.4659,0.23365
pthreads,100000,11,3,0.0211072150000291,0.3028,0.46591,0.23129
pthreads,100000,11,4,0.0212686450001911,0.30431,0.4646,0.23109
pthreads,100000,11,5,0.02176217400005953,0.30123,0.46715,0.23162
pthreads,100000,12,0,0.02073996499984787,0.30302,0.46422,0.23276
pthreads,100000,12,1,0.0203540319998865,0.30303,0.46438,0.23259
pthreads,100000,12,2,0.02025480200018137,0.301,0.46556,0.23344
pthreads,100000,12,3,0.015347887999951126,0.3023,0.46608,0.23162
pthreads,100000,12,4,0.020685886000137543,0.3026,0.46567,0.23173
pthreads,100000,12,5,0.020665091999944707,0.30035,0.46793,0.23172
pthreads,200000,1,0,0.015152510000007169,0.301555,0.46547,0.232975
pthreads,200000,1,1,0.01444831900016652,0.302645,0.46438,0.232975
pthreads,200000,1,2,0.014836336999906052,0.302755,0.46481,0.232435
pthreads,200000,1,3,0.01460900799997944,0.301055,0.46473,0.234215
pthreads,200000,1,4,0.01482677099988905,0.30147,0.465715,0.232815
pthreads,200000,1,5,0.014469211000005089,0.300405,0.46723,0.232365
pthreads,200000,2,0,0.015682556999990993,0.30162,0.46515,0.23323
pthreads,200000,2,1,0.015386192000050869,0.302875,0.464875,0.23225
pthreads,200000,2,2,0.015015907999895717,0.303915,0.464365,0.23172
pthreads,200000,2,3,0.015038509000078193,0.30108,0.46444,0.23448
pthreads,200000,2,4,0.01537988499990206,0.303155,0.465015,0.23183
pthreads,200000,2,5,0.015735686999960308,0.3003,0.46781,0.23189
pthreads,200000,3,0,0.01721555900007843,0.301585,0.465435,0.23298
pthreads,200000,3,1,0.01764304500011349,0.30236,0.465225,0.232415
pthreads,200000,3,2,0.01784135000002607,0.30307,0.46438,0.23255
pthreads,200000,3,3,0.01778139199996076,0.300025,0.465435,0.23454
pthreads,200000,3,4,0.017447144000016124,0.302885,0.46476,0.232355
pthreads,200000,3,5,0.018047838000029515,0.3009,0.466835,0.232265
pthreads,200000,4,0,0.022072142999832067,0.30052,0.466995,0.232485
pthreads,200000,4,1,0.018989657000020088,0.30177,0.4655,0.23273
pthreads,200000,4,2,0.019713583000111612,0.3029,0.464275,0.232825
pthreads,200000,4,3,0.020032735999848228,0.301655,0.46472,0.233625
pthreads,200000,4,4,0.019233271999837598,0.302755,0.464365,0.23288
pthreads,200000,4,5,0.01877245200012112,0.300915,0.46703,0.232055
pthreads,200000,5,0,0.021728852000023835,0.301475,0.465595,0.23293
pthreads,200000,5,1,0.021322744999906718,0.30213,0.465125,0.232745
pthreads,200000,5,2,0.02165963500010548,0.301775,0.464735,0.23349
pthreads,200000,5,3,0.024963747000128933,0.302095,0.46562,0.232285
pthreads,200000,5,4,0.021400036999921213,0.303205,0.463715,0.23308
pthreads,200000,5,5,0.021120396000014807,0.30091,0.46744,0.23165
pthreads,200000,6,0,0.02288829799999803,0.301605,0.465465,0.23293
pthreads,200000,6,1,0.026684169999953156,0.30172,0.46531,0.23297
pthreads,200000,6,2,0.027585273999875426,0.30165,0.465465,0.232885
pthreads,200000,6,3,0.02286657800004832,0.301585,0.465665,0.23275
pthreads,200000,6,4,0.024039758999833793,0.303515,0.46396,0.232525
pthreads,200000,6,5,0.022866893999889726,0.301715,0.467425,0.23086
pthreads,200000,7,0,0.033068272000036814,0.30175,0.46518,0.23307
pthreads,200000,7,1,0.03627023800004281,0.301545,0.465925,0.23253
pthreads,200000,7,2,0.028858520000085264,0.30069,0.465975,0.233335
pthreads,200000,7,3,0.031057424999971772,0.301735,0.465955,0.23231
pthreads,200000,7,4,0.03129564000005303,0.304035,0.464385,0.23158
pthreads,200000,7,5,0.03519186399989849,0.302055,0.46649,0.231455
pthreads,200000,8,0,0.03605089100005898,0.302105,0.46432,0.233575
pthreads,200000,8,1,0.036295537000114564,0.301605,0.467,0.231395
pthreads,200000,8,2,0.03708038100012345,0.300815,0.465995,0.23319
pthreads,200000,8,3,0.03579200499984836,0.30187,0.466785,0.231345
pthreads,200000,8,4,0.038299629999983154,0.304275,0.46403,0.231695
pthreads,200000,8,5,0.035258905999853596,0.301835,0.4671,0.231065
pthreads,200000,9,0,0.0396703639999032,0.301825,0.464155,0.23402
pthreads,200000,9,1,0.04030800400005319,0.301715,0.466535,0.23175
pthreads,200000,9,2,0.040823107999813146,0.301205,0.46574,0.233055
pthreads,200000,9,3,0.03913070999988122,0.30168,0.467035,0.231285
pthreads,200000,9,4,0.040602348999982496,0.304685,0.46326,0.232055
pthreads,200000,9,5,0.03902748199993766,0.301305,0.46697,0.231725
pthreads,200000,10,0,0.04090295900005003,0.302495,0.463905,0.2336
pthreads,200000,10,1,0.040274147999980414,0.30228,0.466115,0.231605
pthreads,200000,10,2,0.040900194000187184,0.300765,0.4662,0.233035
pthreads,200000,10,3,0.03989572299997235,0.301305,0.466825,0.23187
pthreads,200000,10,4,0.04026367200003733,0.304675,0.463235,0.23209
pthreads,200000,10,5,0.03948492399990755,0.301015,0.467275,0.23171
pthreads,200000,11,0,0.042496529000118244,0.302605,0.46398,0.233415
pthreads,200000,11,1,0.04133401900003264,0.302385,0.46573,0.231885
pthreads,200000,11,2,0.04128640299995823,0.30094,0.46559,0.23347
pthreads,200000,11,3,0.041023784999879354,0.30161,0.46651,0.23188
pthreads,200000,11,4,0.04236324499993316,0.304625,0.463065,0.23231
pthreads,200000,11,5,0.04058394799994858,0.301295,0.46752,0.231185
pthreads,200000,12,0,0.041607552999948894,0.303025,0.463865,0.23311
pthreads,200000,12,1,0.038162162999924476,0.302655,0.465805,0.23154
pthreads,200000,12,2,0.041603664999911416,0.300985,0.465875,0.23314
pthreads,200000,12,3,0.042239310000013575,0.301145,0.46709,0.231765
pthreads,200000,12,4,0.039928397999801746,0.3044,0.463365,0.232235
pthreads,200000,12,5,0.041138763000162726,0.30107,0.46742,0.23151
pthreads,400000,1,0,0.029150285000014264,0.3021475,0.4652225,0.23263
pthreads,400000,1,1,0.02808404100005646,0.302245,0.4652525,0.2325025
pthreads,400000,1,2,0.02820612000004985,0.30214,0.4648625,0.2329975
pthreads,400000,1,3,0.02798718300005021,0.30183,0.46524,0.23293
pthreads,400000,1,4,0.028861778000191407,0.3009575,0.465745,0.2332975
pthreads,400000,1,5,0.028679751000026954,0.30021,0.466435,0.233355
pthreads,400000,2,0,0.02937457699999868,0.3016025,0.4644825,0.233915
pthreads,400000,2,1,0.029551649000040925,0.3021975,0.46477,0.2330325
pthreads,400000,2,2,0.030028631000050154,0.3031675,0.4650825,0.23175
pthreads,400000,2,3,0.030866910999975516,0.300055,0.466075,0.23387
pthreads,400000,2,4,0.031085247999953936,0.3027325,0.4647125,0.232555
pthreads,400000,2,5,0.029381963999867367,0.300855,0.4670125,0.2321325
pthreads,400000,3,0,0.035953939999899376,0.3027075,0.464805,0.2324875
pthreads,400000,3,1,0.03334884799983229,0.3025125,0.46459,0.2328975
pthreads,400000,3,2,0.03421403500010456,0.3025625,0.4659425,0.231495
pthreads,400000,3,3,0.034879668000030506,0.300585,0.4655925,0.2338225
pthreads,400000,3,4,0.03478612999992947,0.302415,0.4648025,0.2327825
pthreads,400000,3,5,0.0346088520000194,0.300675,0.466775,0.23255
pthreads,400000,4,0,0.03658713100003297,0.3022375,0.4657675,0.231995
pthreads,400000,4,1,0.03793525900005079,0.30268,0.464655,0.232665
pthreads,400000,4,2,0.037670114999855286,0.302835,0.4641075,0.2330575
pthreads,400000,4,3,0.04019822000009299,0.30173,0.46497,0.2333
pthreads,400000,4,4,0.039128671000071336,0.30244,0.4648775,0.2326825
pthreads,400000,4,5,0.03720568199992158,0.3011925,0.4664325,0.232375
pthreads,400000,5,0,0.044727436999892234,0.30164,0.465975,0.232385
pthreads,400000,5,1,0.040771827000071426,0.3025275,0.46545,0.2320225
pthreads,400000,5,2,0.041816293000010774,0.30288,0.4639025,0.2332175
pthreads,400000,5,3,0.04526556300015727,0.30135,0.465395,0.233255
pthreads,400000,5,4,0.04107293500010201,0.302595,0.46484,0.232565
pthreads,400000,5,5,0.04166785300003539,0.3010875,0.466,0.2329125
pthreads,400000,6,0,0.058929137999939485,0.3016375,0.46552,0.2328425
pthreads,400000,6,1,0.04490184099995531,0.3022175,0.46517,0.2326125
pthreads,400000,6,2,0.04710711799998535,0.3024875,0.46405,0.2334625
pthreads,400000,6,3,0.04763335999996343,0.300865,0.46539,0.233745
pthreads,400000,6,4,0.046177956000065024,0.302815,0.464705,0.23248
pthreads,400000,6,5,0.04749543999992056,0.301455,0.46623,0.232315
pthreads,400000,7,0,0.06692883300001995,0.3013875,0.4659475,0.232665
pthreads,400000,7,1,0.06550405000007231,0.30139,0.4657975,0.2328125
pthreads,400000,7,2,0.06858485399993697,0.301735,0.46447,0.233795
pthreads,400000,7,3,0.06343421699989449,0.301535,0.465285,0.23318
pthreads,400000,7,4,0.06964682000011635,0.302625,0.4647525,0.2326225
pthreads,400000,7,5,0.06469644599997082,0.30157,0.46599,0.23244
pthreads,400000,8,0,0.07596150499989562,0.30169,0.4653675,0.2329425
pthreads,400000,8,1,0.07029196899998169,0.301725,0.46569,0.232585
pthreads,400000,8,2,0.07243142199990871,0.30136,0.464915,0.233725
pthreads,400000,8,3,0.07495329099992887,0.3014225,0.4657975,0.23278
pthreads,400000,8,4,0.07340068199982852,0.302785,0.4645825,0.2326325
pthreads,400000,8,5,0.07424184000001333,0.30216,0.4657525,0.2320875
pthreads,400000,9,0,0.07744815499995639,0.3014825,0.4652075,0.23331
pthreads,400000,9,1,0.07707203599989043,0.3018525,0.4658625,0.232285
pthreads,400000,9,2,0.0790167760001168,0.301765,0.46444,0.233795
pthreads,400000,9,3,0.0782365719999234,0.30147,0.466395,0.232135
pthreads,400000,9,4,0.07980887999997321,0.30266,0.463885,0.233455
pthreads,400000,9,5,0.07974606999982825,0.30204,0.4657275,0.2322325
pthreads,400000,10,0,0.07914005700013149,0.3016925,0.4652525,0.233055
pthreads,400000,10,1,0.08000474000004942,0.302035,0.4655025,0.2324625
pthreads,400000,10,2,0.07977490400003262,0.301455,0.464695,0.23385
pthreads,400000,10,3,0.07920056399984787,0.3017275,0.466425,0.2318475
pthreads,400000,10,4,0.0802455180000834,0.30316,0.46382,0.23302
pthreads,400000,10,5,0.08005507300003956,0.302,0.46598,0.23202
pthreads,400000,11,0,0.08168375100012781,0.301815,0.4650525,0.2331325
pthreads,400000,11,1,0.07977174000006926,0.3021025,0.4654025,0.232495
pthreads,400000,11,2,0.08134705800011943,0.3013375,0.46481,0.2338525
pthreads,400000,11,3,0.08168478600009621,0.30181,0.4665775,0.2316125
pthreads,400000,11,4,0.0794332119999126,0.302595,0.4643,0.233105
pthreads,400000,11,5,0.08082901200009474,0.3019725,0.4662575,0.23177
pthreads,400000,12,0,0.08206814999994094,0.3020925,0.4650425,0.232865
pthreads,400000,12,1,0.08192269399978613,0.3022575,0.4651575,0.232585
pthreads,400000,12,2,0.08071035800003301,0.301285,0.4648175,0.2338975
pthreads,400000,12,3,0.08214079100002891,0.3014675,0.466575,0.2319575
pthreads,400000,12,4,0.08105595600000015,0.3031225,0.4642225,0.232655
pthreads,400000,12,5,0.08079163399997924,0.3023575,0.466075,0.2315675
pthreads,800000,1,0,0.055444610999984434,0.302055,0.465475,0.23247
pthreads,800000,1,1,0.054653150999911304,0.302545,0.46566625,0.23178875
pthreads,800000,1,2,0.05467204399997172,0.30242,0.46414875,0.23343125
pthreads,800000,1,3,0.055847671000037735,0.30171625,0.46583,0.23245375
pthreads,800000,1,4,0.05562240000017482,0.3007925,0.4657075,0.2335
pthreads,800000,1,5,0.05483407800011264,0.30113125,0.4656725,0.23319625
pthreads,800000,2,0,0.05781448300012926,0.3017525,0.46473625,0.23351125
pthreads,800000,2,1,0.058441382000182784,0.3020425,0.46550875,0.23244875
pthreads,800000,2,2,0.05816977499989662,0.30287375,0.4650325,0.23209375
pthreads,800000,2,3,0.058229623999977775,0.30110625,0.46563125,0.2332625
pthreads,800000,2,4,0.05981898899995031,0.30203625,0.4650525,0.23291125
pthreads,800000,2,5,0.05828141599999981,0.30111375,0.46607375,0.2328125
pthreads,800000,3,0,0.06824132400015515,0.30212125,0.46486,0.23301875
pthreads,800000,3,1,0.06689819500002159,0.30196375,0.46562,0.23241625
pthreads,800000,3,2,0.06538203199988857,0.3028475,0.465475,0.2316775
pthreads,800000,3,3,0.06601023700000042,0.30079125,0.46615125,0.2330575
pthreads,800000,3,4,0.06693898100002116,0.30201,0.464815,0.233175
pthreads,800000,3,5,0.0653042890000961,0.30149,0.4659625,0.2325475
pthreads,800000,4,0,0.07349521099990852,0.302065,0.464925,0.23301
pthreads,800000,4,1,0.07389270199996645,0.30246125,0.46496625,0.2325725
pthreads,800000,4,2,0.07418726399987463,0.30230375,0.46512875,0.2325675
pthreads,800000,4,3,0.07288463600002615,0.3011375,0.46588,0.2329825
pthreads,800000,4,4,0.07674122599996736,0.30209,0.46475875,0.23315125
pthreads,800000,4,5,0.0730006220001087,0.3015825,0.46600375,0.23241375
pthreads,800000,5,0,0.08235809200004951,0.30192625,0.46529875,0.232775
pthreads,800000,5,1,0.0803463610000108,0.3025075,0.46495125,0.23254125
pthreads,800000,5,2,0.081896628000095,0.30185875,0.46536125,0.23278
pthreads,800000,5,3,0.08302685900002871,0.30112625,0.465935,0.23293875
pthreads,800000,5,4,0.08093114400003287,0.3017975,0.465275,0.2329275
pthreads,800000,5,5,0.08138740799995503,0.301505,0.46589125,0.23260375
pthreads,800000,6,0,0.08773711599997114,0.302025,0.46528625,0.23268875
pthreads,800000,6,1,0.0931462379999175,0.302235,0.46512,0.232645
pthreads,800000,6,2,0.09513384299998506,0.30225625,0.4648625,0.23288125
pthreads,800000,6,3,0.10037016899991613,0.3011625,0.46549375,0.23334375
pthreads,800000,6,4,0.0911069700000553,0.30229,0.46487875,0.23283125
pthreads,800000,6,5,0.09524806800004626,0.30139625,0.4660075,0.23259625
pthreads,800000,7,0,0.12925329800009422,0.3020125,0.465265,0.2327225
pthreads,800000,7,1,0.13504782800009707,0.30198125,0.4651875,0.23283125
pthreads,800000,7,2,0.1282502439999007,0.30212125,0.46477,0.23310875
pthreads,800000,7,3,0.13462571600007323,0.301245,0.465615,0.23314
pthreads,800000,7,4,0.13267996600006882,0.30223125,0.46531875,0.23245
pthreads,800000,7,5,0.12297340899999654,0.30171375,0.46586375,0.2324225
pthreads,800000,8,0,0.14855521699996643,0.302255,0.46506375,0.23268125
pthreads,800000,8,1,0.14662526400002207,0.30233375,0.46522,0.23244625
pthreads,800000,8,2,0.14714546400000472,0.3022475,0.4643875,0.233365
pthreads,800000,8,3,0.14922058699994523,0.30155,0.46574625,0.23270375
pthreads,800000,8,4,0.1479159539999273,0.3024625,0.465325,0.2322125
pthreads,800000,8,5,0.15207857799987323,0.3020475,0.46548,0.2324725
pthreads,800000,9,0,0.1542150010000114,0.30212875,0.4653525,0.23251875
pthreads,800000,9,1,0.156232288999945,0.30198375,0.46584625,0.23217
pthreads,800000,9,2,0.15416732699986824,0.3025625,0.4640475,0.23339
pthreads,800000,9,3,0.15511739299995497,0.3011575,0.466035,0.2328075
pthreads,800000,9,4,0.15545524599997407,0.302605,0.46499875,0.23239625
pthreads,800000,9,5,0.16775523999990583,0.30232625,0.46531,0.23236375
pthreads,800000,10,0,0.16706213700012995,0.30198875,0.46567875,0.2323325
pthreads,800000,10,1,0.16152228400005697,0.30202875,0.46574125,0.23223
pthreads,800000,10,2,0.16112873500014757,0.3024725,0.46428625,0.23324125
pthreads,800000,10,3,0.1637269519999336,0.3009875,0.466245,0.2327675
pthreads,800000,10,4,0.1585814019999816,0.302425,0.46495,0.232625
pthreads,800000,10,5,0.15591205999999147,0.3020225,0.46546125,0.23251625
pthreads,800000,11,0,0.16366978299993207,0.30225875,0.465635,0.23210625
pthreads,800000,11,1,0.15770955199991477,0.3019475,0.4653,0.2327525
pthreads,800000,11,2,0.16078507900010663,0.302355,0.4640875,0.2335575
pthreads,800000,11,3,0.17481384099983188,0.30119625,0.4661875,0.23261625
pthreads,800000,11,4,0.16314913799988062,0.30238,0.4650175,0.2326025
pthreads,800000,11,5,0.1571973650000018,0.3020575,0.4654575,0.232485
pthreads,800000,12,0,0.15117870399990352,0.3021125,0.4654675,0.23242
pthreads,800000,12,1,0.14168621199996778,0.302085,0.465,0.232915
pthreads,800000,12,2,0.16072918100007882,0.30212375,0.46416625,0.23371
pthreads,800000,12,3,0.15338829899997108,0.30112875,0.46612125,0.23275
pthreads,800000,12,4,0.1340245189999223,0.30265375,0.4648975,0.23244875
pthreads,800000,12,5,0.13792519599996922,0.30217375,0.4656025,0.23222375
pthreads,1600000,1,0,0.1093926249998276,0.30205188,0.46525688,0.23269125
pthreads,1600000,1,1,0.10924195699999473,0.30189625,0.46593375,0.23217
pthreads,1600000,1,2,0.10907033900002716,0.30236438,0.46446437,0.23317125
pthreads,1600000,1,3,0.10993389400005071,0.3022875,0.465425,0.2322875
pthreads,1600000,1,4,0.1097107909999977,0.30135375,0.46535312,0.23329312
pthreads,1600000,1,5,0.10915959299995848,0.30166,0.46555812,0.23278187
pthreads,1600000,2,0,0.11460569099995155,0.30167813,0.46523687,0.233085
pthreads,1600000,2,1,0.11360025999988466,0.302225,0.46568688,0.23208813
pthreads,1600000,2,2,0.11540441400006785,0.30278187,0.46460937,0.23260875
pthreads,1600000,2,3,0.11579193600005055,0.30129375,0.46546562,0.23324063
pthreads,1600000,2,4,0.11599464500000067,0.30182188,0.46495,0.23322813
pthreads,1600000,2,5,0.11562019200005125,0.30148687,0.4655775,0.23293563
pthreads,1600000,3,0,0.13132569000003969,0.30204063,0.46499187,0.2329675
pthreads,1600000,3,1,0.13338115199985623,0.30266,0.46543937,0.23190062
pthreads,1600000,3,2,0.1331559190000462,0.30268187,0.46483687,0.23248125
pthreads,1600000,3,3,0.13127612599987515,0.30145,0.46554438,0.23300562
pthreads,1600000,3,4,0.1304474549999668,0.30130187,0.46535312,0.233345
pthreads,1600000,3,5,0.13214024900003096,0.30147438,0.46567375,0.23285188
pthreads,1600000,4,0,0.14496337000014137,0.30212438,0.46486312,0.2330125
pthreads,1600000,4,1,0.14904264200004036,0.30257937,0.46536187,0.23205875
pthreads,1600000,4,2,0.14765063799995914,0.30265938,0.46471313,0.2326275
pthreads,1600000,4,3,0.14705653400005758,0.30167312,0.46577125,0.23255562
pthreads,1600000,4,4,0.14663856400011355,0.30190312,0.4648225,0.23327438
pthreads,1600000,4,5,0.14644383199993172,0.30173062,0.46563625,0.23263312
pthreads,1600000,5,0,0.15866189200005465,0.30166562,0.46531625,0.23301812
pthreads,1600000,5,1,0.16019857600008436,0.30227562,0.46556687,0.2321575
pthreads,1600000,5,2,0.16429133099995852,0.30238312,0.46486125,0.23275562
pthreads,1600000,5,3,0.1599042099999224,0.30148938,0.46601562,0.232495
pthreads,1600000,5,4,0.16356576599991968,0.30162187,0.4650925,0.23328562
pthreads,1600000,5,5,0.15940199900001062,0.30144938,0.46571187,0.23283875
pthreads,1600000,6,0,0.1866985060000843,0.30146812,0.46527875,0.23325313
pthreads,1600000,6,1,0.190718711000045,0.30184937,0.46572313,0.2324275
pthreads,1600000,6,2,0.19055541599982462,0.30242812,0.46513187,0.23244
pthreads,1600000,6,3,0.18878744500011635,0.30121,0.46594687,0.23284313
pthreads,1600000,6,4,0.19179410699985056,0.30195125,0.46483062,0.23321812
pthreads,1600000,6,5,0.17781594099983522,0.30154938,0.46556938,0.23288125
pthreads,1600000,7,0,0.2795315060000121,0.301285,0.46559,0.233125
pthreads,1600000,7,1,0.27063625200003116,0.3018125,0.46579375,0.23239375
pthreads,1600000,7,2,0.2676305819998106,0.30190187,0.46518813,0.23291
pthreads,1600000,7,3,0.30111579799995525,0.30142562,0.46574312,0.23283125
pthreads,1600000,7,4,0.27466894500003036,0.30206625,0.46514187,0.23279188
pthreads,1600000,7,5,0.2683523669998067,0.301805,0.46549,0.232705
pthreads,1600000,8,0,0.31274830200004544,0.30162625,0.4651725,0.23320125
pthreads,1600000,8,1,0.30667378400016787,0.30209875,0.46540437,0.23249687
pthreads,1600000,8,2,0.2997967119999885,0.3017875,0.46529063,0.23292188
pthreads,1600000,8,3,0.29730904799998825,0.30108812,0.46609,0.23282188
pthreads,1600000,8,4,0.30408085299995946,0.3020775,0.46524688,0.23267562
pthreads,1600000,8,5,0.2919900740000685,0.3018475,0.4655,0.2326525
pthreads,1600000,9,0,0.31246345399995334,0.30149875,0.46534063,0.23316063
pthreads,1600000,9,1,0.30592723200015826,0.302055,0.46566625,0.23227875
pthreads,1600000,9,2,0.31457596699988244,0.3018675,0.46506,0.2330725
pthreads,1600000,9,3,0.30834026599995923,0.30093562,0.46608,0.23298437
pthreads,1600000,9,4,0.3090527320000547,0.30202937,0.46512562,0.232845
pthreads,1600000,9,5,0.3237735329998941,0.30202,0.46534875,0.23263125
pthreads,1600000,10,0,0.3232547140000861,0.3017875,0.46534687,0.23286562
pthreads,1600000,10,1,0.3260622190000504,0.30215063,0.46544687,0.2324025
pthreads,1600000,10,2,0.3240524360001018,0.30172625,0.465105,0.23316875
pthreads,1600000,10,3,0.32542023899986816,0.30094375,0.4662275,0.23282875
pthreads,1600000,10,4,0.3225858260000223,0.30183375,0.46548688,0.23267937
pthreads,1600000,10,5,0.3258395550001296,0.30181313,0.46547,0.23271687
pthreads,1600000,11,0,0.3103859799998645,0.30179062,0.46524562,0.23296375
pthreads,1600000,11,1,0.30852930199989714,0.30213937,0.46546562,0.232395
pthreads,1600000,11,2,0.3049239080000916,0.30166688,0.46494937,0.23338375
pthreads,1600000,11,3,0.3249813370000538,0.30121938,0.46590312,0.2328775
pthreads,1600000,11,4,0.3238749720001124,0.30204188,0.46527375,0.23268437
pthreads,1600000,11,5,0.32059115799984284,0.30168625,0.46552813,0.23278562
pthreads,1600000,12,0,0.32819242899995515,0.30177687,0.46527,0.23295313
pthreads,1600000,12,1,0.3273894940000446,0.30221125,0.46531625,0.2324725
pthreads,1600000,12,2,0.320112053999992,0.30185062,0.46479312,0.23335625
pthreads,1600000,12,3,0.3269076280000718,0.30113688,0.46597312,0.23289
pthreads,1600000,12,4,0.33187660299995514,0.30219438,0.46515625,0.23264937
pthreads,1600000,12,5,0.3261400019998746,0.30192062,0.46540562,0.23267375
pthreads,3200000,1,0,0.22509454999999434,0.30188219,0.46519625,0.23292156
pthreads,3200000,1,1,0.220947975999934,0.30166562,0.46626469,0.23206969
pthreads,3200000,1,2,0.22163019599997824,0.30199531,0.46506938,0.23293531
pthreads,3200000,1,3,0.21588389900011862,0.3015975,0.46569531,0.23270719
pthreads,3200000,1,4,0.21642429500002436,0.30161594,0.46577344,0.23261062
pthreads,3200000,1,5,0.2223542950000592,0.30189813,0.46541594,0.23268594
pthreads,3200000,2,0,0.2308684340000582,0.30186687,0.46536281,0.23277031
pthreads,3200000,2,1,0.2319203499998821,0.301885,0.4656825,0.2324325
pthreads,3200000,2,2,0.23137970399989172,0.30217656,0.464855,0.23296844
pthreads,3200000,2,3,0.22869819499987898,0.30184281,0.46548187,0.23267531
pthreads,3200000,2,4,0.23163206599997466,0.30189156,0.46516344,0.232945
pthreads,3200000,2,5,0.2343902640000124,0.30184531,0.4651725,0.23298219
pthreads,3200000,3,0,0.2615739410000515,0.30185375,0.46513344,0.23301281
pthreads,3200000,3,1,0.2589864960000341,0.30228719,0.46557688,0.23213594
pthreads,3200000,3,2,0.25837111000009827,0.30227094,0.46501625,0.23271281
pthreads,3200000,3,3,0.2605618280001636,0.30160281,0.465445,0.23295219
pthreads,3200000,3,4,0.2596077289999812,0.30166312,0.46535938,0.2329775
pthreads,3200000,3,5,0.26275300799989054,0.30160938,0.46558906,0.23280156
pthreads,3200000,4,0,0.2941150430001471,0.30193437,0.46497781,0.23308781
pthreads,3200000,4,1,0.2956925000000865,0.3025325,0.46551219,0.23195531
pthreads,3200000,4,2,0.2952066980001291,0.30245625,0.464705,0.23283875
pthreads,3200000,4,3,0.29423632199996064,0.30160687,0.46547969,0.23291344
pthreads,3200000,4,4,0.2950826320000033,0.30174781,0.46517625,0.23307594
pthreads,3200000,4,5,0.3091557800000828,0.30190594,0.46547469,0.23261937
pthreads,3200000,5,0,0.3255319759998656,0.3017275,0.46518375,0.23308875
pthreads,3200000,5,1,0.3328941960000975,0.30244625,0.46537656,0.23217719
pthreads,3200000,5,2,0.34705533900000773,0.30218406,0.46498531,0.23283063
pthreads,3200000,5,3,0.33928356199999143,0.30167688,0.46568906,0.23263406
pthreads,3200000,5,4,0.3345472250000512,0.30159438,0.46528656,0.23311906
pthreads,3200000,5,5,0.3244930470000327,0.30190406,0.46522281,0.23287312
pthreads,3200000,6,0,0.3794123860000127,0.30176969,0.46529312,0.23293719
pthreads,3200000,6,1,0.37329106700008197,0.30244875,0.46557656,0.23197469
pthreads,3200000,6,2,0.3703069840000808,0.30221031,0.4650375,0.23275219
pthreads,3200000,6,3,0.37993760399990606,0.30174906,0.46557406,0.23267688
pthreads,3200000,6,4,0.38596281900004215,0.30155531,0.46513781,0.23330687
pthreads,3200000,6,5,0.40661985600013395,0.30167406,0.46522969,0.23309625
pthreads,3200000,7,0,0.5725662009999724,0.30165656,0.46543937,0.23290406
pthreads,3200000,7,1,0.5332499969999844,0.30213375,0.46579906,0.23206719
pthreads,3200000,7,2,0.5409745389999898,0.30212344,0.46509187,0.23278469
pthreads,3200000,7,3,0.5190846340001372,0.30166281,0.46567969,0.2326575
pthreads,3200000,7,4,0.5142235079999864,0.3016575,0.46517031,0.23317219
pthreads,3200000,7,5,0.5074739700000919,0.30184563,0.46517562,0.23297875
pthreads,3200000,8,0,0.5979918819998602,0.30171188,0.46526219,0.23302594
pthreads,3200000,8,1,0.591682702999833,0.30226125,0.46564187,0.23209688
pthreads,3200000,8,2,0.5962761929999942,0.30207375,0.46517562,0.23275062
pthreads,3200000,8,3,0.6176510420000341,0.3015525,0.46589156,0.23255594
pthreads,3200000,8,4,0.6112738650001575,0.30178281,0.46532594,0.23289125
pthreads,3200000,8,5,0.6053662100000565,0.30185563,0.46527438,0.23287
pthreads,3200000,9,0,0.6260002040000927,0.30141625,0.4656,0.23298375
pthreads,3200000,9,1,0.6467897929999253,0.30206281,0.46585375,0.23208344
pthreads,3200000,9,2,0.6310553600001185,0.30210469,0.46509438,0.23280094
pthreads,3200000,9,3,0.625954745999934,0.30141687,0.4658375,0.23274563
pthreads,3200000,9,4,0.6303692150002007,0.30165812,0.46532906,0.23301281
pthreads,3200000,9,5,0.6369236310001725,0.30188344,0.46522438,0.23289219
pthreads,3200000,10,0,0.6254400909999731,0.30154031,0.46549656,0.23296312
pthreads,3200000,10,1,0.6235634439999558,0.302015,0.46587906,0.23210594
pthreads,3200000,10,2,0.6185547809998297,0.30203031,0.46511344,0.23285625
pthreads,3200000,10,3,0.6240398560000813,0.30129531,0.46590437,0.23280031
pthreads,3200000,10,4,0.6277634190000754,0.30176406,0.4652625,0.23297344
pthreads,3200000,10,5,0.6314837400000215,0.30178125,0.46534125,0.2328775
pthreads,3200000,11,0,0.6438970719998451,0.30153062,0.46536625,0.23310312
pthreads,3200000,11,1,0.6548347400000694,0.30195187,0.46580594,0.23224219
pthreads,3200000,11,2,0.6291151410000566,0.30190219,0.46504187,0.23305594
pthreads,3200000,11,3,0.6412110989999746,0.30141969,0.46582219,0.23275813
pthreads,3200000,11,4,0.6307858259999648,0.30200844,0.46510781,0.23288375
pthreads,3200000,11,5,0.636007273000132,0.30179281,0.46542062,0.23278656
pthreads,3200000,12,0,0.6114401130000715,0.30147219,0.46533844,0.23318938
pthreads,3200000,12,1,0.6382030359998225,0.30198469,0.46569719,0.23231812
pthreads,3200000,12,2,0.6212095360001513,0.30184187,0.46514031,0.23301781
pthreads,3200000,12,3,0.6381665819999398,0.30148063,0.46576469,0.23275469
pthreads,3200000,12,4,0.6510577609999473,0.30198156,0.46511188,0.23290656
pthreads,3200000,12,5,0.6287250170000789,0.30191344,0.46540375,0.23268281
pthreads,6400000,1,0,0.44076712299988685,0.30172766,0.46577844,0.23249391
pthreads,6400000,1,1,0.4398562899998524,0.30174797,0.46584969,0.23240234
pthreads,6400000,1,2,0.43712287999983346,0.30191937,0.46516547,0.23291516
pthreads,6400000,1,3,0.4345231810000314,0.30190203,0.46536344,0.23273453
pthreads,6400000,1,4,0.4355015829999047,0.30157937,0.46584844,0.23257219
pthreads,6400000,1,5,0.43183121700008087,0.30174156,0.46565812,0.23260031
pthreads,6400000,2,0,0.4544877929999984,0.30194906,0.46505812,0.23299281
pthreads,6400000,2,1,0.45778515699998934,0.30175297,0.46582766,0.23241938
pthreads,6400000,2,2,0.45644100399999843,0.30201187,0.46527391,0.23271422
pthreads,6400000,2,3,0.4577827770001477,0.30164031,0.46543969,0.23292
pthreads,6400000,2,4,0.456741103000013,0.30185109,0.46551063,0.23263828
pthreads,6400000,2,5,0.45755343899986656,0.3019125,0.46528156,0.23280594
pthreads,6400000,3,0,0.5184939540001778,0.30193938,0.46535578,0.23270484
pthreads,6400000,3,1,0.5158184060001076,0.30189922,0.465615,0.23248578
pthreads,6400000,3,2,0.5198446740000691,0.3021175,0.46504703,0.23283547
pthreads,6400000,3,3,0.522410261999994,0.30174937,0.46557047,0.23268016
pthreads,6400000,3,4,0.518276435999951,0.3018725,0.46534828,0.23277922
pthreads,6400000,3,5,0.5198528210000859,0.30179375,0.46535859,0.23284766
pthreads,6400000,4,0,0.6205788059999122,0.30198234,0.46509875,0.23291891
pthreads,6400000,4,1,0.599524226000085,0.30182656,0.46563891,0.23253453
pthreads,6400000,4,2,0.5820580360000349,0.30215703,0.46489766,0.23294531
pthreads,6400000,4,3,0.5812302129997988,0.30183078,0.46535609,0.23281313
pthreads,6400000,4,4,0.581252607000124,0.30181469,0.46535813,0.23282719
pthreads,6400000,4,5,0.582052603999955,0.30182656,0.46552016,0.23265328
pthreads,6400000,5,0,0.6287110069999926,0.30174953,0.46529984,0.23295062
pthreads,6400000,5,1,0.644135328999937,0.30193359,0.46562234,0.23244406
pthreads,6400000,5,2,0.6416198639999493,0.30194391,0.46523422,0.23282188
pthreads,6400000,5,3,0.6384076859999368,0.30174141,0.46561562,0.23264297
pthreads,6400000,5,4,0.6411446379997869,0.30175969,0.46549641,0.23274391
pthreads,6400000,5,5,0.641566365000017,0.30203687,0.46517031,0.23279281
pthreads,6400000,6,0,0.7348888499998338,0.30182109,0.46515297,0.23302594
pthreads,6400000,6,1,0.7088145309999163,0.30208281,0.46575156,0.23216562
pthreads,6400000,6,2,0.7568980849998752,0.30211,0.46520391,0.23268609
pthreads,6400000,6,3,0.7100816570000461,0.30166359,0.46567313,0.23266328
pthreads,6400000,6,4,0.7325437079998665,0.30181703,0.46522297,0.23296
pthreads,6400000,6,5,0.7285357330001716,0.30197188,0.46525047,0.23277766
pthreads,6400000,7,0,1.0957719149998866,0.30167187,0.46537625,0.23295188
pthreads,6400000,7,1,1.0659316179999223,0.3021,0.46587219,0.23202781
pthreads,6400000,7,2,1.062346961000003,0.30200578,0.46529672,0.2326975
pthreads,6400000,7,3,1.0646924220000074,0.30163672,0.46565266,0.23271063
pthreads,6400000,7,4,1.0312530160001643,0.30186969,0.46528422,0.23284609
pthreads,6400000,7,5,1.0529896990001362,0.3019225,0.46527516,0.23280234
pthreads,6400000,8,0,1.1997582779999902,0.30173984,0.46519516,0.233065
pthreads,6400000,8,1,1.1740948899998784,0.30203203,0.46580047,0.2321675
pthreads,6400000,8,2,1.1676813120000133,0.30195484,0.46538844,0.23265672
pthreads,6400000,8,3,1.183027033999906,0.30168062,0.46567656,0.23264281
pthreads,6400000,8,4,1.1786313679999694,0.30179094,0.46529016,0.23291891
pthreads,6400000,8,5,1.197281791000023,0.30194234,0.46524844,0.23280922
pthreads,6400000,9,0,1.2368580580000526,0.30159391,0.46534641,0.23305969
pthreads,6400000,9,1,1.2328694380000798,0.30195094,0.46589594,0.23215312
pthreads,6400000,9,2,1.229177300999936,0.30198812,0.46521125,0.23280063
pthreads,6400000,9,3,1.2195550999999796,0.30166813,0.46564984,0.23268203
pthreads,6400000,9,4,1.230139691999966,0.30173734,0.46526297,0.23299969
pthreads,6400000,9,5,1.269030556999951,0.30190172,0.46524516,0.23285312
pthreads,6400000,10,0,1.2395862579999175,0.30181516,0.46531906,0.23286578
pthreads,6400000,10,1,1.2400904999999511,0.30200766,0.46583594,0.23215641
pthreads,6400000,10,2,1.2536693860001833,0.30195359,0.46514625,0.23290016
pthreads,6400000,10,3,1.234779916999969,0.30164687,0.46563109,0.23272203
pthreads,6400000,10,4,1.2622318639998866,0.3016575,0.46545422,0.23288828
pthreads,6400000,10,5,1.2480428050000683,0.30200875,0.46520484,0.23278641
pthreads,6400000,11,0,1.2588245440001629,0.30176266,0.46532031,0.23291703
pthreads,6400000,11,1,1.2423150879999412,0.30219844,0.46570078,0.23210078
pthreads,6400000,11,2,1.2833130050000818,0.30190469,0.46508375,0.23301156
pthreads,6400000,11,3,1.2853868429999693,0.3017425,0.46551219,0.23274531
pthreads,6400000,11,4,1.3023827380000057,0.30161203,0.46547453,0.23291344
pthreads,6400000,11,5,1.2654677220000394,0.30190953,0.46528578,0.23280469
pthreads,6400000,12,0,1.180173287000116,0.30174313,0.46530625,0.23295062
pthreads,6400000,12,1,1.2795214529999157,0.30225781,0.46555172,0.23219047
pthreads,6400000,12,2,1.2656078170000455,0.30194281,0.46507797,0.23297922
pthreads,6400000,12,3,1.2843982150000102,0.30174734,0.46547375,0.23277891
pthreads,6400000,12,4,1.0263251290000426,0.30152656,0.46554984,0.23292359
pthreads,6400000,12,5,1.2619988930000545,0.30190719,0.46540594,0.23268687
pthreads,12800000,1,0,0.8745031549999567,0.301795,0.46563547,0.23256953
pthreads,12800000,1,1,0.8777884440000889,0.30172148,0.46575703,0.23252148
pthreads,12800000,1,2,0.8789451249999729,0.30182641,0.46551406,0.23265953
pthreads,12800000,1,3,0.8626695989999007,0.30182195,0.46551336,0.23266469
pthreads,12800000,1,4,0.8772376740000709,0.30162875,0.46573578,0.23263547
pthreads,12800000,1,5,0.8845449489999737,0.30169859,0.4656532,0.2326482
pthreads,12800000,2,0,0.9169391129998985,0.30178828,0.46550789,0.23270383
pthreads,12800000,2,1,0.9280459960000371,0.30178828,0.46579539,0.23241633
pthreads,12800000,2,2,0.9109934000000521,0.30186641,0.46543758,0.23269602
pthreads,12800000,2,3,0.9183409629999915,0.30185297,0.46532969,0.23281734
pthreads,12800000,2,4,0.9135203060000094,0.30177742,0.46556242,0.23266016
pthreads,12800000,2,5,0.9138254480001251,0.30184453,0.46543812,0.23271734
pthreads,12800000,3,0,1.05715453300013,0.30191203,0.46531273,0.23277523
pthreads,12800000,3,1,1.0513217420000274,0.30186969,0.4657068,0.23242352
pthreads,12800000,3,2,1.0506127959999958,0.30188172,0.46550648,0.2326118
pthreads,12800000,3,3,1.0588299710000229,0.30178187,0.46546781,0.23275031
pthreads,12800000,3,4,1.0518110210000486,0.30180289,0.46553273,0.23266438
pthreads,12800000,3,5,1.0424730859999727,0.30175906,0.4654918,0.23274914
pthreads,12800000,4,0,1.1635888569999224,0.30191102,0.46513641,0.23295258
pthreads,12800000,4,1,1.1968298749998212,0.30178539,0.46574023,0.23247438
pthreads,12800000,4,2,1.1771577269998943,0.301935,0.46531766,0.23274734
pthreads,12800000,4,3,1.168664974999956,0.30171008,0.4654957,0.23279422
pthreads,12800000,4,4,1.1877628350000577,0.3018968,0.46538594,0.23271727
pthreads,12800000,4,5,1.1750479269999232,0.30185508,0.46549281,0.23265211
pthreads,12800000,5,0,1.2820131850000962,0.30184883,0.46537477,0.23277641
pthreads,12800000,5,1,1.3138349640000797,0.30193273,0.46551172,0.23255555
pthreads,12800000,5,2,1.2823106779999307,0.30186242,0.46543516,0.23270242
pthreads,12800000,5,3,1.2886930709998978,0.30176703,0.46560789,0.23262508
pthreads,12800000,5,4,1.2827458579999984,0.30181484,0.46548187,0.23270328
pthreads,12800000,5,5,1.2802775410000322,0.30175773,0.46537828,0.23286398
pthreads,12800000,6,0,1.5002662599999894,0.30191336,0.46533172,0.23275492
pthreads,12800000,6,1,1.487966429999915,0.30181586,0.46558641,0.23259773
pthreads,12800000,6,2,1.5445331450000594,0.30188555,0.46541703,0.23269742
pthreads,12800000,6,3,1.6286169140000766,0.3017893,0.46558031,0.23263039
pthreads,12800000,6,4,1.4588394039999457,0.30195125,0.46533391,0.23271484
pthreads,12800000,6,5,1.5238374909999948,0.30183047,0.46531555,0.23285398
pthreads,12800000,7,0,2.166507708000154,0.30186266,0.46537422,0.23276312
pthreads,12800000,7,1,2.152696558000116,0.30169578,0.46576828,0.23253594
pthreads,12800000,7,2,2.1224764579999373,0.30187102,0.46540523,0.23272375
pthreads,12800000,7,3,2.114528018999863,0.30174258,0.46560758,0.23264984
pthreads,12800000,7,4,2.0876607539998986,0.30187898,0.46542258,0.23269844
pthreads,12800000,7,5,2.117365315000143,0.30180711,0.46535484,0.23283805
pthreads,12800000,8,0,2.3869050949999746,0.30180812,0.46534219,0.23284969
pthreads,12800000,8,1,2.3814990910000233,0.30173148,0.46572016,0.23254836
pthreads,12800000,8,2,2.378807557000073,0.30190125,0.46536617,0.23273258
pthreads,12800000,8,3,2.3521939780000594,0.30175547,0.46559539,0.23264914
pthreads,12800000,8,4,2.3613198230000307,0.30182508,0.4654843,0.23269063
pthreads,12800000,8,5,2.372007530000019,0.30187352,0.4653218,0.23280469
pthreads,12800000,9,0,2.42660701900013,0.30172844,0.46539828,0.23287328
pthreads,12800000,9,1,2.4444041820001985,0.30174617,0.46586211,0.23239172
pthreads,12800000,9,2,2.437571011000273,0.30185539,0.46540477,0.23273984
pthreads,12800000,9,3,2.4575132539998776,0.30172375,0.46562375,0.2326525
pthreads,12800000,9,4,2.4494911010001488,0.30192227,0.46541305,0.23266469
pthreads,12800000,9,5,2.443241874999785,0.30193461,0.46534531,0.23272008
pthreads,12800000,10,0,2.5225086390000797,0.30168414,0.46542867,0.23288719
pthreads,12800000,10,1,2.5246549100002085,0.30174688,0.46583906,0.23241406
pthreads,12800000,10,2,2.5248495319997346,0.30187289,0.46537109,0.23275602
pthreads,12800000,10,3,2.5209868599999936,0.30177148,0.46560875,0.23261977
pthreads,12800000,10,4,2.491218391000075,0.30184719,0.46551188,0.23264094
pthreads,12800000,10,5,2.4959925650000514,0.30202062,0.46524297,0.23273641
pthreads,12800000,11,0,2.513182121000227,0.30176875,0.46534453,0.23288672
pthreads,12800000,11,1,2.542847656000049,0.30177344,0.46577812,0.23244844
pthreads,12800000,11,2,2.522625708000305,0.3019032,0.46530305,0.23279375
pthreads,12800000,11,3,2.531149441999787,0.30171391,0.46558398,0.23270211
pthreads,12800000,11,4,2.5469151520001105,0.3018125,0.46548469,0.23270281
pthreads,12800000,11,5,2.523468600999877,0.30199305,0.465375,0.23263195
pthreads,12800000,12,0,2.56342028500012,0.30183188,0.46529781,0.23287031
pthreads,12800000,12,1,2.5739783160001934,0.30187156,0.46564641,0.23248203
pthreads,12800000,12,2,2.5561582549999002,0.30197375,0.46524922,0.23277703
pthreads,12800000,12,3,2.5763847610000994,0.30164313,0.46556805,0.23278883
pthreads,12800000,12,4,2.5643366409999544,0.30176914,0.46551383,0.23271703
pthreads,12800000,12,5,2.548146084999644,0.30192586,0.46544867,0.23262547
pthreads,25600000,1,0,1.7347984129996803,0.30177195,0.46562004,0.23260801
pthreads,25600000,1,1,1.7305253980002817,0.30175563,0.46563727,0.23260711
pthreads,25600000,1,2,1.7236371809999582,0.30181246,0.46546344,0.2327241
pthreads,25600000,1,3,1.7229173789996821,0.30179113,0.46553254,0.23267633
pthreads,25600000,1,4,1.7213988499997868,0.30172676,0.46564664,0.2326266
pthreads,25600000,1,5,1.725008472999889,0.3017652,0.4655966,0.2326382
pthreads,25600000,2,0,1.8260687370002415,0.30180133,0.4655577,0.23264098
pthreads,25600000,2,1,1.827425589000086,0.30173531,0.46571488,0.2325498
pthreads,25600000,2,2,1.8243022269998619,0.30178469,0.46560902,0.23260629
pthreads,25600000,2,3,1.8204108459999588,0.30179957,0.46550961,0.23269082
pthreads,25600000,2,4,1.8078949300002023,0.30172523,0.46563437,0.23264039
pthreads,25600000,2,5,1.8176854539997294,0.3017573,0.46558719,0.23265551
pthreads,25600000,3,0,2.04864014199984,0.3017698,0.46551023,0.23271996
pthreads,25600000,3,1,2.049619743999756,0.30174754,0.46571223,0.23254023
pthreads,25600000,3,2,2.0722932839998975,0.30182066,0.46551664,0.2326627
pthreads,25600000,3,3,2.0852776510000695,0.30178859,0.46540512,0.23280629
pthreads,25600000,3,4,2.0844983570000295,0.30181957,0.46551555,0.23266488
pthreads,25600000,3,5,2.068478069000321,0.30181102,0.46550969,0.2326793
pthreads,25600000,4,0,2.3110609720001776,0.30183652,0.46542383,0.23273965
pthreads,25600000,4,1,2.3185855540000375,0.30178523,0.46568207,0.2325327
pthreads,25600000,4,2,2.289329046000148,0.30182641,0.46542828,0.23274531
pthreads,25600000,4,3,2.3074566129998857,0.30176297,0.46551445,0.23272258
pthreads,25600000,4,4,2.323034323000229,0.30184465,0.46544738,0.23270797
pthreads,25600000,4,5,2.3268924509998214,0.30180258,0.46549141,0.23270602
pthreads,25600000,5,0,2.5507863650000218,0.3018027,0.46542953,0.23276777
pthreads,25600000,5,1,2.549388515999908,0.30180586,0.46558102,0.23261313
pthreads,25600000,5,2,2.5353166529998816,0.301855,0.46555848,0.23258652
pthreads,25600000,5,3,2.551394032999724,0.30176953,0.46557961,0.23265086
pthreads,25600000,5,4,2.556314747000215,0.30180215,0.46550316,0.23269469
pthreads,25600000,5,5,2.557789022000179,0.30186703,0.46537574,0.23275723
pthreads,25600000,6,0,2.9983301440001924,0.30184531,0.46537953,0.23277516
pthreads,25600000,6,1,2.946163485999932,0.30182074,0.46560523,0.23257402
pthreads,25600000,6,2,2.8517875200000162,0.30177008,0.46558645,0.23264348
pthreads,25600000,6,3,2.9236496359999364,0.30178242,0.46556883,0.23264875
pthreads,25600000,6,4,2.8839604009999675,0.30182539,0.46548187,0.23269273
pthreads,25600000,6,5,2.8389713149999807,0.30179273,0.46545625,0.23275102
pthreads,25600000,7,0,4.1736104340002385,0.30177141,0.46540668,0.23282191
pthreads,25600000,7,1,4.158220846999939,0.30174824,0.46568656,0.2325652
pthreads,25600000,7,2,4.191414616999737,0.30183988,0.46552699,0.23263312
pthreads,25600000,7,3,4.187951156000054,0.3017841,0.4655327,0.2326832
pthreads,25600000,7,4,4.199429857999803,0.30179379,0.46553066,0.23267555
pthreads,25600000,7,5,4.250748562999888,0.30183922,0.465495,0.23266578
pthreads,25600000,8,0,4.734223500000098,0.3017841,0.46540434,0.23281156
pthreads,25600000,8,1,4.730838621999737,0.30177605,0.46569371,0.23253023
pthreads,25600000,8,2,4.703095167999891,0.30189363,0.46544453,0.23266184
pthreads,25600000,8,3,4.771751765000317,0.30173535,0.46552312,0.23274152
pthreads,25600000,8,4,4.707964843999889,0.30181879,0.46553371,0.2326475
pthreads,25600000,8,5,4.757661973000268,0.30187609,0.46542324,0.23270066
pthreads,25600000,9,0,4.887560784000016,0.30176488,0.46552523,0.23270988
pthreads,25600000,9,1,4.900443695999911,0.30182352,0.46567355,0.23250293
pthreads,25600000,9,2,4.901183267000306,0.30191047,0.46540492,0.23268461
pthreads,25600000,9,3,4.951303350999751,0.30177434,0.46549773,0.23272793
pthreads,25600000,9,4,4.895157030000064,0.30182078,0.4654518,0.23272742
pthreads,25600000,9,5,4.8816247469999325,0.30192129,0.46535359,0.23272512
pthreads,25600000,10,0,5.001760439000009,0.30182656,0.46549395,0.23267949
pthreads,25600000,10,1,5.245390944000064,0.30182695,0.46561684,0.23255621
pthreads,25600000,10,2,5.3720729840001695,0.30188355,0.46539633,0.23272012
pthreads,25600000,10,3,5.513487820999671,0.30177934,0.46557719,0.23264348
pthreads,25600000,10,4,5.4234477129998595,0.30179328,0.46546918,0.23273754
pthreads,25600000,10,5,5.153195477000281,0.30188039,0.4653448,0.2327748
pthreads,25600000,11,0,5.044187259999944,0.30185305,0.46543914,0.23270781
pthreads,25600000,11,1,5.029511959000047,0.30184234,0.46559414,0.23256352
pthreads,25600000,11,2,4.996633340000244,0.30183742,0.46541398,0.23274859
pthreads,25600000,11,3,5.170321500999762,0.30177406,0.46558305,0.23264289
pthreads,25600000,11,4,5.028679511000064,0.3018402,0.46545699,0.23270281
pthreads,25600000,11,5,5.109579925000162,0.30185285,0.4654266,0.23272055
pthreads,25600000,12,0,5.08751397199967,0.30186145,0.46539371,0.23274484
pthreads,25600000,12,1,5.142696989000342,0.30183449,0.46555824,0.23260727
pthreads,25600000,12,2,4.991155539999909,0.30182254,0.4654043,0.23277316
pthreads,25600000,12,3,5.025225080000382,0.30178027,0.46556453,0.2326552
pthreads,25600000,12,4,5.074634966000303,0.30186148,0.46550777,0.23263074
pthreads,25600000,12,5,5.113190302000021,0.30188102,0.46538734,0.23273164
pthreads,51200000,1,0,3.498760097000286,0.30178377,0.46558748,0.23262875
pthreads,51200000,1,1,3.4881697689997964,0.30176156,0.46560391,0.23263453
pthreads,51200000,1,2,3.5132735059996776,0.30178383,0.46554812,0.23266805
pthreads,51200000,1,3,3.4804142859998137,0.30178057,0.465564,0.23265543
pthreads,51200000,1,4,3.4966581500002576,0.30174211,0.46561287,0.23264502
pthreads,51200000,1,5,3.4523195850001684,0.30175457,0.46559527,0.23265016
pthreads,51200000,2,0,3.6348501899997245,0.30178193,0.46554855,0.23266951
pthreads,51200000,2,1,3.654052073999992,0.30176768,0.46562885,0.23260348
pthreads,51200000,2,2,3.6572689849999733,0.30179891,0.46553617,0.23266492
pthreads,51200000,2,3,3.650284719999945,0.30178088,0.46551488,0.23270424
pthreads,51200000,2,4,3.658825839000201,0.30177742,0.46557367,0.23264891
pthreads,51200000,2,5,3.6361105290002342,0.30178557,0.4655392,0.23267523
pthreads,51200000,3,0,4.159995262999928,0.30180107,0.46550861,0.23269031
pthreads,51200000,3,1,4.158443927999997,0.30176719,0.46560248,0.23263033
pthreads,51200000,3,2,4.126825412999551,0.30177713,0.46558967,0.2326332
pthreads,51200000,3,3,4.16684515399993,0.30177656,0.46555773,0.2326657
pthreads,51200000,3,4,4.1446006860001035,0.30175707,0.46558471,0.23265822
pthreads,51200000,3,5,4.176216376999946,0.30177742,0.46558977,0.23263281
pthreads,51200000,4,0,4.657292324000082,0.30180545,0.46552289,0.23267166
pthreads,51200000,4,1,4.623790864000057,0.30175234,0.4656807,0.23256695
pthreads,51200000,4,2,4.642603619000056,0.30181131,0.46553908,0.23264961
pthreads,51200000,4,3,4.755717104999803,0.3017824,0.46554109,0.2326765
pthreads,51200000,4,4,4.625490332999561,0.30177053,0.46558271,0.23264676
pthreads,51200000,4,5,4.631644560000041,0.30178553,0.46554027,0.2326742
pthreads,51200000,5,0,5.112250051999581,0.30181926,0.4654859,0.23269484
pthreads,51200000,5,1,5.09601603100009,0.30179771,0.46560215,0.23260014
pthreads,51200000,5,2,5.119358302999899,0.30177312,0.46558871,0.23263816
pthreads,51200000,5,3,5.045234890000302,0.30174688,0.46554189,0.23271123
pthreads,51200000,5,4,5.019304364000163,0.30179629,0.46555934,0.23264437
pthreads,51200000,5,5,5.06497789299965,0.30180574,0.46552404,0.23267021
pthreads,51200000,6,0,5.707691232999878,0.30176641,0.46549656,0.23273703
pthreads,51200000,6,1,5.750601071000347,0.30180732,0.46559373,0.23259895
pthreads,51200000,6,2,5.651049018999856,0.30179305,0.46555135,0.23265561
pthreads,51200000,6,3,5.6971687250002105,0.30180693,0.46547656,0.2327165
pthreads,51200000,6,4,5.690677958999913,0.30182814,0.46551852,0.23265334
pthreads,51200000,6,5,5.70677844399961,0.30181135,0.46551512,0.23267354
pthreads,51200000,7,0,8.347118232999946,0.30182797,0.46547891,0.23269313
pthreads,51200000,7,1,8.30871907699975,0.30177334,0.46562518,0.23260148
pthreads,51200000,7,2,8.470300971000142,0.30181627,0.46551092,0.23267281
pthreads,51200000,7,3,8.49771242900033,0.30177068,0.46553029,0.23269902
pthreads,51200000,7,4,8.775456478999786,0.30183125,0.46547086,0.23269789
pthreads,51200000,7,5,8.751127580999764,0.3018125,0.46551354,0.23267396
pthreads,51200000,8,0,9.97011622500031,0.3018007,0.46546795,0.23273135
pthreads,51200000,8,1,10.154746707999948,0.30177402,0.46564402,0.23258195
pthreads,51200000,8,2,10.30088199399961,0.30180008,0.4655116,0.23268832
pthreads,51200000,8,3,9.720078184000158,0.30177854,0.4655357,0.23268576
pthreads,51200000,8,4,9.43326024399994,0.30181779,0.46544053,0.23274168
pthreads,51200000,8,5,9.458848181000121,0.30180918,0.46553049,0.23266033
pthreads,51200000,9,0,9.60190662099967,0.30177771,0.46549432,0.23272797
pthreads,51200000,9,1,9.864191882999876,0.30178916,0.46563176,0.23257908
pthreads,51200000,9,2,9.785201775000132,0.3018018,0.46554092,0.23265729
pthreads,51200000,9,3,9.753013985000052,0.30178391,0.46553072,0.23268537
pthreads,51200000,9,4,9.743960928999968,0.30181947,0.46542662,0.23275391
pthreads,51200000,9,5,9.790428576000068,0.30182654,0.46552697,0.23264648
pthreads,51200000,10,0,10.073819802999878,0.30173752,0.4655542,0.23270828
pthreads,51200000,10,1,10.184343898999941,0.30176467,0.46565172,0.23258361
pthreads,51200000,10,2,9.976592299999993,0.30182461,0.46550289,0.2326725
pthreads,51200000,10,3,9.878845589999855,0.30178182,0.46552207,0.23269611
pthreads,51200000,10,4,10.01915509599985,0.30181834,0.46546396,0.2327177
pthreads,51200000,10,5,9.931385369999589,0.30185037,0.46550611,0.23264352
pthreads,51200000,11,0,10.129319312999996,0.30174975,0.46556129,0.23268896
pthreads,51200000,11,1,10.450914185999864,0.30179563,0.46563674,0.23256764
pthreads,51200000,11,2,9.825500755000121,0.30180602,0.46550902,0.23268496
pthreads,51200000,11,3,10.00836088799997,0.3017625,0.4656074,0.2326301
pthreads,51200000,11,4,10.02545506100023,0.30179484,0.465469,0.23273615
pthreads,51200000,11,5,9.838622559999749,0.30181539,0.46552428,0.23266033
pthreads,51200000,12,0,10.317853649999961,0.30178488,0.46552725,0.23268787
pthreads,51200000,12,1,10.246581833999699,0.30179785,0.46562553,0.23257662
pthreads,51200000,12,2,10.052790607000134,0.30181406,0.46547334,0.2327126
pthreads,51200000,12,3,10.107953551000264,0.30176518,0.46559242,0.2326424
pthreads,51200000,12,4,10.349596314000337,0.30176584,0.46553568,0.23269848
pthreads,51200000,12,5,10.181517829999848,0.30183441,0.46548432,0.23268127
pthreads,66400000,1,0,4.536526403000153,0.30177373,0.46558235,0.23264392
pthreads,66400000,1,1,4.5302459290001025,0.30176779,0.46560108,0.23263113
pthreads,66400000,1,2,4.493774122999639,0.30178364,0.46556461,0.23265175
pthreads,66400000,1,3,4.5321522879999065,0.30178605,0.46554514,0.23266881
pthreads,66400000,1,4,4.539704137000172,0.30175709,0.46559142,0.23265149
pthreads,66400000,1,5,4.5073639120000735,0.30176164,0.46558709,0.23265127
pthreads,66400000,2,0,4.764642181999989,0.30176782,0.46557965,0.23265253
pthreads,66400000,2,1,4.72451979599964,0.30176498,0.46561596,0.23261905
pthreads,66400000,2,2,4.704318145000343,0.30177358,0.46559024,0.23263617
pthreads,66400000,2,3,4.696196432999841,0.30177479,0.4655641,0.23266111
pthreads,66400000,2,4,4.720227399000123,0.301755,0.46560107,0.23264393
pthreads,66400000,2,5,4.715205816999969,0.30178185,0.46556425,0.2326539
pthreads,66400000,3,0,5.335387431000072,0.30178724,0.46551896,0.2326938
pthreads,66400000,3,1,5.3855880920000345,0.30178858,0.46558983,0.23262158
pthreads,66400000,3,2,5.403030331000082,0.3017928,0.46554215,0.23266505
pthreads,66400000,3,3,5.385059940999781,0.30175631,0.46555384,0.23268985
pthreads,66400000,3,4,5.389222090000203,0.30178991,0.46554002,0.23267008
pthreads,66400000,3,5,5.333627084999989,0.30180033,0.46554149,0.23265818
pthreads,66400000,4,0,6.020836748999955,0.30180056,0.46551735,0.23268209
pthreads,66400000,4,1,5.995536443000219,0.3017789,0.46559223,0.23262887
pthreads,66400000,4,2,5.985113634999834,0.3018034,0.46557797,0.23261863
pthreads,66400000,4,3,6.008105431000331,0.30178152,0.46555032,0.23266816
pthreads,66400000,4,4,6.000606067999797,0.30175401,0.46559949,0.23264651
pthreads,66400000,4,5,6.007334028000059,0.30177688,0.4655877,0.23263542
pthreads,66400000,5,0,6.5811627859998225,0.30179864,0.46553907,0.23266229
pthreads,66400000,5,1,6.581977672999983,0.30176422,0.46563151,0.23260428
pthreads,66400000,5,2,6.560728000999916,0.30177197,0.46555161,0.23267642
pthreads,66400000,5,3,6.577314922000369,0.30177358,0.46555752,0.2326689
pthreads,66400000,5,4,6.549481216000004,0.30176538,0.46559497,0.23263965
pthreads,66400000,5,5,6.552754045999791,0.30180506,0.46554062,0.23265432
pthreads,66400000,6,0,7.3418724819998715,0.30180116,0.46548548,0.23271336
pthreads,66400000,6,1,7.425001694999992,0.30177199,0.46563197,0.23259604
pthreads,66400000,6,2,7.420531222999671,0.30178593,0.46557684,0.23263723
pthreads,66400000,6,3,7.456293612000081,0.3017827,0.46555044,0.23266687
pthreads,66400000,6,4,7.40845261000004,0.30179334,0.46556453,0.23264212
pthreads,66400000,6,5,7.440239918000316,0.3018092,0.46552706,0.23266373
pthreads,66400000,7,0,10.804335699000148,0.30178627,0.46552429,0.23268944
pthreads,66400000,7,1,10.73779611100008,0.30175952,0.46564038,0.23260011
pthreads,66400000,7,2,10.773115416999644,0.30180471,0.46556648,0.23262881
pthreads,66400000,7,3,10.838997384999857,0.30180756,0.46549095,0.23270149
pthreads,66400000,7,4,10.924485986000036,0.30180568,0.4655459,0.23264842
pthreads,66400000,7,5,10.834970761999557,0.30178864,0.4655523,0.23265905
pthreads,66400000,8,0,12.565451958000267,0.30175325,0.46550599,0.23274075
pthreads,66400000,8,1,12.92514095300021,0.30178514,0.46562066,0.2325942
pthreads,66400000,8,2,12.618356029000097,0.30179791,0.46553994,0.23266215
pthreads,66400000,8,3,12.524720528999751,0.30178664,0.46551482,0.23269854
pthreads,66400000,8,4,12.2521282040002,0.30180482,0.46550179,0.23269339
pthreads,66400000,8,5,12.279431257999931,0.30180339,0.46554331,0.2326533
pthreads,66400000,9,0,12.661179513000206,0.30179971,0.46549235,0.23270794
pthreads,66400000,9,1,12.68314958100018,0.30175745,0.46563893,0.23260361
pthreads,66400000,9,2,12.673163948000365,0.30179991,0.46554178,0.23265831
pthreads,66400000,9,3,12.707489308000277,0.3017681,0.4655736,0.2326583
pthreads,66400000,9,4,12.525634268999966,0.30183697,0.46544578,0.23271724
pthreads,66400000,9,5,12.747970848000023,0.30180571,0.46556059,0.2326337
pthreads,66400000,10,0,12.957645383,0.30180875,0.46549633,0.23269492
pthreads,66400000,10,1,13.124389198000245,0.30175078,0.46566605,0.23258316
pthreads,66400000,10,2,12.908952135000163,0.30182006,0.46548899,0.23269095
pthreads,66400000,10,3,12.92782031500019,0.30177666,0.46554548,0.23267786
pthreads,66400000,10,4,12.85904633500013,0.30182458,0.46544631,0.23272911
pthreads,66400000,10,5,12.939608012999997,0.30179367,0.46557943,0.2326269
pthreads,66400000,11,0,13.143179117000273,0.30179602,0.46551946,0.23268452
pthreads,66400000,11,1,13.048228962999929,0.30177596,0.46566756,0.23255648
pthreads,66400000,11,2,13.078807853999933,0.30179718,0.46550429,0.23269852
pthreads,66400000,11,3,13.282032419999723,0.30177273,0.4655511,0.23267617
pthreads,66400000,11,4,13.01951058900022,0.30182667,0.4654294,0.23274393
pthreads,66400000,11,5,13.083696470999712,0.30180514,0.46557886,0.23261601
pthreads,66400000,12,0,13.336991693000073,0.30176212,0.46557654,0.23266134
pthreads,66400000,12,1,14.00201044000005,0.30177304,0.46563258,0.23259438
pthreads,66400000,12,2,13.260591929999919,0.30179586,0.46553199,0.23267215
pthreads,66400000,12,3,13.2635975029998,0.30177474,0.46553527,0.23268998
pthreads,66400000,12,4,13.25183172700008,0.30182351,0.46545218,0.23272431
pthreads,66400000,12,5,13.255894061000163,0.30181163,0.46553854,0.23264983
mpi,100000,1,0,0.318408862999604,0.3023,0.46462,0.23308
mpi,100000,1,1,0.320423158000267,0.3038,0.46482,0.23138
mpi,100000,1,2,0.3198210539999309,0.30377,0.46422,0.23201
mpi,100000,1,3,0.3201670190001096,0.30223,0.4637,0.23407
mpi,100000,1,4,0.31986794600015855,0.30201,0.46557,0.23242
mpi,100000,1,5,0.3191411339998922,0.29851,0.46869,0.2328
mpi,100000,2,0,0.3204713449999872,0.29994,0.46401,0.23605
mpi,100000,2,1,0.32264290300008724,0.30271,0.46636,0.23093
mpi,100000,2,2,0.3248340059999464,0.30218,0.46465,0.23317
mpi,100000,2,3,0.3238164939998569,0.29996,0.46507,0.23497
mpi,100000,2,4,0.3189707940000517,0.30207,0.46542,0.23251
mpi,100000,2,5,0.3164595830003236,0.30075,0.46608,0.23317
mpi,100000,3,0,0.3287042849997306,0.30136,0.4648,0.23384
mpi,100000,3,1,0.3236702700000933,0.303,0.46566,0.23134
mpi,100000,3,2,0.32444677199964644,0.30087,0.46724,0.23189
mpi,100000,3,3,0.32682687000033184,0.30004,0.4661,0.23386
mpi,100000,3,4,0.32440070299981016,0.30272,0.4644,0.23288
mpi,100000,3,5,0.3241996070000823,0.30392,0.46443,0.23165
mpi,100000,4,0,0.32382472900007997,0.30289,0.46354,0.23357
mpi,100000,4,1,0.32877516799999285,0.30258,0.4677,0.22972
mpi,100000,4,2,0.33242207300008886,0.30113,0.46622,0.23265
mpi,100000,4,3,0.3316729640000631,0.30244,0.46549,0.23207
mpi,100000,4,4,0.3271803229999932,0.30249,0.46364,0.23387
mpi,100000,4,5,0.3248425869996936,0.30323,0.46403,0.23274
mpi,100000,5,0,0.3319678279999607,0.30333,0.46459,0.23208
mpi,100000,5,1,0.32741165700008423,0.30333,0.46563,0.23104
mpi,100000,5,2,0.3283889670001372,0.30083,0.46543,0.23374
mpi,100000,5,3,0.33177173600006427,0.30204,0.46598,0.23198
mpi,100000,5,4,0.331267988000036,0.30314,0.46332,0.23354
mpi,100000,5,5,0.3355659439998817,0.30353,0.46393,0.23254
mpi,100000,6,0,0.33721436499990887,0.30332,0.46578,0.2309
mpi,100000,6,1,0.33657343699997,0.3042,0.46478,0.23102
mpi,100000,6,2,0.33649521400002413,0.30183,0.46607,0.2321
mpi,100000,6,3,0.33843916400019225,0.30218,0.46617,0.23165
mpi,100000,6,4,0.3355134230000658,0.30242,0.46355,0.23403
mpi,100000,6,5,0.3367976159997852,0.30342,0.4638,0.23278
mpi,100000,7,0,0.3458995440000763,0.30165,0.46678,0.23157
mpi,100000,7,1,0.3398163279998698,0.3027,0.46488,0.23242
mpi,100000,7,2,0.3428686559996095,0.30065,0.46616,0.23319
mpi,100000,7,3,0.3395640349999667,0.30185,0.4655,0.23265
mpi,100000,7,4,0.339486461999968,0.30189,0.46402,0.23409
mpi,100000,7,5,0.33584076199986157,0.30354,0.46406,0.2324
mpi,100000,8,0,0.339232438000181,0.30138,0.46714,0.23148
mpi,100000,8,1,0.3483866080000553,0.30355,0.46354,0.23291
mpi,100000,8,2,0.34065156899987414,0.30056,0.46625,0.23319
mpi,100000,8,3,0.3476807069996539,0.30265,0.46475,0.2326
mpi,100000,8,4,0.34331215400015935,0.3025,0.46334,0.23416
mpi,100000,8,5,0.3436965210003109,0.30382,0.46401,0.23217
mpi,100000,9,0,0.34423674399977244,0.30123,0.46692,0.23185
mpi,100000,9,1,0.34824884299996484,0.3028,0.4647,0.2325
mpi,100000,9,2,0.35188772000037716,0.30165,0.46599,0.23236
mpi,100000,9,3,0.3440571649998674,0.30261,0.46413,0.23326
mpi,100000,9,4,0.347963152000375,0.30223,0.46362,0.23415
mpi,100000,9,5,0.34793699899955755,0.30354,0.46421,0.23225
mpi,100000,10,0,0.3527699239998583,0.30109,0.46723,0.23168
mpi,100000,10,1,0.35520941899994796,0.30239,0.4647,0.23291
mpi,100000,10,2,0.3557715729998563,0.30265,0.46534,0.23201
mpi,100000,10,3,0.3593121029998656,0.30239,0.46581,0.2318
mpi,100000,10,4,0.3533108980000179,0.30219,0.4637,0.23411
mpi,100000,10,5,0.35009434099993086,0.30346,0.46391,0.23263
mpi,100000,11,0,0.46807070300019404,0.30208,0.46602,0.2319
mpi,100000,11,1,0.3929747669999415,0.30192,0.46582,0.23226
mpi,100000,11,2,0.3833117750000383,0.30283,0.4648,0.23237
mpi,100000,11,3,0.39542348700024377,0.30283,0.46616,0.23101
mpi,100000,11,4,0.3877885309998419,0.30217,0.46342,0.23441
mpi,100000,11,5,0.38368458600007216,0.3033,0.46345,0.23325
mpi,100000,12,0,0.39525108599991654,0.30138,0.46577,0.23285
mpi,100000,12,1,0.3837771889998294,0.30236,0.46529,0.23235
mpi,100000,12,2,0.4042059270000209,0.30275,0.46539,0.23186
mpi,100000,12,3,0.3994156489998204,0.30311,0.46524,0.23165
mpi,100000,12,4,0.3890003559999968,0.303,0.46207,0.23493
mpi,100000,12,5,0.3949368839998897,0.30336,0.46326,0.23338
mpi,200000,1,0,0.3279317270003048,0.301555,0.46547,0.232975
mpi,200000,1,1,0.323885367999992,0.302645,0.46438,0.232975
mpi,200000,1,2,0.32362187399985487,0.302755,0.46481,0.232435
mpi,200000,1,3,0.3277606090000518,0.301055,0.46473,0.234215
mpi,200000,1,4,0.32813092700007473,0.30147,0.465715,0.232815
mpi,200000,1,5,0.32745887000010043,0.300405,0.46723,0.232365
mpi,200000,2,0,0.32122194399971704,0.30171,0.464145,0.234145
mpi,200000,2,1,0.3233659100001205,0.303385,0.464765,0.23185
mpi,200000,2,2,0.32363328500014177,0.30341,0.464465,0.232125
mpi,200000,2,3,0.324517028000173,0.30081,0.46566,0.23353
mpi,200000,2,4,0.32379204899962133,0.301935,0.46438,0.233685
mpi,200000,2,5,0.319148364999819,0.300545,0.466355,0.2331
mpi,200000,3,0,0.3258310729997902,0.30117,0.464275,0.234555
mpi,200000,3,1,0.32768212300015875,0.301375,0.466075,0.23255
mpi,200000,3,2,0.3301085379998767,0.302235,0.464545,0.23322
mpi,200000,3,3,0.32394804500017926,0.300165,0.465975,0.23386
mpi,200000,3,4,0.32826170399994226,0.30198,0.46547,0.23255
mpi,200000,3,5,0.3277528660000826,0.301715,0.465595,0.23269
mpi,200000,4,0,0.32969297499994354,0.3001,0.46562,0.23428
mpi,200000,4,1,0.3315749839998716,0.301895,0.465925,0.23218
mpi,200000,4,2,0.3263041120003436,0.301905,0.4647,0.233395
mpi,200000,4,3,0.3287471240000741,0.301465,0.465385,0.23315
mpi,200000,4,4,0.3316951560000234,0.301595,0.46572,0.232685
mpi,200000,4,5,0.3272718299999724,0.302215,0.46607,0.231715
mpi,200000,5,0,0.331513762999748,0.3012,0.46551,0.23329
mpi,200000,5,1,0.33040827500008163,0.30222,0.46575,0.23203
mpi,200000,5,2,0.33323311700041813,0.301505,0.46614,0.232355
mpi,200000,5,3,0.3355211319999398,0.302325,0.464835,0.23284
mpi,200000,5,4,0.3311775699999089,0.30243,0.464115,0.233455
mpi,200000,5,5,0.3287738150002042,0.30291,0.46562,0.23147
mpi,200000,6,0,0.3363758529999359,0.301215,0.466475,0.23231
mpi,200000,6,1,0.33678703099985796,0.303065,0.464575,0.23236
mpi,200000,6,2,0.33637933299996803,0.30235,0.46619,0.23146
mpi,200000,6,3,0.3342425710002317,0.30286,0.46467,0.23247
mpi,200000,6,4,0.3363883120000537,0.302145,0.46371,0.234145
mpi,200000,6,5,0.33714197900008,0.303595,0.46501,0.231395
mpi,200000,7,0,0.339196525999796,0.301785,0.46623,0.231985
mpi,200000,7,1,0.3452055779998773,0.303615,0.465265,0.23112
mpi,200000,7,2,0.3417790429998604,0.301475,0.465995,0.23253
mpi,200000,7,3,0.336680688999877,0.30245,0.46433,0.23322
mpi,200000,7,4,0.33625524799981577,0.30195,0.46375,0.2343
mpi,200000,7,5,0.34259349500007374,0.30253,0.465415,0.232055
mpi,200000,8,0,0.3426771809999991,0.30127,0.466585,0.232145
mpi,200000,8,1,0.34543306600016876,0.30317,0.46549,0.23134
mpi,200000,8,2,0.34345354500010217,0.3011,0.465705,0.233195
mpi,200000,8,3,0.34420880500010753,0.30258,0.464885,0.232535
mpi,200000,8,4,0.347532443000091,0.30199,0.463485,0.234525
mpi,200000,8,5,0.34403220600006534,0.302965,0.464595,0.23244
mpi,200000,9,0,0.34843778599997677,0.302115,0.466055,0.23183
mpi,200000,9,1,0.35220566899988626,0.30235,0.465355,0.232295
mpi,200000,9,2,0.3524925040001108,0.3016,0.46507,0.23333
mpi,200000,9,3,0.34719004699991274,0.302295,0.46501,0.232695
mpi,200000,9,4,0.3466836059997149,0.301855,0.46389,0.234255
mpi,200000,9,5,0.3488619189997735,0.30262,0.46437,0.23301
mpi,200000,10,0,0.34872014199982004,0.30226,0.46597,0.23177
mpi,200000,10,1,0.35546691800027475,0.30275,0.465245,0.232005
mpi,200000,10,2,0.3555489399996077,0.302085,0.464405,0.23351
mpi,200000,10,3,0.3564206410001134,0.301755,0.465955,0.23229
mpi,200000,10,4,0.35263678100000106,0.302415,0.46412,0.233465
mpi,200000,10,5,0.35060190600006536,0.30269,0.464175,0.233135
mpi,200000,11,0,0.38379773199994816,0.30233,0.46502,0.23265
mpi,200000,11,1,0.37141878900001757,0.30291,0.46533,0.23176
mpi,200000,11,2,0.3714998279997417,0.30216,0.464665,0.233175
mpi,200000,11,3,0.37624698099989473,0.30177,0.465815,0.232415
mpi,200000,11,4,0.39647484099987196,0.302465,0.46388,0.233655
mpi,200000,11,5,0.39145951099999365,0.30226,0.46343,0.23431
mpi,200000,12,0,0.39957436299982874,0.30208,0.46517,0.23275
mpi,200000,12,1,0.41157269599989377,0.30258,0.4656,0.23182
mpi,200000,12,2,0.39271142699999473,0.30192,0.46462,0.23346
mpi,200000,12,3,0.3803639170000679,0.302135,0.46528,0.232585
mpi,200000,12,4,0.39909406100014166,0.302915,0.46317,0.233915
mpi,200000,12,5,0.3794168780000291,0.302355,0.46311,0.234535
mpi,400000,1,0,0.3359018579999429,0.3021475,0.4652225,0.23263
mpi,400000,1,1,0.33610368199970253,0.302245,0.4652525,0.2325025
mpi,400000,1,2,0.3374173509996581,0.30214,0.4648625,0.2329975
mpi,400000,1,3,0.3387367400000585,0.30183,0.46524,0.23293
mpi,400000,1,4,0.33976708499994857,0.3009575,0.465745,0.2332975
mpi,400000,1,5,0.3439531240001088,0.30021,0.466435,0.233355
mpi,400000,2,0,0.33102277399984814,0.3014825,0.4644775,0.23404
mpi,400000,2,1,0.33262144399986937,0.3029625,0.464485,0.2325525
mpi,400000,2,2,0.332502353000109,0.3023275,0.46509,0.2325825
mpi,400000,2,3,0.33169716000020344,0.300985,0.465955,0.23306
mpi,400000,2,4,0.33159853300003306,0.3012575,0.4649375,0.233805
mpi,400000,2,5,0.3284334180002588,0.3014025,0.465655,0.2329425
mpi,400000,3,0,0.32780951799986724,0.3017575,0.4647,0.2335425
mpi,400000,3,1,0.33126307600014115,0.3020875,0.4653075,0.232605
mpi,400000,3,2,0.3281970180000826,0.3027275,0.46448,0.2327925
mpi,400000,3,3,0.33433759699983057,0.3007675,0.4660825,0.23315
mpi,400000,3,4,0.33409341999958997,0.302,0.46539,0.23261
mpi,400000,3,5,0.33590126400031295,0.30173,0.4657025,0.2325675
mpi,400000,4,0,0.33977323999988585,0.30152,0.464865,0.233615
mpi,400000,4,1,0.33344934099977763,0.3020775,0.4652575,0.232665
mpi,400000,4,2,0.33069593199979863,0.3026575,0.46423,0.2331125
mpi,400000,4,3,0.33194049599978825,0.301225,0.4660925,0.2326825
mpi,400000,4,4,0.33467419199996584,0.302085,0.4649725,0.2329425
mpi,400000,4,5,0.3366769850003948,0.3018325,0.465525,0.2326425
mpi,400000,5,0,0.3359485699998004,0.3011075,0.4658475,0.233045
mpi,400000,5,1,0.3365423010000086,0.3021475,0.4652475,0.232605
mpi,400000,5,2,0.33491749499989965,0.3025475,0.4648075,0.232645
mpi,400000,5,3,0.33726890799971443,0.30087,0.4663125,0.2328175
mpi,400000,5,4,0.3356990389997918,0.3023675,0.46471,0.2329225
mpi,400000,5,5,0.3311549529998956,0.3017775,0.465725,0.2324975
mpi,400000,6,0,0.3355101420002029,0.3012675,0.4658175,0.232915
mpi,400000,6,1,0.33996959399974,0.3021825,0.4649425,0.232875
mpi,400000,6,2,0.3353871179997441,0.3024375,0.465175,0.2323875
mpi,400000,6,3,0.33715922900000805,0.3014525,0.46571,0.2328375
mpi,400000,6,4,0.3391243040000518,0.3014525,0.46574,0.2328075
mpi,400000,6,5,0.3356945989999076,0.301815,0.4662675,0.2319175
mpi,400000,7,0,0.33950944399975924,0.3007825,0.465905,0.2333125
mpi,400000,7,1,0.34564578599974993,0.30191,0.46525,0.23284
mpi,400000,7,2,0.34810737499992683,0.3018675,0.465285,0.2328475
mpi,400000,7,3,0.34361025799989875,0.3015175,0.46565,0.2328325
mpi,400000,7,4,0.3387446970000383,0.301415,0.46536,0.233225
mpi,400000,7,5,0.343429068000205,0.301845,0.466895,0.23126
mpi,400000,8,0,0.34810687600020174,0.300255,0.466775,0.23297
mpi,400000,8,1,0.34775192300003255,0.3023425,0.4652125,0.232445
mpi,400000,8,2,0.34703785600004267,0.3016425,0.4656575,0.2327
mpi,400000,8,3,0.3478190999999242,0.3019175,0.46555,0.2325325
mpi,400000,8,4,0.3439030540002932,0.3016225,0.46504,0.2333375
mpi,400000,8,5,0.3488612359997205,0.30168,0.466465,0.231855
mpi,400000,9,0,0.3465152579997266,0.3009575,0.46621,0.2328325
mpi,400000,9,1,0.3517235469998923,0.3028725,0.464595,0.2325325
mpi,400000,9,2,0.35338948800017533,0.3015975,0.46585,0.2325525
mpi,400000,9,3,0.351226219000182,0.302275,0.46513,0.232595
mpi,400000,9,4,0.34838149000006524,0.3016275,0.46475,0.2336225
mpi,400000,9,5,0.34672198599992043,0.3018475,0.4659575,0.232195
mpi,400000,10,0,0.35117261899995356,0.3012325,0.4659275,0.23284
mpi,400000,10,1,0.3518538200000876,0.3026275,0.46461,0.2327625
mpi,400000,10,2,0.35248437000018384,0.301605,0.46599,0.232405
mpi,400000,10,3,0.3560527990002811,0.3024325,0.4651475,0.23242
mpi,400000,10,4,0.35211092600002303,0.3016625,0.464515,0.2338225
mpi,400000,10,5,0.3591243559999384,0.301985,0.465755,0.23226
mpi,400000,11,0,0.37976209599992217,0.30176,0.46526,0.23298
mpi,400000,11,1,0.3800304149999647,0.3028425,0.4644,0.2327575
mpi,400000,11,2,0.38394206799966923,0.301935,0.465665,0.2324
mpi,400000,11,3,0.37997745600023336,0.3025725,0.4648975,0.23253
mpi,400000,11,4,0.375920029000099,0.3016,0.4645225,0.2338775
mpi,400000,11,5,0.3916381310000361,0.302255,0.4649975,0.2327475
mpi,400000,12,0,0.3839353069997742,0.301665,0.465265,0.23307
mpi,400000,12,1,0.39582251499996346,0.3028675,0.4645275,0.232605
mpi,400000,12,2,0.38578954800004794,0.3017275,0.4659375,0.232335
mpi,400000,12,3,0.3829633529999228,0.3028075,0.4646125,0.23258
mpi,400000,12,4,0.3871851690000767,0.3016775,0.4644525,0.23387
mpi,400000,12,5,0.3883288699998957,0.3023925,0.464915,0.2326925
mpi,800000,1,0,0.3605588479999824,0.302055,0.465475,0.23247
mpi,800000,1,1,0.3673314970001229,0.302545,0.46566625,0.23178875
mpi,800000,1,2,0.36263391500006037,0.30242,0.46414875,0.23343125
mpi,800000,1,3,0.3613761940000586,0.30171625,0.46583,0.23245375
mpi,800000,1,4,0.3635291629998392,0.3007925,0.4657075,0.2335
mpi,800000,1,5,0.36836167399997066,0.30113125,0.4656725,0.23319625
mpi,800000,2,0,0.34065656899974783,0.301325,0.465005,0.23367
mpi,800000,2,1,0.3432059599999775,0.30266375,0.46493625,0.2324
mpi,800000,2,2,0.34440314099992975,0.301635,0.46560125,0.23276375
mpi,800000,2,3,0.33950350599980084,0.30125125,0.46568,0.23306875
mpi,800000,2,4,0.3445120780002071,0.30083,0.4653275,0.2338425
mpi,800000,2,5,0.34777142300026753,0.30122875,0.4655,0.23327125
mpi,800000,3,0,0.339815352000187,0.3015225,0.4655325,0.232945
mpi,800000,3,1,0.3392591180004274,0.302235,0.465295,0.23247
mpi,800000,3,2,0.34052061400007005,0.30214375,0.4649425,0.23291375
mpi,800000,3,3,0.34319424799969056,0.30111,0.466005,0.232885
mpi,800000,3,4,0.34396868799967706,0.302265,0.46491875,0.23281625
mpi,800000,3,5,0.34023143099966546,0.302015,0.4653025,0.2326825
mpi,800000,4,0,0.3426729800003159,0.30128875,0.46521625,0.233495
mpi,800000,4,1,0.3373990589998357,0.302545,0.46487875,0.23257625
mpi,800000,4,2,0.3398399679999784,0.3017025,0.465075,0.2332225
mpi,800000,4,3,0.3392698070001643,0.3010675,0.465975,0.2329575
mpi,800000,4,4,0.335956134999833,0.301725,0.46527875,0.23299625
mpi,800000,4,5,0.34087747299963667,0.30212125,0.46488375,0.232995
mpi,800000,5,0,0.3393580749998364,0.3013725,0.4654275,0.2332
mpi,800000,5,1,0.33954229099981603,0.3025575,0.46489625,0.23254625
mpi,800000,5,2,0.3400632470002165,0.30215875,0.46515875,0.2326825
mpi,800000,5,3,0.33558914799959894,0.30090375,0.4663525,0.23274375
mpi,800000,5,4,0.33587323599977026,0.30222,0.465145,0.232635
mpi,800000,5,5,0.340597205999984,0.3016575,0.46546,0.2328825
mpi,800000,6,0,0.3416310119996524,0.301785,0.46549625,0.23271875
mpi,800000,6,1,0.34414060199969754,0.30225125,0.46454375,0.233205
mpi,800000,6,2,0.33889679799995065,0.30257625,0.4652025,0.23222125
mpi,800000,6,3,0.3410175099998014,0.3013975,0.466325,0.2322775
mpi,800000,6,4,0.3457913429997461,0.30181625,0.46574625,0.2324375
mpi,800000,6,5,0.34019168299982994,0.3013325,0.46612,0.2325475
mpi,800000,7,0,0.34851400599973203,0.301345,0.466095,0.23256
mpi,800000,7,1,0.3463395359999595,0.30258625,0.46448875,0.232925
mpi,800000,7,2,0.3438055890001124,0.30248625,0.46516875,0.232345
mpi,800000,7,3,0.34510541500003455,0.30135125,0.46628375,0.232365
mpi,800000,7,4,0.34328746399978627,0.30191375,0.46540875,0.2326775
mpi,800000,7,5,0.3446124189999864,0.30071125,0.46671,0.23257875
mpi,800000,8,0,0.3491373859997111,0.30142875,0.46616,0.23241125
mpi,800000,8,1,0.34785636500009787,0.30233375,0.46458625,0.23308
mpi,800000,8,2,0.3438389900002221,0.3018525,0.46552375,0.23262375
mpi,800000,8,3,0.3563065270000152,0.30142625,0.4660425,0.23253125
mpi,800000,8,4,0.351632754000093,0.3021975,0.46484,0.2329625
mpi,800000,8,5,0.3516636050003399,0.30114,0.46600375,0.23285625
mpi,800000,9,0,0.3513114269999278,0.301475,0.46593125,0.23259375
mpi,800000,9,1,0.35717096000007587,0.302645,0.4645025,0.2328525
mpi,800000,9,2,0.3520708480000394,0.30205375,0.4652175,0.23272875
mpi,800000,9,3,0.35956112399981066,0.30143875,0.465575,0.23298625
mpi,800000,9,4,0.3561159440000665,0.3020875,0.46508875,0.23282375
mpi,800000,9,5,0.3512281750004149,0.3011375,0.46590125,0.23296125
mpi,800000,10,0,0.35171712100009245,0.3011475,0.466165,0.2326875
mpi,800000,10,1,0.3517482860002019,0.30248625,0.46480125,0.2327125
mpi,800000,10,2,0.3521226329999081,0.30205,0.46543625,0.23251375
mpi,800000,10,3,0.3559241610000754,0.30163,0.46566125,0.23270875
mpi,800000,10,4,0.35969927400037705,0.3018075,0.46522,0.2329725
mpi,800000,10,5,0.35229547900007674,0.30147125,0.4656675,0.23286125
mpi,800000,11,0,0.39609477499971035,0.3014175,0.4656125,0.23297
mpi,800000,11,1,0.37979942199990546,0.3026275,0.4647825,0.23259
mpi,800000,11,2,0.3724578000001202,0.30219375,0.46539875,0.2324075
mpi,800000,11,3,0.39182373600033316,0.30172,0.4656175,0.2326625
mpi,800000,11,4,0.3797208139999384,0.3017225,0.4653575,0.23292
mpi,800000,11,5,0.39627988100028233,0.30144,0.4657,0.23286
mpi,800000,12,0,0.3840691129998959,0.3011375,0.46576125,0.23310125
mpi,800000,12,1,0.38334041300004174,0.302285,0.465195,0.23252
mpi,800000,12,2,0.384674380999968,0.30178,0.4655375,0.2326825
mpi,800000,12,3,0.4028366350003125,0.30193375,0.46530625,0.23276
mpi,800000,12,4,0.39221983400011595,0.3016475,0.465575,0.2327775
mpi,800000,12,5,0.4034924200000205,0.30170875,0.4656475,0.23264375
mpi,1600000,1,0,0.4080798820000382,0.30205188,0.46525688,0.23269125
mpi,1600000,1,1,0.41046112599997286,0.30189625,0.46593375,0.23217
mpi,1600000,1,2,0.4093576329996722,0.30236438,0.46446437,0.23317125
mpi,1600000,1,3,0.40783091599996624,0.3022875,0.465425,0.2322875
mpi,1600000,1,4,0.4079065220003031,0.30135375,0.46535312,0.23329312
mpi,1600000,1,5,0.4082443360002799,0.30166,0.46555812,0.23278187
mpi,1600000,2,0,0.36377674400000615,0.30173125,0.46534813,0.23292062
mpi,1600000,2,1,0.36425371099994663,0.30258875,0.46537125,0.23204
mpi,1600000,2,2,0.3630310260000442,0.30193063,0.4651375,0.23293188
mpi,1600000,2,3,0.3648864589999903,0.3015125,0.465845,0.2326425
mpi,1600000,2,4,0.36373458100024436,0.30108187,0.46547187,0.23344625
mpi,1600000,2,5,0.3642335939998702,0.30158313,0.46549125,0.23292562
mpi,1600000,3,0,0.35141706100012016,0.30160313,0.46565125,0.23274563
mpi,1600000,3,1,0.3527807410000605,0.3026325,0.46545625,0.23191125
mpi,1600000,3,2,0.3506623319999562,0.30180875,0.46493563,0.23325562
mpi,1600000,3,3,0.3525721579999299,0.3012075,0.46612687,0.23266562
mpi,1600000,3,4,0.35600899300015953,0.301445,0.46567313,0.23288187
mpi,1600000,3,5,0.35253099200008364,0.30173125,0.46533625,0.2329325
mpi,1600000,4,0,0.34909197999968455,0.3012925,0.46566062,0.23304687
mpi,1600000,4,1,0.3498059779999494,0.30246,0.46516937,0.23237062
mpi,1600000,4,2,0.3517093179998483,0.3013375,0.46542875,0.23323375
mpi,1600000,4,3,0.3763765830003649,0.30153625,0.46580938,0.23265437
mpi,1600000,4,4,0.3487740420000591,0.30160938,0.46548125,0.23290938
mpi,1600000,4,5,0.3513285429999087,0.30184,0.4650075,0.2331525
mpi,1600000,5,0,0.3493242040003679,0.30164062,0.46559375,0.23276563
mpi,1600000,5,1,0.3466002669997579,0.30208062,0.46525563,0.23266375
mpi,1600000,5,2,0.3490824089999478,0.3015125,0.46518437,0.23330313
mpi,1600000,5,3,0.3487556059999406,0.30155625,0.4658175,0.23262625
mpi,1600000,5,4,0.3493684340000982,0.30217625,0.46504187,0.23278187
mpi,1600000,5,5,0.34877789900019707,0.30181938,0.46517562,0.233005
mpi,1600000,6,0,0.34645015900014187,0.3018325,0.46562188,0.23254563
mpi,1600000,6,1,0.35328378600024735,0.3020375,0.46515625,0.23280625
mpi,1600000,6,2,0.35249016800025856,0.30176063,0.4654825,0.23275688
mpi,1600000,6,3,0.35131912199994986,0.30174625,0.46607125,0.2321825
mpi,1600000,6,4,0.34802413500028706,0.30199625,0.46507938,0.23292437
mpi,1600000,6,5,0.35182860100030666,0.30160188,0.46553187,0.23286625
mpi,1600000,7,0,0.35183955499996955,0.30162062,0.46584687,0.2325325
mpi,1600000,7,1,0.3527169799999683,0.30211875,0.46523375,0.2326475
mpi,1600000,7,2,0.3549307719999888,0.30175937,0.46553937,0.23270125
mpi,1600000,7,3,0.35170662499967875,0.30146875,0.46616687,0.23236438
mpi,1600000,7,4,0.35300537200009785,0.30211063,0.46493125,0.23295812
mpi,1600000,7,5,0.3555465419999564,0.30147438,0.46564312,0.2328825
mpi,1600000,8,0,0.361843060999945,0.30167375,0.46595188,0.23237437
mpi,1600000,8,1,0.35818009600006917,0.30226125,0.46512562,0.23261313
mpi,1600000,8,2,0.3606621530002485,0.30151875,0.46579625,0.232685
mpi,1600000,8,3,0.3554588329998296,0.30143562,0.46619187,0.2323725
mpi,1600000,8,4,0.35220370799970624,0.30192,0.46514187,0.23293812
mpi,1600000,8,5,0.3561873439998635,0.30138687,0.46553813,0.233075
mpi,1600000,9,0,0.36043683799971404,0.30140937,0.46593563,0.232655
mpi,1600000,9,1,0.36396143399997527,0.30229688,0.4649825,0.23272062
mpi,1600000,9,2,0.3596616949998861,0.30162312,0.46574562,0.23263125
mpi,1600000,9,3,0.35627975400029754,0.30152563,0.46590562,0.23256875
mpi,1600000,9,4,0.3597612769999614,0.302125,0.46520438,0.23267062
mpi,1600000,9,5,0.35934701799988034,0.30149437,0.46552437,0.23298125
mpi,1600000,10,0,0.36762265200013644,0.30154125,0.4658825,0.23257625
mpi,1600000,10,1,0.35998233300006177,0.30238813,0.46493375,0.23267813
mpi,1600000,10,2,0.3640904030003185,0.30170063,0.46586875,0.23243063
mpi,1600000,10,3,0.36714324900003703,0.30151563,0.46578188,0.2327025
mpi,1600000,10,4,0.3609598419998292,0.30216938,0.46528375,0.23254687
mpi,1600000,10,5,0.3675015240000903,0.30158625,0.46569875,0.232715
mpi,1600000,11,0,0.3889568570002666,0.30152563,0.46587937,0.232595
mpi,1600000,11,1,0.39549308100004055,0.30239125,0.46490813,0.23270062
mpi,1600000,11,2,0.4116454539998813,0.30185688,0.46559312,0.23255
mpi,1600000,11,3,0.3876844129999881,0.30163875,0.4655975,0.23276375
mpi,1600000,11,4,0.3881591760000447,0.30176562,0.465545,0.23268938
mpi,1600000,11,5,0.38854827299974204,0.3015925,0.46579312,0.23261438
mpi,1600000,12,0,0.4010415990001093,0.30148562,0.4659975,0.23251688
mpi,1600000,12,1,0.391040342999986,0.302115,0.46498812,0.23289688
mpi,1600000,12,2,0.4004315239999414,0.30182562,0.46564875,0.23252563
mpi,1600000,12,3,0.4075387809998574,0.30143562,0.46579813,0.23276625
mpi,1600000,12,4,0.3891327139999703,0.301855,0.46542625,0.23271875
mpi,1600000,12,5,0.39534302599986404,0.30174688,0.46579938,0.23245375
mpi,3200000,1,0,0.5080755009998938,0.30188219,0.46519625,0.23292156
mpi,3200000,1,1,0.503987104999851,0.30166562,0.46626469,0.23206969
mpi,3200000,1,2,0.500095334999969,0.30199531,0.46506938,0.23293531
mpi,3200000,1,3,0.5037251409999044,0.3015975,0.46569531,0.23270719
mpi,3200000,1,4,0.503896265000094,0.30161594,0.46577344,0.23261062
mpi,3200000,1,5,0.5041900429996531,0.30189813,0.46541594,0.23268594
mpi,3200000,2,0,0.41620000900002196,0.3018875,0.46538281,0.23272969
mpi,3200000,2,1,0.4166888790000485,0.30183031,0.46597531,0.23219438
mpi,3200000,2,2,0.4154658830002518,0.30209656,0.46507,0.23283344
mpi,3200000,2,3,0.4358309650001502,0.30197406,0.46535031,0.23267562
mpi,3200000,2,4,0.41202235199989445,0.30152406,0.46548375,0.23299219
mpi,3200000,2,5,0.41572777600003974,0.30185125,0.46547594,0.23267281
mpi,3200000,3,0,0.3840842229997179,0.30174688,0.46580875,0.23244438
mpi,3200000,3,1,0.388448740000058,0.30240312,0.46583594,0.23176094
mpi,3200000,3,2,0.38701820100004625,0.30195125,0.46514437,0.23290437
mpi,3200000,3,3,0.38490772400018614,0.30184719,0.46554594,0.23260687
mpi,3200000,3,4,0.3830186570003207,0.30163812,0.4656225,0.23273937
mpi,3200000,3,5,0.3965965320003306,0.3018475,0.46526469,0.23288781
mpi,3200000,4,0,0.37484861000029923,0.3016175,0.46592031,0.23246219
mpi,3200000,4,1,0.3781490129999838,0.30246563,0.46553719,0.23199719
mpi,3200000,4,2,0.3741600500002278,0.30176531,0.46513656,0.23309812
mpi,3200000,4,3,0.3752479049999238,0.30189656,0.46567531,0.23242813
mpi,3200000,4,4,0.37621972599981746,0.30152937,0.46554031,0.23293031
mpi,3200000,4,5,0.37172031199997946,0.30193031,0.465135,0.23293469
mpi,3200000,5,0,0.3676146289999451,0.30163969,0.46589875,0.23246156
mpi,3200000,5,1,0.370844293999653,0.30230125,0.46554969,0.23214906
mpi,3200000,5,2,0.3708587380001518,0.30150906,0.46533625,0.23315469
mpi,3200000,5,3,0.369111225999859,0.30173062,0.46576156,0.23250781
mpi,3200000,5,4,0.3722154369997952,0.30168062,0.46557125,0.23274813
mpi,3200000,5,5,0.3691040929998053,0.30186656,0.46508688,0.23304656
mpi,3200000,6,0,0.3670119039998099,0.30187812,0.46566344,0.23245844
mpi,3200000,6,1,0.37152856800003065,0.3022325,0.46535031,0.23241719
mpi,3200000,6,2,0.37620975600020756,0.30138125,0.46556219,0.23305656
mpi,3200000,6,3,0.3721583339997778,0.30188531,0.46589094,0.23222375
mpi,3200000,6,4,0.368709528999716,0.30170344,0.46545281,0.23284375
mpi,3200000,6,5,0.37079970700006015,0.30169406,0.46541938,0.23288656
mpi,3200000,7,0,0.3715143619997434,0.30189813,0.46556,0.23254188
mpi,3200000,7,1,0.3728734629999053,0.30220406,0.46535469,0.23244125
mpi,3200000,7,2,0.3750135649997901,0.30146625,0.46575219,0.23278156
mpi,3200000,7,3,0.3717958879997241,0.30186438,0.46590781,0.23222781
mpi,3200000,7,4,0.3708350800002336,0.30180375,0.46541688,0.23277938
mpi,3200000,7,5,0.3729800910000449,0.30146031,0.46556406,0.23297562
mpi,3200000,8,0,0.37323649600011777,0.30190719,0.46568219,0.23241063
mpi,3200000,8,1,0.37025871400010146,0.30228344,0.46525406,0.2324625
mpi,3200000,8,2,0.3794907950000379,0.30104125,0.46609906,0.23285969
mpi,3200000,8,3,0.37197669299985137,0.30177906,0.46592031,0.23230063
mpi,3200000,8,4,0.3730435369998304,0.30182844,0.46531406,0.2328575
mpi,3200000,8,5,0.3666866050002682,0.30125375,0.46553219,0.23321406
mpi,3200000,9,0,0.3714962150002066,0.30202875,0.46542813,0.23254312
mpi,3200000,9,1,0.3757761609999761,0.30222625,0.46514875,0.232625
mpi,3200000,9,2,0.3717995849997351,0.30135062,0.46573844,0.23291094
mpi,3200000,9,3,0.3727359049998995,0.30170188,0.46576406,0.23253406
mpi,3200000,9,4,0.3714064299997517,0.30188281,0.46538094,0.23273625
mpi,3200000,9,5,0.37590485200007606,0.30143844,0.46540375,0.23315781
mpi,3200000,10,0,0.371988809999948,0.30199344,0.46551094,0.23249563
mpi,3200000,10,1,0.3797708890001559,0.30206937,0.4652575,0.23267313
mpi,3200000,10,2,0.3760506080002415,0.30152594,0.46565563,0.23281844
mpi,3200000,10,3,0.3720034640000449,0.30195563,0.4655275,0.23251688
mpi,3200000,10,4,0.37568620999991253,0.30206719,0.46520375,0.23272906
mpi,3200000,10,5,0.3760816540002452,0.30154344,0.46554969,0.23290688
mpi,3200000,11,0,0.4086508099999264,0.30197125,0.46553531,0.23249344
mpi,3200000,11,1,0.41181336299996474,0.30215469,0.46531906,0.23252625
mpi,3200000,11,2,0.3972751500000413,0.3016075,0.46576937,0.23262312
mpi,3200000,11,3,0.41022523599986016,0.30185125,0.465575,0.23257375
mpi,3200000,11,4,0.4247399350001615,0.30224125,0.46520625,0.2325525
mpi,3200000,11,5,0.40291055099987716,0.30158563,0.46554781,0.23286656
mpi,3200000,12,0,0.4109796549996645,0.30186812,0.46566844,0.23246344
mpi,3200000,12,1,0.40500360299984095,0.30187469,0.46560563,0.23251969
mpi,3200000,12,2,0.3909581950001666,0.30165188,0.46559719,0.23275094
mpi,3200000,12,3,0.399542972999825,0.30185375,0.46552437,0.23262188
mpi,3200000,12,4,0.41241102899994075,0.30218438,0.46527,0.23254563
mpi,3200000,12,5,0.408775420999973,0.30175969,0.46544094,0.23279938
mpi,6400000,1,0,0.6877960420001727,0.30172766,0.46577844,0.23249391
mpi,6400000,1,1,0.6882906609998827,0.30174797,0.46584969,0.23240234
mpi,6400000,1,2,0.6956911709999076,0.30191937,0.46516547,0.23291516
mpi,6400000,1,3,0.6956304999998792,0.30190203,0.46536344,0.23273453
mpi,6400000,1,4,0.6882632820002073,0.30157937,0.46584844,0.23257219
mpi,6400000,1,5,0.6958225839998704,0.30174156,0.46565812,0.23260031
mpi,6400000,2,0,0.5100265949999994,0.30196047,0.46507359,0.23296594
mpi,6400000,2,1,0.5101828340002612,0.30168563,0.46598187,0.2323325
mpi,6400000,2,2,0.5078982520003592,0.30187234,0.46531422,0.23281344
mpi,6400000,2,3,0.5119030789996941,0.30162062,0.46562297,0.23275641
mpi,6400000,2,4,0.5120662589997664,0.30183266,0.46535422,0.23281313
mpi,6400000,2,5,0.5120159170000989,0.30191625,0.46536109,0.23272266
mpi,6400000,3,0,0.45322455500036085,0.30187531,0.46558906,0.23253562
mpi,6400000,3,1,0.45152043799998864,0.30173109,0.46604219,0.23222672
mpi,6400000,3,2,0.4557731230001991,0.30188531,0.46526734,0.23284734
mpi,6400000,3,3,0.44847028000003775,0.30176406,0.46555797,0.23267797
mpi,6400000,3,4,0.45095698900013304,0.30173672,0.46579375,0.23246953
mpi,6400000,3,5,0.4484748079999008,0.30171016,0.46545469,0.23283516
mpi,6400000,4,0,0.4233001949996833,0.30164375,0.46599969,0.23235656
mpi,6400000,4,1,0.42960734400003275,0.30185234,0.46591063,0.23223703
mpi,6400000,4,2,0.4229857909999737,0.30189938,0.46525187,0.23284875
mpi,6400000,4,3,0.4235547450002741,0.30183328,0.46561453,0.23255219
mpi,6400000,4,4,0.4238912370001344,0.30167516,0.46556969,0.23275516
mpi,6400000,4,5,0.42302246200006266,0.30187516,0.46539938,0.23272547
mpi,6400000,5,0,0.4119558090001192,0.301595,0.46594062,0.23246438
mpi,6400000,5,1,0.40949763099979464,0.30199016,0.46584359,0.23216625
mpi,6400000,5,2,0.407509108999875,0.30178641,0.46522594,0.23298766
mpi,6400000,5,3,0.4122026059999371,0.30186969,0.46569344,0.23243687
mpi,6400000,5,4,0.4120809510000072,0.30163344,0.46553,0.23283656
mpi,6400000,5,5,0.41639021999981196,0.30185781,0.46524609,0.23289609
mpi,6400000,6,0,0.4214503590001186,0.30178203,0.46581,0.23240797
mpi,6400000,6,1,0.4060564480000721,0.30214078,0.46562375,0.23223547
mpi,6400000,6,2,0.40830317500012825,0.30164641,0.4653475,0.23300609
mpi,6400000,6,3,0.40397467000002507,0.30193469,0.46570594,0.23235938
mpi,6400000,6,4,0.40734674399982396,0.30171797,0.46531266,0.23296938
mpi,6400000,6,5,0.4089105749999362,0.30176734,0.46535156,0.23288109
mpi,6400000,7,0,0.42222878700022193,0.30175344,0.46578188,0.23246469
mpi,6400000,7,1,0.4012588380001034,0.30205984,0.46566687,0.23227328
mpi,6400000,7,2,0.41076608399998804,0.30167906,0.46547563,0.23284531
mpi,6400000,7,3,0.39531435200024134,0.30195734,0.46582187,0.23222078
mpi,6400000,7,4,0.40096185399988826,0.30171891,0.46536547,0.23291562
mpi,6400000,7,5,0.4202967430001081,0.30167516,0.46545016,0.23287469
mpi,6400000,8,0,0.40496380400009,0.30178172,0.46585312,0.23236516
mpi,6400000,8,1,0.399460554000143,0.30213594,0.46558719,0.23227687
mpi,6400000,8,2,0.40193325599966556,0.30152406,0.46561266,0.23286328
mpi,6400000,8,3,0.40023519099986515,0.30190109,0.46583391,0.232265
mpi,6400000,8,4,0.3932154350000019,0.30164875,0.46545734,0.23289391
mpi,6400000,8,5,0.39559754400033853,0.30162219,0.46537859,0.23299922
mpi,6400000,9,0,0.407119504000093,0.30186297,0.46571875,0.23241828
mpi,6400000,9,1,0.4002780430000712,0.30226297,0.46534156,0.23239547
mpi,6400000,9,2,0.3996473019997211,0.30151422,0.46570609,0.23277969
mpi,6400000,9,3,0.4001837739997427,0.3019175,0.46577047,0.23231203
mpi,6400000,9,4,0.4001236250001057,0.30160844,0.46563703,0.23275453
mpi,6400000,9,5,0.39879537199976767,0.30155437,0.46529953,0.23314609
mpi,6400000,10,0,0.39361363299985896,0.30190438,0.46570797,0.23238766
mpi,6400000,10,1,0.39413278900019577,0.30226172,0.46536172,0.23237656
mpi,6400000,10,2,0.4038700470000549,0.30146078,0.46582828,0.23271094
mpi,6400000,10,3,0.4124069320000672,0.30196,0.46568172,0.23235828
mpi,6400000,10,4,0.40374815199993463,0.30176766,0.46550844,0.23272391
mpi,6400000,10,5,0.4090177200000653,0.30163328,0.46538906,0.23297766
mpi,6400000,11,0,0.42328045799968095,0.30178031,0.46576688,0.23245281
mpi,6400000,11,1,0.4314320159996896,0.30219016,0.46545484,0.232355
mpi,6400000,11,2,0.4244437780002954,0.30149984,0.46578594,0.23271422
mpi,6400000,11,3,0.41934860799983653,0.30193359,0.46552953,0.23253688
mpi,6400000,11,4,0.4313576249996913,0.30174703,0.46564203,0.23261094
mpi,6400000,11,5,0.4132634899997356,0.30159812,0.46546297,0.23293891
mpi,6400000,12,0,0.4292223739998917,0.30190312,0.46557047,0.23252641
mpi,6400000,12,1,0.4280316370000037,0.30203891,0.46551625,0.23244484
mpi,6400000,12,2,0.44828961300027004,0.30144344,0.46569172,0.23286484
mpi,6400000,12,3,0.4316334589998405,0.30191187,0.46547,0.23261813
mpi,6400000,12,4,0.4360101049996956,0.30180438,0.46559812,0.2325975
mpi,6400000,12,5,0.4240153460000329,0.30165,0.4654475,0.2329025
mpi,12800000,1,0,1.0925480679998145,0.301795,0.46563547,0.23256953
mpi,12800000,1,1,1.0757492810002987,0.30172148,0.46575703,0.23252148
mpi,12800000,1,2,1.0757489759998862,0.30182641,0.46551406,0.23265953
mpi,12800000,1,3,1.096508420000191,0.30182195,0.46551336,0.23266469
mpi,12800000,1,4,1.0993009529997835,0.30162875,0.46573578,0.23263547
mpi,12800000,1,5,1.0961458290003065,0.30169859,0.4656532,0.2326482
mpi,12800000,2,0,0.7125711470002898,0.30178328,0.46551375,0.23270297
mpi,12800000,2,1,0.7117815169999631,0.30178063,0.46560375,0.23261562
mpi,12800000,2,2,0.7161515349998808,0.30180242,0.46542461,0.23277297
mpi,12800000,2,3,0.7112619419999646,0.30178109,0.46548031,0.23273859
mpi,12800000,2,4,0.7199032429998624,0.30171047,0.46554656,0.23274297
mpi,12800000,2,5,0.7159591569998156,0.3017768,0.46565984,0.23256336
mpi,12800000,3,0,0.5935187930003849,0.30182211,0.46552594,0.23265195
mpi,12800000,3,1,0.6196804930000326,0.30176477,0.46580266,0.23243258
mpi,12800000,3,2,0.5878945360000216,0.30177289,0.46554398,0.23268312
mpi,12800000,3,3,0.5863460129999112,0.3017082,0.46557711,0.23271469
mpi,12800000,3,4,0.5840227870003218,0.30170914,0.46575266,0.2325382
mpi,12800000,3,5,0.5877394600001935,0.3018032,0.46534273,0.23285406
mpi,12800000,4,0,0.5280612569999903,0.301795,0.46549141,0.23271359
mpi,12800000,4,1,0.5193646509997052,0.301735,0.46590945,0.23235555
mpi,12800000,4,2,0.5187890580000385,0.301805,0.46553008,0.23266492
mpi,12800000,4,3,0.5166007419998095,0.30166797,0.46563539,0.23269664
mpi,12800000,4,4,0.5200414539999656,0.30175742,0.46564227,0.23260031
mpi,12800000,4,5,0.521178215999953,0.3018693,0.46541406,0.23271664
mpi,12800000,5,0,0.49383493999994243,0.30174367,0.46561641,0.23263992
mpi,12800000,5,1,0.4913229690000662,0.30180398,0.46590406,0.23229195
mpi,12800000,5,2,0.5190117820002342,0.30177437,0.46543406,0.23279156
mpi,12800000,5,3,0.4880693219997738,0.30172172,0.46567875,0.23259953
mpi,12800000,5,4,0.48389984000004915,0.30173867,0.46563109,0.23263023
mpi,12800000,5,5,0.48653202500008774,0.30175977,0.46549281,0.23274742
mpi,12800000,6,0,0.4713052100000823,0.30183125,0.46562391,0.23254484
mpi,12800000,6,1,0.47072399499984385,0.30181094,0.46571742,0.23247164
mpi,12800000,6,2,0.47354456099992603,0.30171734,0.46547086,0.2328118
mpi,12800000,6,3,0.5199312989998361,0.30174438,0.46576828,0.23248734
mpi,12800000,6,4,0.47419870700014144,0.30185383,0.46547945,0.23266672
mpi,12800000,6,5,0.46526597399997627,0.30175516,0.46553297,0.23271188
mpi,12800000,7,0,0.4521968710000692,0.30185445,0.46552539,0.23262016
mpi,12800000,7,1,0.44565263200001937,0.30181883,0.46572586,0.23245531
mpi,12800000,7,2,0.4475311999999576,0.3017507,0.46542352,0.23282578
mpi,12800000,7,3,0.4484132200000204,0.30181547,0.46572375,0.23246078
mpi,12800000,7,4,0.4433480590000727,0.30178516,0.46545219,0.23276266
mpi,12800000,7,5,0.4481771430000663,0.30177141,0.46549805,0.23273055
mpi,12800000,8,0,0.44882902099971034,0.30170141,0.46575227,0.23254633
mpi,12800000,8,1,0.4736560369997278,0.3019007,0.46571117,0.23238813
mpi,12800000,8,2,0.4469653930000277,0.30163859,0.46544281,0.23291859
mpi,12800000,8,3,0.4434168780003347,0.30183469,0.46567781,0.2324875
mpi,12800000,8,4,0.4724838090000958,0.30173398,0.46545188,0.23281414
mpi,12800000,8,5,0.4687097339997308,0.30182148,0.46546227,0.23271625
mpi,12800000,9,0,0.4438911580000422,0.30180219,0.46567883,0.23251898
mpi,12800000,9,1,0.45663691499976267,0.30196117,0.46561086,0.23242797
mpi,12800000,9,2,0.4553411070000948,0.30168008,0.46537633,0.23294359
mpi,12800000,9,3,0.4438927539999895,0.30185844,0.46566,0.23248156
mpi,12800000,9,4,0.4595814379999865,0.30171297,0.46549352,0.23279352
mpi,12800000,9,5,0.44957836699995823,0.30172883,0.46544406,0.23282711
mpi,12800000,10,0,0.45717758000000686,0.30172875,0.465735,0.23253625
mpi,12800000,10,1,0.4615788659998543,0.30201039,0.46561047,0.23237914
mpi,12800000,10,2,0.46617125100010526,0.30159055,0.46557922,0.23283023
mpi,12800000,10,3,0.4674841259998175,0.3018525,0.46571297,0.23243453
mpi,12800000,10,4,0.47221920699985276,0.30172766,0.46546938,0.23280297
mpi,12800000,10,5,0.45207114300001194,0.30177164,0.46544734,0.23278102
mpi,12800000,11,0,0.47657481299984283,0.30176867,0.46570375,0.23252758
mpi,12800000,11,1,0.4913872279998941,0.30200984,0.46559133,0.23239883
mpi,12800000,11,2,0.4799990810001873,0.30166344,0.46557148,0.23276508
mpi,12800000,11,3,0.4798256680001032,0.30194453,0.46553883,0.23251664
mpi,12800000,11,4,0.4771824910003488,0.30173273,0.46554789,0.23271938
mpi,12800000,11,5,0.48606569699995816,0.30176078,0.46542727,0.23281195
mpi,12800000,12,0,0.4758795259999715,0.30185734,0.46570164,0.23244102
mpi,12800000,12,1,0.4855026049999651,0.30192445,0.46555555,0.23252
mpi,12800000,12,2,0.4861564000002545,0.30171656,0.46550313,0.23278031
mpi,12800000,12,3,0.4851296859997092,0.30202781,0.46551094,0.23246125
mpi,12800000,12,4,0.46195182800011025,0.30172297,0.46563281,0.23264422
mpi,12800000,12,5,0.47250950300031036,0.30179422,0.46537125,0.23283453
mpi,25600000,1,0,1.851651042999947,0.30177195,0.46562004,0.23260801
mpi,25600000,1,1,1.8440865930001564,0.30175563,0.46563727,0.23260711
mpi,25600000,1,2,1.8403451560002395,0.30181246,0.46546344,0.2327241
mpi,25600000,1,3,1.839288965000378,0.30179113,0.46553254,0.23267633
mpi,25600000,1,4,1.8401958090003063,0.30172676,0.46564664,0.2326266
mpi,25600000,1,5,1.8629750280001645,0.3017652,0.4655966,0.2326382
mpi,25600000,2,0,1.1007205380001324,0.30180469,0.46556406,0.23263125
mpi,25600000,2,1,1.0657042889997683,0.30176309,0.46566188,0.23257504
mpi,25600000,2,2,1.0714682379998521,0.3018043,0.46550004,0.23269566
mpi,25600000,2,3,1.0564125659998354,0.30178273,0.46549598,0.23272129
mpi,25600000,2,4,1.0597981109999637,0.30172027,0.4656157,0.23266402
mpi,25600000,2,5,1.0897655240000859,0.30172852,0.46564285,0.23262863
mpi,25600000,3,0,0.8505129929999384,0.30180645,0.46556227,0.23263129
mpi,25600000,3,1,1.0047867739999674,0.30174773,0.46565641,0.23259586
mpi,25600000,3,2,0.8429256829999758,0.30179926,0.46549219,0.23270855
mpi,25600000,3,3,0.8529376749997937,0.30173062,0.46552637,0.23274301
mpi,25600000,3,4,0.8563522609997563,0.30175336,0.46558832,0.23265832
mpi,25600000,3,5,0.8524508860000424,0.30176035,0.46562945,0.2326102
mpi,25600000,4,0,0.7324493269998129,0.3017318,0.46562348,0.23264473
mpi,25600000,4,1,0.7263364860000365,0.30177246,0.4656759,0.23255164
mpi,25600000,4,2,0.7277941550000833,0.30172898,0.46559609,0.23267492
mpi,25600000,4,3,0.7275406229996406,0.30175141,0.46550191,0.23274668
mpi,25600000,4,4,0.800313972999902,0.30170281,0.46564457,0.23265262
mpi,25600000,4,5,0.7198582089999945,0.30178684,0.46561762,0.23259555
mpi,25600000,5,0,0.7130951730000561,0.30176906,0.46561539,0.23261555
mpi,25600000,5,1,0.6463301300000239,0.30177398,0.46568043,0.23254559
mpi,25600000,5,2,0.668276844999582,0.30178512,0.46554828,0.2326666
mpi,25600000,5,3,0.6536927580000338,0.30179922,0.46552387,0.23267691
mpi,25600000,5,4,0.6497959180001089,0.30173965,0.46563383,0.23262652
mpi,25600000,5,5,0.7134694070000478,0.301765,0.46554809,0.23268691
mpi,25600000,6,0,0.6100240400000985,0.3017927,0.46563961,0.2325677
mpi,25600000,6,1,0.6028247059998648,0.30178992,0.4656425,0.23256758
mpi,25600000,6,2,0.6035563749996982,0.30172473,0.46556266,0.23271262
mpi,25600000,6,3,0.6008339710001565,0.30169531,0.46566594,0.23263875
mpi,25600000,6,4,0.6464194099999077,0.30179465,0.46556902,0.23263633
mpi,25600000,6,5,0.6084585630001129,0.30176285,0.4655418,0.23269535
mpi,25600000,7,0,0.5791112090000752,0.30180543,0.46551656,0.23267801
mpi,25600000,7,1,0.5800103839997064,0.30173664,0.46571988,0.23254348
mpi,25600000,7,2,0.6118414699999448,0.30180277,0.46549141,0.23270582
mpi,25600000,7,3,0.6152022340002077,0.30173152,0.46566285,0.23260563
mpi,25600000,7,4,0.6214537200003178,0.30184953,0.46548816,0.2326623
mpi,25600000,7,5,0.5741168300000936,0.30177715,0.46548984,0.23273301
mpi,25600000,8,0,0.5705540559997644,0.30180023,0.46551285,0.23268691
mpi,25600000,8,1,0.5746305220000067,0.30175082,0.46572598,0.2325232
mpi,25600000,8,2,0.6253954820003855,0.30176602,0.46546676,0.23276723
mpi,25600000,8,3,0.5669420670001273,0.30171883,0.46570262,0.23257855
mpi,25600000,8,4,0.551323302000128,0.30179746,0.46548922,0.23271332
mpi,25600000,8,5,0.5509218569995937,0.30182391,0.46543461,0.23274148
mpi,25600000,9,0,0.5475450840003759,0.30183938,0.46548617,0.23267445
mpi,25600000,9,1,0.5747836399996231,0.30179004,0.46571895,0.23249102
mpi,25600000,9,2,0.5694330289998106,0.3017627,0.46545527,0.23278203
mpi,25600000,9,3,0.555048885999895,0.30176301,0.46561559,0.23262141
mpi,25600000,9,4,0.5438259989996368,0.3017457,0.46550043,0.23275387
mpi,25600000,9,5,0.566579633999936,0.3017948,0.46549414,0.23271105
mpi,25600000,10,0,0.5449626730005548,0.30184047,0.46552059,0.23263895
mpi,25600000,10,1,0.5519089529998382,0.30185996,0.46563957,0.23250047
mpi,25600000,10,2,0.5528924860000188,0.30173668,0.46552227,0.23274105
mpi,25600000,10,3,0.5597336129994801,0.30176613,0.46561047,0.2326234
mpi,25600000,10,4,0.5720511720001014,0.3017941,0.46549266,0.23271324
mpi,25600000,10,5,0.5645257619999029,0.30174543,0.46553031,0.23272426
mpi,25600000,11,0,0.5716282719995434,0.30183199,0.46548961,0.2326784
mpi,25600000,11,1,0.5873927439997715,0.30187773,0.46555738,0.23256488
mpi,25600000,11,2,0.5803230869996696,0.30176254,0.46552691,0.23271055
mpi,25600000,11,3,0.5713544879999972,0.30177988,0.46555484,0.23266527
mpi,25600000,11,4,0.5841378799996164,0.30179668,0.4655209,0.23268242
mpi,25600000,11,5,0.5877634170001329,0.30176043,0.46550359,0.23273598
mpi,25600000,12,0,0.563184382000145,0.30186988,0.46553312,0.23259699
mpi,25600000,12,1,0.5596475009997448,0.30185316,0.46552719,0.23261965
mpi,25600000,12,2,0.5793066579999504,0.30176469,0.46549527,0.23274004
mpi,25600000,12,3,0.577818873999604,0.30180078,0.46558621,0.23261301
mpi,25600000,12,4,0.5855384930000582,0.3017566,0.46559504,0.23264836
mpi,25600000,12,5,0.5843698939997921,0.30176566,0.46551395,0.23272039
mpi,51200000,1,0,3.4673768860002383,0.30178377,0.46558748,0.23262875
mpi,51200000,1,1,3.4190467389998958,0.30176156,0.46560391,0.23263453
mpi,51200000,1,2,3.3662345650000134,0.30178383,0.46554812,0.23266805
mpi,51200000,1,3,3.413026797999919,0.30178057,0.465564,0.23265543
mpi,51200000,1,4,3.338338169999588,0.30174211,0.46561287,0.23264502
mpi,51200000,1,5,3.2438816679996307,0.30175457,0.46559527,0.23265016
mpi,51200000,2,0,1.8716310500003601,0.30178572,0.46555398,0.23266029
mpi,51200000,2,1,1.9042389059995912,0.30176807,0.46558086,0.23265107
mpi,51200000,2,2,1.8958320060000915,0.30177811,0.46552783,0.23269406
mpi,51200000,2,3,1.9041001420000612,0.30177285,0.46555029,0.23267686
mpi,51200000,2,4,1.9124135440006285,0.30176199,0.46556785,0.23267016
mpi,51200000,2,5,1.9301493350003511,0.30177895,0.46559387,0.23262719
mpi,51200000,3,0,1.4031329279996498,0.30177447,0.46554758,0.23267795
mpi,51200000,3,1,1.3953803600006722,0.30176836,0.46557988,0.23265176
mpi,51200000,3,2,1.3914692329999525,0.30178258,0.46557791,0.23263951
mpi,51200000,3,3,1.5514749209996808,0.30178822,0.46553844,0.23267334
mpi,51200000,3,4,1.3754522179997366,0.30175299,0.46558389,0.23266312
mpi,51200000,3,5,1.3636876809996465,0.30175994,0.46557516,0.2326649
mpi,51200000,4,0,1.120968074999837,0.30177221,0.46557943,0.23264836
mpi,51200000,4,1,1.1241276459995788,0.30174793,0.46567881,0.23257326
mpi,51200000,4,2,1.111338765000255,0.30175918,0.46554166,0.23269916
mpi,51200000,4,3,1.1242302499995276,0.30180291,0.46550461,0.23269248
mpi,51200000,4,4,1.1226370150006915,0.30173676,0.46559559,0.23266766
mpi,51200000,4,5,1.1119266499999867,0.30176234,0.46553908,0.23269857
mpi,51200000,5,0,1.022479446000034,0.3017377,0.4655982,0.2326641
mpi,51200000,5,1,0.9682844389999445,0.30179668,0.46561434,0.23258898
mpi,51200000,5,2,1.0439834400003747,0.30176096,0.46556035,0.23267869
mpi,51200000,5,3,1.1591014819996417,0.3017841,0.46547143,0.23274447
mpi,51200000,5,4,1.1890177269997366,0.30174879,0.46562896,0.23262225
mpi,51200000,5,5,0.9763755290005065,0.30177705,0.46554516,0.23267779
mpi,51200000,6,0,0.9798588080002446,0.30178125,0.46559666,0.23262209
mpi,51200000,6,1,0.8755324140001903,0.30177406,0.46562004,0.2326059
mpi,51200000,6,2,0.8842518790006579,0.30174482,0.46552744,0.23272773
mpi,51200000,6,3,1.076933371999985,0.3017499,0.46555625,0.23269385
mpi,51200000,6,4,1.0560285139999905,0.30177893,0.46554359,0.23267748
mpi,51200000,6,5,0.8765943110001899,0.3017793,0.46555025,0.23267045
mpi,51200000,7,0,0.8585231679999197,0.30176336,0.46557822,0.23265842
mpi,51200000,7,1,0.8618681870002547,0.3017957,0.46559418,0.23261012
mpi,51200000,7,2,0.9776259159998517,0.30179371,0.46550086,0.23270543
mpi,51200000,7,3,0.9478426370005764,0.30180176,0.46553051,0.23266773
mpi,51200000,7,4,0.8170947530006742,0.30179916,0.46554873,0.23265211
mpi,51200000,7,5,0.9384987980001824,0.30173945,0.46564846,0.23261209
mpi,51200000,8,0,0.8595404649995544,0.30175266,0.46559754,0.2326498
mpi,51200000,8,1,0.8024830959993778,0.30178158,0.46560629,0.23261213
mpi,51200000,8,2,0.891969840999991,0.3017668,0.46550348,0.23272973
mpi,51200000,8,3,0.8457749319995855,0.30177455,0.46553512,0.23269033
mpi,51200000,8,4,0.8072479660004319,0.30175859,0.46556836,0.23267305
mpi,51200000,8,5,0.8440708719999748,0.30176711,0.46557172,0.23266117
mpi,51200000,9,0,0.8298417160003737,0.3018026,0.46555002,0.23264738
mpi,51200000,9,1,0.8299067680000007,0.30180221,0.46556641,0.23263139
mpi,51200000,9,2,0.8399987980001242,0.30176049,0.46547732,0.23276219
mpi,51200000,9,3,0.8324814239995248,0.30178512,0.46552336,0.23269152
mpi,51200000,9,4,0.8022969840003498,0.3018074,0.46554422,0.23264838
mpi,51200000,9,5,0.8087801680003395,0.30175732,0.46555574,0.23268693
mpi,51200000,10,0,0.7841853360005189,0.30179371,0.46558918,0.23261711
mpi,51200000,10,1,0.776708518000305,0.30181279,0.46556709,0.23262012
mpi,51200000,10,2,0.7923775130002468,0.30179344,0.4654791,0.23272746
mpi,51200000,10,3,0.7340880069996274,0.30181373,0.46551734,0.23266893
mpi,51200000,10,4,0.7961642469999788,0.30176643,0.46554852,0.23268506
mpi,51200000,10,5,0.8039561630002936,0.30176646,0.46554814,0.23268539
mpi,51200000,11,0,0.7976413870001124,0.30181305,0.46557025,0.2326167
mpi,51200000,11,1,0.7658699849998811,0.30185645,0.46552451,0.23261904
mpi,51200000,11,2,0.7649009940005271,0.30180461,0.46548672,0.23270867
mpi,51200000,11,3,0.7653150579999419,0.30180309,0.46550164,0.23269527
mpi,51200000,11,4,0.7621332540002186,0.30175469,0.46558643,0.23265889
mpi,51200000,11,5,0.7677656559999377,0.30177066,0.46554953,0.2326798
mpi,51200000,12,0,0.7564248130001943,0.30182199,0.46555682,0.23262119
mpi,51200000,12,1,0.7675342419997833,0.30185029,0.46549471,0.232655
mpi,51200000,12,2,0.7439924520003842,0.30180285,0.46546025,0.23273689
mpi,51200000,12,3,0.7760958620001475,0.30178514,0.46553588,0.23267898
mpi,51200000,12,4,0.7432909819999622,0.30177322,0.46556033,0.23266645
mpi,51200000,12,5,0.7485113450002245,0.30178232,0.4655266,0.23269107
mpi,66400000,1,0,4.275600235000638,0.30177373,0.46558235,0.23264392
mpi,66400000,1,1,4.324284363000515,0.30176779,0.46560108,0.23263113
mpi,66400000,1,2,4.295571145000395,0.30178364,0.46556461,0.23265175
mpi,66400000,1,3,4.2761542680000275,0.30178605,0.46554514,0.23266881
mpi,66400000,1,4,4.276318545999857,0.30175709,0.46559142,0.23265149
mpi,66400000,1,5,4.339718363999964,0.30176164,0.46558709,0.23265127
mpi,66400000,2,0,2.336457121999956,0.3017662,0.46558044,0.23265336
mpi,66400000,2,1,2.375688918999913,0.30178169,0.46557727,0.23264104
mpi,66400000,2,2,2.3677794639997956,0.30178551,0.46553065,0.23268384
mpi,66400000,2,3,2.336095749999913,0.3017742,0.46555401,0.23267179
mpi,66400000,2,4,2.3639050800002224,0.30175568,0.46559009,0.23265423
mpi,66400000,2,5,2.351796755000578,0.30177446,0.46560593,0.23261961
mpi,66400000,3,0,1.6760374030000094,0.30178113,0.4655405,0.23267837
mpi,66400000,3,1,1.771673051000107,0.30175726,0.46564551,0.23259723
mpi,66400000,3,2,1.6875626730006843,0.30178402,0.46554806,0.23266792
mpi,66400000,3,3,1.6927072110001973,0.30175691,0.46557446,0.23266863
mpi,66400000,3,4,1.6995110090001617,0.30177095,0.46558687,0.23264218
mpi,66400000,3,5,1.6918763599996964,0.30179361,0.46554071,0.23266568
mpi,66400000,4,0,1.3515013010000985,0.30177718,0.46555596,0.23266685
mpi,66400000,4,1,1.355532028000198,0.3017708,0.46561065,0.23261855
mpi,66400000,4,2,1.6271953229997962,0.3017827,0.46556688,0.23265042
mpi,66400000,4,3,1.4625378860000637,0.3017788,0.4655322,0.23268901
mpi,66400000,4,4,1.3588494050000008,0.30175214,0.46558405,0.23266381
mpi,66400000,4,5,1.3429400430004534,0.30177447,0.46558236,0.23264316
mpi,66400000,5,0,1.3436277370001335,0.30177696,0.46556703,0.23265601
mpi,66400000,5,1,1.2289652340004977,0.30176905,0.46561681,0.23261414
mpi,66400000,5,2,1.1715591579995817,0.30178069,0.46552502,0.23269429
mpi,66400000,5,3,1.191854974999842,0.30179422,0.4655194,0.23268639
mpi,66400000,5,4,1.3063977150004575,0.30173748,0.46560017,0.23266235
mpi,66400000,5,5,1.2930838660004156,0.30179134,0.46551248,0.23269617
mpi,66400000,6,0,1.1992458920003628,0.30175279,0.46563752,0.2326097
mpi,66400000,6,1,1.2559386220000306,0.30177142,0.465603,0.23262559
mpi,66400000,6,2,1.2559582650001175,0.3017886,0.46551541,0.23269599
mpi,66400000,6,3,1.1281784120001248,0.30177935,0.465508,0.23271265
mpi,66400000,6,4,1.065703372999451,0.30176596,0.46560041,0.23263363
mpi,66400000,6,5,1.1295595530000355,0.30178658,0.46550038,0.23271304
mpi,66400000,7,0,1.057517397999618,0.30177428,0.46559735,0.23262837
mpi,66400000,7,1,1.053876210999988,0.30176898,0.46561745,0.23261357
mpi,66400000,7,2,1.0736520850005036,0.30177613,0.46551925,0.23270462
mpi,66400000,7,3,1.0400272070000938,0.30181087,0.46550649,0.23268264
mpi,66400000,7,4,0.9978550900004848,0.3017922,0.46557809,0.23262971
mpi,66400000,7,5,1.0379503800004386,0.30174741,0.46557916,0.23267343
mpi,66400000,8,0,0.9753881819997332,0.30179142,0.46556851,0.23264008
mpi,66400000,8,1,1.012811755000257,0.30175551,0.46564459,0.23259989
mpi,66400000,8,2,1.0064405339999212,0.30178833,0.46547306,0.23273861
mpi,66400000,8,3,1.0010937320002995,0.30177358,0.46551005,0.23271637
mpi,66400000,8,4,0.974791751000339,0.30177319,0.46555989,0.23266691
mpi,66400000,8,5,0.973254387000452,0.30178979,0.46551358,0.23269663
mpi,66400000,9,0,0.9012571150005897,0.30176389,0.46559017,0.23264595
mpi,66400000,9,1,0.969106393000402,0.30179705,0.46558964,0.23261331
mpi,66400000,9,2,0.9532638250002492,0.30179562,0.46548367,0.23272071
mpi,66400000,9,3,0.9652792030001365,0.30180699,0.46550843,0.23268458
mpi,66400000,9,4,0.9085949439995602,0.3017642,0.46558521,0.23265059
mpi,66400000,9,5,0.9630344160004825,0.30175714,0.46560836,0.2326345
mpi,66400000,10,0,0.8821236700005102,0.30176758,0.46559262,0.2326398
mpi,66400000,10,1,0.9095375120004974,0.30181319,0.46560443,0.23258238
mpi,66400000,10,2,0.9179986760000247,0.30177994,0.46549873,0.23272133
mpi,66400000,10,3,0.8799405909994675,0.30180131,0.46548608,0.23271261
mpi,66400000,10,4,0.8718037290000211,0.3017616,0.46557054,0.23266786
mpi,66400000,10,5,0.8962930450006752,0.301782,0.46557886,0.23263914
mpi,66400000,11,0,0.8993925939994369,0.3017883,0.46557038,0.23264133
mpi,66400000,11,1,0.8949115800005529,0.30180517,0.46557021,0.23262462
mpi,66400000,11,2,0.8759382319994984,0.30176139,0.46553587,0.23270274
mpi,66400000,11,3,0.9118997249997847,0.30178779,0.46547842,0.2327338
mpi,66400000,11,4,0.8679691699999239,0.30176982,0.46558864,0.23264154
mpi,66400000,11,5,0.8753204260001439,0.30176051,0.46555248,0.232687
mpi,66400000,12,0,0.848166107999532,0.30179791,0.46557858,0.23262351
mpi,66400000,12,1,0.8361413959992205,0.30180878,0.46551399,0.23267723
mpi,66400000,12,2,0.8351921390003554,0.30179863,0.46547669,0.23272468
mpi,66400000,12,3,0.867926730000363,0.30180373,0.46553181,0.23266446
mpi,66400000,12,4,0.8854848540004241,0.30180039,0.46553565,0.23266396
mpi,66400000,12,5,0.8508475720000206,0.30177602,0.46552209,0.23270188
serial,100000,1,0,0.00921965299949079,0.302,0.46548,0.23252
serial,100000,1,1,0.009517016000245349,0.30147,0.46564,0.23289
serial,100000,1,2,0.00918324099984602,0.30144,0.4647,0.23386
serial,100000,1,3,0.009158006000689056,0.30498,0.46385,0.23117
serial,100000,1,4,0.009301599000536953,0.30111,0.46736,0.23153
serial,100000,1,5,0.009129797999776201,0.30056,0.46726,0.23218
serial,200000,1,0,0.0175953230000232,0.301695,0.465665,0.23264
serial,200000,1,1,0.01741383299940935,0.301375,0.46541,0.233215
serial,200000,1,2,0.017660170999988622,0.30189,0.465085,0.233025
serial,200000,1,3,0.017602623000129825,0.30375,0.463625,0.232625
serial,200000,1,4,0.01737987599972257,0.300615,0.466715,0.23267
serial,200000,1,5,0.017377743999531958,0.301245,0.466695,0.23206
serial,400000,1,0,0.031667891000324744,0.30086,0.465915,0.233225
serial,400000,1,1,0.031152898999607714,0.301395,0.465195,0.23341
serial,400000,1,2,0.03147138599979371,0.301485,0.4657475,0.2327675
serial,400000,1,3,0.03067773600014334,0.30309,0.464405,0.232505
serial,400000,1,4,0.031025520999719447,0.3021225,0.465675,0.2322025
serial,400000,1,5,0.031161259000327846,0.3012225,0.46647,0.2323075
serial,800000,1,0,0.060729847000402515,0.30107,0.46631375,0.23261625
serial,800000,1,1,0.06026556699998764,0.3013975,0.4653925,0.23321
serial,800000,1,2,0.0620021300001099,0.3012175,0.46583625,0.23294625
serial,800000,1,3,0.06046050600070885,0.30225625,0.46527,0.23247375
serial,800000,1,4,0.06201370100006898,0.3024375,0.464685,0.2328775
serial,800000,1,5,0.06017245900056878,0.30105375,0.46675375,0.2321925
serial,1600000,1,0,0.12018882399934228,0.30163875,0.46586187,0.23249938
serial,1600000,1,1,0.12312437600030535,0.30176313,0.46549,0.23274687
serial,1600000,1,2,0.1208286599994608,0.30126125,0.46590312,0.23283562
serial,1600000,1,3,0.1215357649998623,0.30237313,0.46523437,0.2323925
serial,1600000,1,4,0.12002646999917488,0.3019275,0.4652475,0.232825
serial,1600000,1,5,0.12020841300000029,0.30151187,0.46643125,0.23205687
serial,3200000,1,0,0.23944051699982083,0.30182625,0.46569906,0.23247469
serial,3200000,1,1,0.23884249799993995,0.30158687,0.4656075,0.23280562
serial,3200000,1,2,0.23917799700029718,0.30151844,0.46562219,0.23285938
serial,3200000,1,3,0.23988828499932424,0.30206656,0.46527031,0.23266312
serial,3200000,1,4,0.23868167699947662,0.30180187,0.46548281,0.23271531
serial,3200000,1,5,0.2385151729995414,0.30167688,0.46609625,0.23222687
serial,6400000,1,0,0.47879940300026647,0.30204938,0.46543297,0.23251766
serial,6400000,1,1,0.47872271800042654,0.301685,0.46542125,0.23289375
serial,6400000,1,2,0.4755152770003406,0.30176859,0.46539141,0.23284
serial,6400000,1,3,0.4836485599998923,0.30211047,0.46508813,0.23280141
serial,6400000,1,4,0.4794318739996015,0.30174828,0.46542672,0.232825
serial,6400000,1,5,0.4769881649999661,0.30161547,0.46599016,0.23239437
serial,12800000,1,0,0.9617280980000942,0.30192562,0.46554656,0.23252781
serial,12800000,1,1,0.960337050999442,0.30183656,0.46550508,0.23265836
serial,12800000,1,2,0.9677527109997754,0.3017432,0.46553648,0.23272031
serial,12800000,1,3,0.9531393910001498,0.30189086,0.46534031,0.23276883
serial,12800000,1,4,1.1092247469996437,0.30187336,0.46526352,0.23286313
serial,12800000,1,5,0.9492608780001319,0.30173078,0.46581195,0.23245727
serial,25600000,1,0,1.9108033659995272,0.3018273,0.46553957,0.23263312
serial,25600000,1,1,1.8929916650004088,0.30196785,0.46531168,0.23272047
serial,25600000,1,2,1.9175626989999728,0.3016991,0.46567355,0.23262734
serial,25600000,1,3,1.8961051309997856,0.30184461,0.46540078,0.23275461
serial,25600000,1,4,1.9001390329995047,0.30188414,0.46532195,0.23279391
serial,25600000,1,5,1.9065731930004404,0.30175793,0.46567602,0.23256605
pthreads,100000,1,0,0.008801422000033199,0.3023,0.46462,0.23308
pthreads,100000,1,1,0.007809456999893882,0.3038,0.46482,0.23138
pthreads,100000,1,2,0.0076829820000057225,0.30377,0.46422,0.23201
pthreads,100000,1,3,0.007998056999895198,0.30223,0.4637,0.23407
pthreads,100000,1,4,0.008635875999971176,0.30201,0.46557,0.23242
pthreads,100000,1,5,0.008180831000572653,0.29851,0.46869,0.2328
pthreads,100000,2,0,0.008420441999987816,0.29945,0.46639,0.23416
pthreads,100000,2,1,0.009830662000240409,0.30209,0.46575,0.23216
pthreads,100000,2,2,0.00858807200074807,0.30301,0.46541,0.23158
pthreads,100000,2,3,0.00795744700008072,0.30009,0.4649,0.23501
pthreads,100000,2,4,0.00825479700051801,0.30372,0.46451,0.23177
pthreads,100000,2,5,0.008373779000066861,0.30082,0.468,0.23118
pthreads,100000,3,0,0.009701720999146346,0.30094,0.46602,0.23304
pthreads,100000,3,1,0.009293726000578317,0.30133,0.46526,0.23341
pthreads,100000,3,2,0.009286530000281346,0.30245,0.46553,0.23202
pthreads,100000,3,3,0.00910371500049223,0.30052,0.46611,0.23337
pthreads,100000,3,4,0.00898407499971654,0.30242,0.46528,0.2323
pthreads,100000,3,5,0.009408263000295847,0.30137,0.46779,0.23084
pthreads,100000,4,0,0.010239055000056396,0.30122,0.46598,0.2328
pthreads,100000,4,1,0.010197886000241851,0.30234,0.46649,0.23117
pthreads,100000,4,2,0.010437911000735767,0.302,0.46536,0.23264
pthreads,100000,4,3,0.010160326999539393,0.30188,0.4657,0.23242
pthreads,100000,4,4,0.009989999999561405,0.30307,0.46457,0.23236
pthreads,100000,4,5,0.009796600000299804,0.30001,0.46892,0.23107
pthreads,100000,5,0,0.011453219000031822,0.30325,0.46473,0.23202
pthreads,100000,5,1,0.011405303000174172,0.30302,0.4654,0.23158
pthreads,100000,5,2,0.011390089999622433,0.30061,0.46635,0.23304
pthreads,100000,5,3,0.011217045000194048,0.30158,0.46618,0.23224
pthreads,100000,5,4,0.011065399000472098,0.30353,0.46395,0.23252
pthreads,100000,5,5,0.010884362000069814,0.30055,0.46867,0.23078
pthreads,100000,6,0,0.012822523000068031,0.30142,0.46506,0.23352
pthreads,100000,6,1,0.012585626999680244,0.30303,0.4653,0.23167
pthreads,100000,6,2,0.013744728999881772,0.3009,0.46679,0.23231
pthreads,100000,6,3,0.01262515500002337,0.30139,0.46629,0.23232
pthreads,100000,6,4,0.012029323999740882,0.30476,0.46327,0.23197
pthreads,100000,6,5,0.011835945000711945,0.30148,0.46928,0.22924
pthreads,100000,7,0,0.015397010000015143,0.30077,0.46511,0.23412
pthreads,100000,7,1,0.016780740000285732,0.30268,0.46527,0.23205
pthreads,100000,7,2,0.013358412000343378,0.30008,0.4663,0.23362
pthreads,100000,7,3,0.014914332999978797,0.30226,0.46561,0.23213
pthreads,100000,7,4,0.01583025899981294,0.30457,0.46485,0.23058
pthreads,100000,7,5,0.017447465999794076,0.30218,0.46896,0.22886
pthreads,100000,8,0,0.018971255999531422,0.30229,0.46325,0.23446
pthreads,100000,8,1,0.018836172000192164,0.30315,0.46598,0.23087
pthreads,100000,8,2,0.018507609999687702,0.30002,0.46582,0.23416
pthreads,100000,8,3,0.018600280999635288,0.30223,0.46673,0.23104
pthreads,100000,8,4,0.018751853000139818,0.30577,0.46458,0.22965
pthreads,100000,8,5,0.017975809000745357,0.30252,0.4677,0.22978
pthreads,200000,1,0,0.014599930999793287,0.301555,0.46547,0.232975
pthreads,200000,1,1,0.014825500999904762,0.302645,0.46438,0.232975
pthreads,200000,1,2,0.014439364999816462,0.302755,0.46481,0.232435
pthreads,200000,1,3,0.014330467000036151,0.301055,0.46473,0.234215
pthreads,200000,1,4,0.014343120000376075,0.30147,0.465715,0.232815
pthreads,200000,1,5,0.014430205000280694,0.300405,0.46723,0.232365
pthreads,200000,2,0,0.015435547999913979,0.30162,0.46515,0.23323
pthreads,200000,2,1,0.015723188999800186,0.302875,0.464875,0.23225
pthreads,200000,2,2,0.01533220000055735,0.303915,0.464365,0.23172
pthreads,200000,2,3,0.015248853000230156,0.30108,0.46444,0.23448
pthreads,200000,2,4,0.015299800999855506,0.303155,0.465015,0.23183
pthreads,200000,2,5,0.016658182999890414,0.3003,0.46781,0.23189
pthreads,200000,3,0,0.019297850999464572,0.301585,0.465435,0.23298
pthreads,200000,3,1,0.017297348999818496,0.30236,0.465225,0.232415
pthreads,200000,3,2,0.01706545199976972,0.30307,0.46438,0.23255
pthreads,200000,3,3,0.01715774700005568,0.300025,0.465435,0.23454
pthreads,200000,3,4,0.017365357999551634,0.302885,0.46476,0.232355
pthreads,200000,3,5,0.01723923699955776,0.3009,0.466835,0.232265
pthreads,200000,4,0,0.019088684999587713,0.30052,0.466995,0.232485
pthreads,200000,4,1,0.020568420000017795,0.30177,0.4655,0.23273
pthreads,200000,4,2,0.01976603100047214,0.3029,0.464275,0.232825
pthreads,200000,4,3,0.019805417999123165,0.301655,0.46472,0.233625
pthreads,200000,4,4,0.020709978000013507,0.302755,0.464365,0.23288
pthreads,200000,4,5,0.02114206500027649,0.300915,0.46703,0.232055
pthreads,200000,5,0,0.021889194999857864,0.301475,0.465595,0.23293
pthreads,200000,5,1,0.022172584000145434,0.30213,0.465125,0.232745
pthreads,200000,5,2,0.021606137000162562,0.301775,0.464735,0.23349
pthreads,200000,5,3,0.02347468299922184,0.302095,0.46562,0.232285
pthreads,200000,5,4,0.02281648200005293,0.303205,0.463715,0.23308
pthreads,200000,5,5,0.022637331000623817,0.30091,0.46744,0.23165
pthreads,200000,6,0,0.022744171999875107,0.301605,0.465465,0.23293
pthreads,200000,6,1,0.024602782999863848,0.30172,0.46531,0.23297
pthreads,200000,6,2,0.022050842999306042,0.30165,0.465465,0.232885
pthreads,200000,6,3,0.023176829000476573,0.301585,0.465665,0.23275
pthreads,200000,6,4,0.02450918699923932,0.303515,0.46396,0.232525
pthreads,200000,6,5,0.02499401100067189,0.301715,0.467425,0.23086
pthreads,200000,7,0,0.03024497899968992,0.30175,0.46518,0.23307
pthreads,200000,7,1,0.033297280000624596,0.301545,0.465925,0.23253
pthreads,200000,7,2,0.03351617299995269,0.30069,0.465975,0.233335
pthreads,200000,7,3,0.032334070999240794,0.301735,0.465955,0.23231
pthreads,200000,7,4,0.03278490499997133,0.304035,0.464385,0.23158
pthreads,200000,7,5,0.03231982400029665,0.302055,0.46649,0.231455
pthreads,200000,8,0,0.03883961999963503,0.302105,0.46432,0.233575
pthreads,200000,8,1,0.03732406800008903,0.301605,0.467,0.231395
pthreads,200000,8,2,0.03591223599960358,0.300815,0.465995,0.23319
pthreads,200000,8,3,0.03432657800021843,0.30187,0.466785,0.231345
pthreads,200000,8,4,0.036245473999770184,0.304275,0.46403,0.231695
pthreads,200000,8,5,0.0358319909992133,0.301835,0.4671,0.231065
pthreads,400000,1,0,0.02905072000066866,0.3021475,0.4652225,0.23263
pthreads,400000,1,1,0.029144760000235692,0.302245,0.4652525,0.2325025
pthreads,400000,1,2,0.028645424999922398,0.30214,0.4648625,0.2329975
pthreads,400000,1,3,0.028117857999859552,0.30183,0.46524,0.23293
pthreads,400000,1,4,0.028106292999837024,0.3009575,0.465745,0.2332975
pthreads,400000,1,5,0.02831919399977778,0.30021,0.466435,0.233355
pthreads,400000,2,0,0.029435169999487698,0.3016025,0.4644825,0.233915
pthreads,400000,2,1,0.029637922999427246,0.3021975,0.46477,0.2330325
pthreads,400000,2,2,0.02947242299978825,0.3031675,0.4650825,0.23175
pthreads,400000,2,3,0.02993905600033031,0.300055,0.466075,0.23387
pthreads,400000,2,4,0.029337681000470184,0.3027325,0.4647125,0.232555
pthreads,400000,2,5,0.029540556999563705,0.300855,0.4670125,0.2321325
pthreads,400000,3,0,0.03347451999979967,0.3027075,0.464805,0.2324875
pthreads,400000,3,1,0.03383958099948359,0.3025125,0.46459,0.2328975
pthreads,400000,3,2,0.034421479999764415,0.3025625,0.4659425,0.231495
pthreads,400000,3,3,0.03353322799921443,0.300585,0.4655925,0.2338225
pthreads,400000,3,4,0.03342597700066108,0.302415,0.4648025,0.2327825
pthreads,400000,3,5,0.03318325600048411,0.300675,0.466775,0.23255
pthreads,400000,4,0,0.0383991970002171,0.3022375,0.4657675,0.231995
pthreads,400000,4,1,0.036415571000361524,0.30268,0.464655,0.232665
pthreads,400000,4,2,0.037479668000742095,0.302835,0.4641075,0.2330575
pthreads,400000,4,3,0.03674613299972407,0.30173,0.46497,0.2333
pthreads,400000,4,4,0.03715294500034361,0.30244,0.4648775,0.2326825
pthreads,400000,4,5,0.037197888000264356,0.3011925,0.4664325,0.232375
pthreads,400000,5,0,0.040346263999708754,0.30164,0.465975,0.232385
pthreads,400000,5,1,0.042594291999193956,0.3025275,0.46545,0.2320225
pthreads,400000,5,2,0.040715627999816206,0.30288,0.4639025,0.2332175
pthreads,400000,5,3,0.040752335999968636,0.30135,0.465395,0.233255
pthreads,400000,5,4,0.04196571800002857,0.302595,0.46484,0.232565
pthreads,400000,5,5,0.039692819000265445,0.3010875,0.466,0.2329125
pthreads,400000,6,0,0.04808950599999662,0.3016375,0.46552,0.2328425
pthreads,400000,6,1,0.04914521099999547,0.3022175,0.46517,0.2326125
pthreads,400000,6,2,0.04723483199995826,0.3024875,0.46405,0.2334625
pthreads,400000,6,3,0.048219719999906374,0.300865,0.46539,0.233745
pthreads,400000,6,4,0.049130260000310955,0.302815,0.464705,0.23248
pthreads,400000,6,5,0.05008434899991698,0.301455,0.46623,0.232315
pthreads,400000,7,0,0.06337383999925805,0.3013875,0.4659475,0.232665
pthreads,400000,7,1,0.06308371999966766,0.30139,0.4657975,0.2328125
pthreads,400000,7,2,0.07101066100040043,0.301735,0.46447,0.233795
pthreads,400000,7,3,0.0654567669998869,0.301535,0.465285,0.23318
pthreads,400000,7,4,0.06495101000018622,0.302625,0.4647525,0.2326225
pthreads,400000,7,5,0.06557063199943514,0.30157,0.46599,0.23244
pthreads,400000,8,0,0.07314549100010481,0.30169,0.4653675,0.2329425
pthreads,400000,8,1,0.071185804000379,0.301725,0.46569,0.232585
pthreads,400000,8,2,0.07420065900078043,0.30136,0.464915,0.233725
pthreads,400000,8,3,0.0734565869997823,0.3014225,0.4657975,0.23278
pthreads,400000,8,4,0.0731754969992835,0.302785,0.4645825,0.2326325
pthreads,400000,8,5,0.07442554499994003,0.30216,0.4657525,0.2320875
pthreads,800000,1,0,0.055867994999971415,0.302055,0.465475,0.23247
pthreads,800000,1,1,0.05578720700032136,0.302545,0.46566625,0.23178875
pthreads,800000,1,2,0.055598717000066245,0.30242,0.46414875,0.23343125
pthreads,800000,1,3,0.05514268400020228,0.30171625,0.46583,0.23245375
pthreads,800000,1,4,0.056143959000110044,0.3007925,0.4657075,0.2335
pthreads,800000,1,5,0.055204300999321276,0.30113125,0.4656725,0.23319625
pthreads,800000,2,0,0.05791079000027821,0.3017525,0.46473625,0.23351125
pthreads,800000,2,1,0.0591119950004213,0.3020425,0.46550875,0.23244875
pthreads,800000,2,2,0.05791669300015201,0.30287375,0.4650325,0.23209375
pthreads,800000,2,3,0.05850991300030728,0.30110625,0.46563125,0.2332625
pthreads,800000,2,4,0.05815077199986263,0.30203625,0.4650525,0.23291125
pthreads,800000,2,5,0.058070333999239665,0.30111375,0.46607375,0.2328125
pthreads,800000,3,0,0.06616114299959008,0.30212125,0.46486,0.23301875
pthreads,800000,3,1,0.0680480910004917,0.30196375,0.46562,0.23241625
pthreads,800000,3,2,0.06453779399998893,0.3028475,0.465475,0.2316775
pthreads,800000,3,3,0.06588249000014912,0.30079125,0.46615125,0.2330575
pthreads,800000,3,4,0.06525917699946149,0.30201,0.464815,0.233175
pthreads,800000,3,5,0.06682523600011336,0.30149,0.4659625,0.2325475
pthreads,800000,4,0,0.07573352800045541,0.302065,0.464925,0.23301
pthreads,800000,4,1,0.0735951490005391,0.30246125,0.46496625,0.2325725
pthreads,800000,4,2,0.0744446369999423,0.30230375,0.46512875,0.2325675
pthreads,800000,4,3,0.07358838700019987,0.3011375,0.46588,0.2329825
pthreads,800000,4,4,0.07678022399977635,0.30209,0.46475875,0.23315125
pthreads,800000,4,5,0.07346430300003703,0.3015825,0.46600375,0.23241375
pthreads,800000,5,0,0.08147276799991232,0.30192625,0.46529875,0.232775
pthreads,800000,5,1,0.07892136999998911,0.3025075,0.46495125,0.23254125
pthreads,800000,5,2,0.08765976799986674,0.30185875,0.46536125,0.23278
pthreads,800000,5,3,0.08085811000000831,0.30112625,0.465935,0.23293875
pthreads,800000,5,4,0.08130511899980775,0.3017975,0.465275,0.2329275
pthreads,800000,5,5,0.08004938500016578,0.301505,0.46589125,0.23260375
pthreads,800000,6,0,0.09580947199992806,0.302025,0.46528625,0.23268875
pthreads,800000,6,1,0.09649581500070781,0.302235,0.46512,0.232645
pthreads,800000,6,2,0.09054965599989373,0.30225625,0.4648625,0.23288125
pthreads,800000,6,3,0.09136122499967314,0.3011625,0.46549375,0.23334375
pthreads,800000,6,4,0.09123807400010264,0.30229,0.46487875,0.23283125
pthreads,800000,6,5,0.09398629699990124,0.30139625,0.4660075,0.23259625
pthreads,800000,7,0,0.12813529899995046,0.3020125,0.465265,0.2327225
pthreads,800000,7,1,0.13582096200025262,0.30198125,0.4651875,0.23283125
pthreads,800000,7,2,0.12776090500028658,0.30212125,0.46477,0.23310875
pthreads,800000,7,3,0.13178691299981438,0.301245,0.465615,0.23314
pthreads,800000,7,4,0.13082422400020732,0.30223125,0.46531875,0.23245
pthreads,800000,7,5,0.12754130000030273,0.30171375,0.46586375,0.2324225
pthreads,800000,8,0,0.15234132499972475,0.302255,0.46506375,0.23268125
pthreads,800000,8,1,0.14664635100052692,0.30233375,0.46522,0.23244625
pthreads,800000,8,2,0.14588635000018257,0.3022475,0.4643875,0.233365
pthreads,800000,8,3,0.14726676499958558,0.30155,0.46574625,0.23270375
pthreads,800000,8,4,0.14976639499946032,0.3024625,0.465325,0.2322125
pthreads,800000,8,5,0.15140350499950728,0.3020475,0.46548,0.2324725
pthreads,1600000,1,0,0.11119703999975172,0.30205188,0.46525688,0.23269125
pthreads,1600000,1,1,0.1093628290000197,0.30189625,0.46593375,0.23217
pthreads,1600000,1,2,0.11165430300025037,0.30236438,0.46446437,0.23317125
pthreads,1600000,1,3,0.11109168299935845,0.3022875,0.465425,0.2322875
pthreads,1600000,1,4,0.1099822710002627,0.30135375,0.46535312,0.23329312
pthreads,1600000,1,5,0.11032835100013472,0.30166,0.46555812,0.23278187
pthreads,1600000,2,0,0.1144189369997548,0.30167813,0.46523687,0.233085
pthreads,1600000,2,1,0.11570809000022564,0.302225,0.46568688,0.23208813
pthreads,1600000,2,2,0.11740139399989857,0.30278187,0.46460937,0.23260875
pthreads,1600000,2,3,0.11497095099912258,0.30129375,0.46546562,0.23324063
pthreads,1600000,2,4,0.11457141299979412,0.30182188,0.46495,0.23322813
pthreads,1600000,2,5,0.11701568699936615,0.30148687,0.4655775,0.23293563
pthreads,1600000,3,0,0.1311001230005786,0.30204063,0.46499187,0.2329675
pthreads,1600000,3,1,0.13222283699997206,0.30266,0.46543937,0.23190062
pthreads,1600000,3,2,0.1296621100000266,0.30268187,0.46483687,0.23248125
pthreads,1600000,3,3,0.13143354499970883,0.30145,0.46554438,0.23300562
pthreads,1600000,3,4,0.13100273700001708,0.30130187,0.46535312,0.233345
pthreads,1600000,3,5,0.13239828200039483,0.30147438,0.46567375,0.23285188
pthreads,1600000,4,0,0.14612740199936525,0.30212438,0.46486312,0.2330125
pthreads,1600000,4,1,0.15157499500037375,0.30257937,0.46536187,0.23205875
pthreads,1600000,4,2,0.1460106069998801,0.30265938,0.46471313,0.2326275
pthreads,1600000,4,3,0.14626577800027007,0.30167312,0.46577125,0.23255562
pthreads,1600000,4,4,0.14760923799985903,0.30190312,0.4648225,0.23327438
pthreads,1600000,4,5,0.14692984900011652,0.30173062,0.46563625,0.23263312
pthreads,1600000,5,0,0.16027785500045866,0.30166562,0.46531625,0.23301812
pthreads,1600000,5,1,0.1622826390002956,0.30227562,0.46556687,0.2321575
pthreads,1600000,5,2,0.16345997200005513,0.30238312,0.46486125,0.23275562
pthreads,1600000,5,3,0.15812859399920853,0.30148938,0.46601562,0.232495
pthreads,1600000,5,4,0.17288216699944314,0.30162187,0.4650925,0.23328562
pthreads,1600000,5,5,0.22958694200042373,0.30144938,0.46571187,0.23283875
pthreads,1600000,6,0,0.1873542829998769,0.30146812,0.46527875,0.23325313
pthreads,1600000,6,1,0.18820207200042205,0.30184937,0.46572313,0.2324275
pthreads,1600000,6,2,0.1831878789998882,0.30242812,0.46513187,0.23244
pthreads,1600000,6,3,0.18523968400040758,0.30121,0.46594687,0.23284313
pthreads,1600000,6,4,0.17930091000016546,0.30195125,0.46483062,0.23321812
pthreads,1600000,6,5,0.17952541099930386,0.30154938,0.46556938,0.23288125
pthreads,1600000,7,0,0.28289979500004847,0.301285,0.46559,0.233125
pthreads,1600000,7,1,0.248490586999651,0.3018125,0.46579375,0.23239375
pthreads,1600000,7,2,0.26682263599923317,0.30190187,0.46518813,0.23291
pthreads,1600000,7,3,0.2642699910002193,0.30142562,0.46574312,0.23283125
pthreads,1600000,7,4,0.26084786700084805,0.30206625,0.46514187,0.23279188
pthreads,1600000,7,5,0.2622606410004664,0.301805,0.46549,0.232705
pthreads,1600000,8,0,0.29675364600007015,0.30162625,0.4651725,0.23320125
pthreads,1600000,8,1,0.2988795000001119,0.30209875,0.46540437,0.23249687
pthreads,1600000,8,2,0.29450741999971797,0.3017875,0.46529063,0.23292188
pthreads,1600000,8,3,0.3000607049998507,0.30108812,0.46609,0.23282188
pthreads,1600000,8,4,0.3010421180006233,0.3020775,0.46524688,0.23267562
pthreads,1600000,8,5,0.30291788399972575,0.3018475,0.4655,0.2326525
pthreads,3200000,1,0,0.2175641399999222,0.30188219,0.46519625,0.23292156
pthreads,3200000,1,1,0.2198412610005107,0.30166562,0.46626469,0.23206969
pthreads,3200000,1,2,0.2174876299995958,0.30199531,0.46506938,0.23293531
pthreads,3200000,1,3,0.21935586700055865,0.3015975,0.46569531,0.23270719
pthreads,3200000,1,4,0.21786993000023358,0.30161594,0.46577344,0.23261062
pthreads,3200000,1,5,0.21832320599969535,0.30189813,0.46541594,0.23268594
pthreads,3200000,2,0,0.22855011400042713,0.30186687,0.46536281,0.23277031
pthreads,3200000,2,1,0.2276111770006537,0.301885,0.4656825,0.2324325
pthreads,3200000,2,2,0.22903343299913104,0.30217656,0.464855,0.23296844
pthreads,3200000,2,3,0.2270267869998861,0.30184281,0.46548187,0.23267531
pthreads,3200000,2,4,0.22911873100019875,0.30189156,0.46516344,0.232945
pthreads,3200000,2,5,0.2274403319997873,0.30184531,0.4651725,0.23298219
pthreads,3200000,3,0,0.26117292799972347,0.30185375,0.46513344,0.23301281
pthreads,3200000,3,1,0.2569397420002133,0.30228719,0.46557688,0.23213594
pthreads,3200000,3,2,0.26216510600079346,0.30227094,0.46501625,0.23271281
pthreads,3200000,3,3,0.2609301249995042,0.30160281,0.465445,0.23295219
pthreads,3200000,3,4,0.2580514530000073,0.30166312,0.46535938,0.2329775
pthreads,3200000,3,5,0.2585952260005797,0.30160938,0.46558906,0.23280156
pthreads,3200000,4,0,0.2897540209996805,0.30193437,0.46497781,0.23308781
pthreads,3200000,4,1,0.28970063399992796,0.3025325,0.46551219,0.23195531
pthreads,3200000,4,2,0.29175765899981343,0.30245625,0.464705,0.23283875
pthreads,3200000,4,3,0.29102071299985255,0.30160687,0.46547969,0.23291344
pthreads,3200000,4,4,0.3103885229993466,0.30174781,0.46517625,0.23307594
pthreads,3200000,4,5,0.29213113599962526,0.30190594,0.46547469,0.23261937
pthreads,3200000,5,0,0.3218058229995222,0.3017275,0.46518375,0.23308875
pthreads,3200000,5,1,0.31583977799982677,0.30244625,0.46537656,0.23217719
pthreads,3200000,5,2,0.3320916049997322,0.30218406,0.46498531,0.23283063
pthreads,3200000,5,3,0.3193266460002633,0.30167688,0.46568906,0.23263406
pthreads,3200000,5,4,0.31916246000037063,0.30159438,0.46528656,0.23311906
pthreads,3200000,5,5,0.3187416810005743,0.30190406,0.46522281,0.23287312
pthreads,3200000,6,0,0.37119487899963133,0.30176969,0.46529312,0.23293719
pthreads,3200000,6,1,0.36601984499975515,0.30244875,0.46557656,0.23197469
pthreads,3200000,6,2,0.3929316449994076,0.30221031,0.4650375,0.23275219
pthreads,3200000,6,3,0.37880234900057985,0.30174906,0.46557406,0.23267688
pthreads,3200000,6,4,0.3692476310006896,0.30155531,0.46513781,0.23330687
pthreads,3200000,6,5,0.36864731700006814,0.30167406,0.46522969,0.23309625
pthreads,3200000,7,0,0.5177004459992531,0.30165656,0.46543937,0.23290406
pthreads,3200000,7,1,0.5210789650000152,0.30213375,0.46579906,0.23206719
pthreads,3200000,7,2,0.521808322000652,0.30212344,0.46509187,0.23278469
pthreads,3200000,7,3,0.5200586410001051,0.30166281,0.46567969,0.2326575
pthreads,3200000,7,4,0.4942874420003136,0.3016575,0.46517031,0.23317219
pthreads,3200000,7,5,0.5449616309997509,0.30184563,0.46517562,0.23297875
pthreads,3200000,8,0,0.5989361150004697,0.30171188,0.46526219,0.23302594
pthreads,3200000,8,1,0.5930449810002756,0.30226125,0.46564187,0.23209688
pthreads,3200000,8,2,0.5941676610000286,0.30207375,0.46517562,0.23275062
pthreads,3200000,8,3,0.6022202080002899,0.3015525,0.46589156,0.23255594
pthreads,3200000,8,4,0.5930878290000692,0.30178281,0.46532594,0.23289125
pthreads,3200000,8,5,0.5881137869992017,0.30185563,0.46527438,0.23287
pthreads,6400000,1,0,0.43436989200017706,0.30172766,0.46577844,0.23249391
pthreads,6400000,1,1,0.43463464900014515,0.30174797,0.46584969,0.23240234
pthreads,6400000,1,2,0.43704511399937473,0.30191937,0.46516547,0.23291516
pthreads,6400000,1,3,0.4361497679992681,0.30190203,0.46536344,0.23273453
pthreads,6400000,1,4,0.4335522149995086,0.30157937,0.46584844,0.23257219
pthreads,6400000,1,5,0.43397511599960126,0.30174156,0.46565812,0.23260031
pthreads,6400000,2,0,0.45508960700044554,0.30194906,0.46505812,0.23299281
pthreads,6400000,2,1,0.4562876909994884,0.30175297,0.46582766,0.23241938
pthreads,6400000,2,2,0.45662364800045907,0.30201187,0.46527391,0.23271422
pthreads,6400000,2,3,0.4542315469998357,0.30164031,0.46543969,0.23292
pthreads,6400000,2,4,0.4587407760000133,0.30185109,0.46551063,0.23263828
pthreads,6400000,2,5,0.4577371920004225,0.3019125,0.46528156,0.23280594
pthreads,6400000,3,0,0.5208552429994597,0.30193938,0.46535578,0.23270484
pthreads,6400000,3,1,0.5398958610003319,0.30189922,0.465615,0.23248578
pthreads,6400000,3,2,0.515843271000449,0.3021175,0.46504703,0.23283547
pthreads,6400000,3,3,0.5217960810005025,0.30174937,0.46557047,0.23268016
pthreads,6400000,3,4,0.5173596260001432,0.3018725,0.46534828,0.23277922
pthreads,6400000,3,5,0.5222952029998851,0.30179375,0.46535859,0.23284766
pthreads,6400000,4,0,0.5835732989999087,0.30198234,0.46509875,0.23291891
pthreads,6400000,4,1,0.5864728249998734,0.30182656,0.46563891,0.23253453
pthreads,6400000,4,2,0.5853553939996345,0.30215703,0.46489766,0.23294531
pthreads,6400000,4,3,0.5804281740001898,0.30183078,0.46535609,0.23281313
pthreads,6400000,4,4,0.5843515329997899,0.30181469,0.46535813,0.23282719
pthreads,6400000,4,5,0.5794790200006901,0.30182656,0.46552016,0.23265328
pthreads,6400000,5,0,0.6421465029998217,0.30174953,0.46529984,0.23295062
pthreads,6400000,5,1,0.6406193749999147,0.30193359,0.46562234,0.23244406
pthreads,6400000,5,2,0.6409872629992606,0.30194391,0.46523422,0.23282188
pthreads,6400000,5,3,0.632621022999956,0.30174141,0.46561562,0.23264297
pthreads,6400000,5,4,0.6385553539994362,0.30175969,0.46549641,0.23274391
pthreads,6400000,5,5,0.6458059749993481,0.30203687,0.46517031,0.23279281
pthreads,6400000,6,0,0.7410297309997986,0.30182109,0.46515297,0.23302594
pthreads,6400000,6,1,0.7579232629996113,0.30208281,0.46575156,0.23216562
pthreads,6400000,6,2,0.7907386719998613,0.30211,0.46520391,0.23268609
pthreads,6400000,6,3,0.750662805000502,0.30166359,0.46567313,0.23266328
pthreads,6400000,6,4,0.7573000869997486,0.30181703,0.46522297,0.23296
pthreads,6400000,6,5,0.760511526999835,0.30197188,0.46525047,0.23277766
pthreads,6400000,7,0,1.0574838809998255,0.30167187,0.46537625,0.23295188
pthreads,6400000,7,1,1.0870354190001308,0.3021,0.46587219,0.23202781
pthreads,6400000,7,2,1.0527063119998274,0.30200578,0.46529672,0.2326975
pthreads,6400000,7,3,1.045504560000154,0.30163672,0.46565266,0.23271063
pthreads,6400000,7,4,1.0312622769997688,0.30186969,0.46528422,0.23284609
pthreads,6400000,7,5,1.0560914839998077,0.3019225,0.46527516,0.23280234
pthreads,6400000,8,0,1.1785641960004796,0.30173984,0.46519516,0.233065
pthreads,6400000,8,1,1.1952282700003707,0.30203203,0.46580047,0.2321675
pthreads,6400000,8,2,1.1879992129997845,0.30195484,0.46538844,0.23265672
pthreads,6400000,8,3,1.1832072930001232,0.30168062,0.46567656,0.23264281
pthreads,6400000,8,4,1.180548239000018,0.30179094,0.46529016,0.23291891
pthreads,6400000,8,5,1.190789899000265,0.30194234,0.46524844,0.23280922
pthreads,12800000,1,0,0.8683982920001654,0.301795,0.46563547,0.23256953
pthreads,12800000,1,1,0.8713301529996897,0.30172148,0.46575703,0.23252148
pthreads,12800000,1,2,0.8658741609997378,0.30182641,0.46551406,0.23265953
pthreads,12800000,1,3,0.8725089049994494,0.30182195,0.46551336,0.23266469
pthreads,12800000,1,4,0.8657356749999963,0.30162875,0.46573578,0.23263547
pthreads,12800000,1,5,0.8767455480001445,0.30169859,0.4656532,0.2326482
pthreads,12800000,2,0,0.9141832290006278,0.30178828,0.46550789,0.23270383
pthreads,12800000,2,1,0.9075927069998215,0.30178828,0.46579539,0.23241633
pthreads,12800000,2,2,0.9042756490007378,0.30186641,0.46543758,0.23269602
pthreads,12800000,2,3,0.9057549449998987,0.30185297,0.46532969,0.23281734
pthreads,12800000,2,4,0.9183225890001268,0.30177742,0.46556242,0.23266016
pthreads,12800000,2,5,0.9067783889995553,0.30184453,0.46543812,0.23271734
pthreads,12800000,3,0,1.0462684359999912,0.30191203,0.46531273,0.23277523
pthreads,12800000,3,1,1.0264167850000376,0.30186969,0.4657068,0.23242352
pthreads,12800000,3,2,1.0423261989999446,0.30188172,0.46550648,0.2326118
pthreads,12800000,3,3,1.0331293479994201,0.30178187,0.46546781,0.23275031
pthreads,12800000,3,4,1.0384007129996462,0.30180289,0.46553273,0.23266438
pthreads,12800000,3,5,1.0328235040005893,0.30175906,0.4654918,0.23274914
pthreads,12800000,4,0,1.1602234000001772,0.30191102,0.46513641,0.23295258
pthreads,12800000,4,1,1.147850169000776,0.30178539,0.46574023,0.23247438
pthreads,12800000,4,2,1.176542444000006,0.301935,0.46531766,0.23274734
pthreads,12800000,4,3,1.1622205500007112,0.30171008,0.4654957,0.23279422
pthreads,12800000,4,4,1.1571162449999974,0.3018968,0.46538594,0.23271727
pthreads,12800000,4,5,1.1609343669997543,0.30185508,0.46549281,0.23265211
pthreads,12800000,5,0,1.2742566400002033,0.30184883,0.46537477,0.23277641
pthreads,12800000,5,1,1.2734719469999618,0.30193273,0.46551172,0.23255555
pthreads,12800000,5,2,1.2707697380001264,0.30186242,0.46543516,0.23270242
pthreads,12800000,5,3,1.2863708309996582,0.30176703,0.46560789,0.23262508
pthreads,12800000,5,4,1.2987870789993394,0.30181484,0.46548187,0.23270328
pthreads,12800000,5,5,1.2689695210001446,0.30175773,0.46537828,0.23286398
pthreads,12800000,6,0,1.5052001450003445,0.30191336,0.46533172,0.23275492
pthreads,12800000,6,1,1.5257887730003858,0.30181586,0.46558641,0.23259773
pthreads,12800000,6,2,1.494822087999637,0.30188555,0.46541703,0.23269742
pthreads,12800000,6,3,1.5177628230003393,0.3017893,0.46558031,0.23263039
pthreads,12800000,6,4,1.4618653859997721,0.30195125,0.46533391,0.23271484
pthreads,12800000,6,5,1.481598868999754,0.30183047,0.46531555,0.23285398
pthreads,12800000,7,0,2.1323473580005157,0.30186266,0.46537422,0.23276312
pthreads,12800000,7,1,2.1600764989998424,0.30169578,0.46576828,0.23253594
pthreads,12800000,7,2,2.127668786999493,0.30187102,0.46540523,0.23272375
pthreads,12800000,7,3,2.126026204000482,0.30174258,0.46560758,0.23264984
pthreads,12800000,7,4,2.1342822409997098,0.30187898,0.46542258,0.23269844
pthreads,12800000,7,5,2.1231551689998014,0.30180711,0.46535484,0.23283805
pthreads,12800000,8,0,2.4071259410002313,0.30180812,0.46534219,0.23284969
pthreads,12800000,8,1,2.379325388000325,0.30173148,0.46572016,0.23254836
pthreads,12800000,8,2,2.3481352310000148,0.30190125,0.46536617,0.23273258
pthreads,12800000,8,3,2.411384060000273,0.30175547,0.46559539,0.23264914
pthreads,12800000,8,4,2.3794995649996054,0.30182508,0.4654843,0.23269063
pthreads,12800000,8,5,2.36232467300033,0.30187352,0.4653218,0.23280469
pthreads,25600000,1,0,1.7517143540007964,0.30177195,0.46562004,0.23260801
pthreads,25600000,1,1,1.7525947849999284,0.30175563,0.46563727,0.23260711
pthreads,25600000,1,2,1.7417824079993807,0.30181246,0.46546344,0.2327241
pthreads,25600000,1,3,1.7540234750003947,0.30179113,0.46553254,0.23267633
pthreads,25600000,1,4,1.7634715129997858,0.30172676,0.46564664,0.2326266
pthreads,25600000,1,5,1.7530001270006323,0.3017652,0.4655966,0.2326382
pthreads,25600000,2,0,1.8288363689998732,0.30180133,0.4655577,0.23264098
pthreads,25600000,2,1,1.8215555899996616,0.30173531,0.46571488,0.2325498
pthreads,25600000,2,2,1.8272990109999228,0.30178469,0.46560902,0.23260629
pthreads,25600000,2,3,1.8426228899998023,0.30179957,0.46550961,0.23269082
pthreads,25600000,2,4,1.833091642999534,0.30172523,0.46563437,0.23264039
pthreads,25600000,2,5,1.851885177999975,0.3017573,0.46558719,0.23265551
pthreads,25600000,3,0,2.079224952000004,0.3017698,0.46551023,0.23271996
pthreads,25600000,3,1,2.091741322999951,0.30174754,0.46571223,0.23254023
pthreads,25600000,3,2,2.1161965119999877,0.30182066,0.46551664,0.2326627
pthreads,25600000,3,3,2.065160420999746,0.30178859,0.46540512,0.23280629
pthreads,25600000,3,4,2.0822543200001746,0.30181957,0.46551555,0.23266488
pthreads,25600000,3,5,2.085289269999521,0.30181102,0.46550969,0.2326793
pthreads,25600000,4,0,2.354695346999506,0.30183652,0.46542383,0.23273965
pthreads,25600000,4,1,2.347765253999569,0.30178523,0.46568207,0.2325327
pthreads,25600000,4,2,2.558370630999889,0.30182641,0.46542828,0.23274531
pthreads,25600000,4,3,2.583358318000137,0.30176297,0.46551445,0.23272258
pthreads,25600000,4,4,2.4412679520000893,0.30184465,0.46544738,0.23270797
pthreads,25600000,4,5,2.416909759000191,0.30180258,0.46549141,0.23270602
pthreads,25600000,5,0,2.6209441490000245,0.3018027,0.46542953,0.23276777
pthreads,25600000,5,1,2.6239763619996666,0.30180586,0.46558102,0.23261313
pthreads,25600000,5,2,2.599647339000512,0.301855,0.46555848,0.23258652
pthreads,25600000,5,3,2.628271599999607,0.30176953,0.46557961,0.23265086
pthreads,25600000,5,4,2.758323750999807,0.30180215,0.46550316,0.23269469
pthreads,25600000,5,5,2.672279114000048,0.30186703,0.46537574,0.23275723
pthreads,25600000,6,0,3.1735597560000315,0.30184531,0.46537953,0.23277516
pthreads,25600000,6,1,3.1757229059994643,0.30182074,0.46560523,0.23257402
pthreads,25600000,6,2,3.0339036949999354,0.30177008,0.46558645,0.23264348
pthreads,25600000,6,3,3.1055077460005123,0.30178242,0.46556883,0.23264875
pthreads,25600000,6,4,4.143269309000061,0.30182539,0.46548187,0.23269273
pthreads,25600000,6,5,3.3153754949998984,0.30179273,0.46545625,0.23275102
pthreads,25600000,7,0,4.4600226259999545,0.30177141,0.46540668,0.23282191
pthreads,25600000,7,1,4.375919246999729,0.30174824,0.46568656,0.2325652
pthreads,25600000,7,2,4.420950350000567,0.30183988,0.46552699,0.23263312
pthreads,25600000,7,3,4.310841291000543,0.3017841,0.4655327,0.2326832
pthreads,25600000,7,4,4.399652303000039,0.30179379,0.46553066,0.23267555
pthreads,25600000,7,5,4.354905937000694,0.30183922,0.465495,0.23266578
pthreads,25600000,8,0,4.8534105820008335,0.3017841,0.46540434,0.23281156
pthreads,25600000,8,1,4.815503036000337,0.30177605,0.46569371,0.23253023
pthreads,25600000,8,2,4.793038942000749,0.30189363,0.46544453,0.23266184
pthreads,25600000,8,3,4.936771368000336,0.30173535,0.46552312,0.23274152
pthreads,25600000,8,4,4.853379506000238,0.30181879,0.46553371,0.2326475
pthreads,25600000,8,5,4.824687586000437,0.30187609,0.46542324,0.23270066
mpi,100000,1,0,0.3199444689998927,0.3023,0.46462,0.23308
mpi,100000,1,1,0.32032998199974827,0.3038,0.46482,0.23138
mpi,100000,1,2,0.3225543059998017,0.30377,0.46422,0.23201
mpi,100000,1,3,0.3291886790002536,0.30223,0.4637,0.23407
mpi,100000,1,4,0.32331069500014564,0.30201,0.46557,0.23242
mpi,100000,1,5,0.3243417479998243,0.29851,0.46869,0.2328
mpi,100000,2,0,0.3237230629993064,0.29994,0.46401,0.23605
mpi,100000,2,1,0.3238352530006523,0.30271,0.46636,0.23093
mpi,100000,2,2,0.3282565130002695,0.30218,0.46465,0.23317
mpi,100000,2,3,0.3236323959999936,0.29996,0.46507,0.23497
mpi,100000,2,4,0.3236161530003301,0.30207,0.46542,0.23251
mpi,100000,2,5,0.319338510000307,0.30075,0.46608,0.23317
mpi,100000,3,0,0.3243477680007345,0.30136,0.4648,0.23384
mpi,100000,3,1,0.323905835000005,0.303,0.46566,0.23134
mpi,100000,3,2,0.32784590600022057,0.30087,0.46724,0.23189
mpi,100000,3,3,0.32821514399984153,0.30004,0.4661,0.23386
mpi,100000,3,4,0.32695297699956427,0.30272,0.4644,0.23288
mpi,100000,3,5,0.3284282369995708,0.30392,0.46443,0.23165
mpi,100000,4,0,0.33098406699991756,0.30289,0.46354,0.23357
mpi,100000,4,1,0.32930475899956946,0.30258,0.4677,0.22972
mpi,100000,4,2,0.33048317399970983,0.30113,0.46622,0.23265
mpi,100000,4,3,0.32909480599937524,0.30244,0.46549,0.23207
mpi,100000,4,4,0.3309771920003186,0.30249,0.46364,0.23387
mpi,100000,4,5,0.3279995250004504,0.30323,0.46403,0.23274
mpi,100000,5,0,0.3395755179999469,0.30333,0.46459,0.23208
mpi,100000,5,1,0.3355734240003585,0.30333,0.46563,0.23104
mpi,100000,5,2,0.3312636310001835,0.30083,0.46543,0.23374
mpi,100000,5,3,0.3371798480002326,0.30204,0.46598,0.23198
mpi,100000,5,4,0.3349625920000108,0.30314,0.46332,0.23354
mpi,100000,5,5,0.3366944129993499,0.30353,0.46393,0.23254
mpi,100000,6,0,0.3361725819995627,0.30332,0.46578,0.2309
mpi,100000,6,1,0.3426622420001877,0.3042,0.46478,0.23102
mpi,100000,6,2,0.3398816139997507,0.30183,0.46607,0.2321
mpi,100000,6,3,0.3356171079994965,0.30218,0.46617,0.23165
mpi,100000,6,4,0.33591681699999754,0.30242,0.46355,0.23403
mpi,100000,6,5,0.3415775339999527,0.30342,0.4638,0.23278
mpi,100000,7,0,0.34259546599969326,0.30165,0.46678,0.23157
mpi,100000,7,1,0.34174696800073434,0.3027,0.46488,0.23242
mpi,100000,7,2,0.3440060139992056,0.30065,0.46616,0.23319
mpi,100000,7,3,0.3432292890001918,0.30185,0.4655,0.23265
mpi,100000,7,4,0.34494002900009946,0.30189,0.46402,0.23409
mpi,100000,7,5,0.343134984000244,0.30354,0.46406,0.2324
mpi,100000,8,0,0.34718480100036686,0.30138,0.46714,0.23148
mpi,100000,8,1,0.3485440899994501,0.30355,0.46354,0.23291
mpi,100000,8,2,0.34711981500004185,0.30056,0.46625,0.23319
mpi,100000,8,3,0.34446736499921826,0.30265,0.46475,0.2326
mpi,100000,8,4,0.34657568100010394,0.3025,0.46334,0.23416
mpi,100000,8,5,0.3447922920004203,0.30382,0.46401,0.23217
mpi,200000,1,0,0.32774408099976426,0.301555,0.46547,0.232975
mpi,200000,1,1,0.3321523820004586,0.302645,0.46438,0.232975
mpi,200000,1,2,0.32761158799985424,0.302755,0.46481,0.232435
mpi,200000,1,3,0.3276787860004333,0.301055,0.46473,0.234215
mpi,200000,1,4,0.3284334909994868,0.30147,0.465715,0.232815
mpi,200000,1,5,0.3327074300004824,0.300405,0.46723,0.232365
mpi,200000,2,0,0.3239565650001168,0.30171,0.464145,0.234145
mpi,200000,2,1,0.3242978119997133,0.303385,0.464765,0.23185
mpi,200000,2,2,0.3237148240004899,0.30341,0.464465,0.232125
mpi,200000,2,3,0.3232274980000511,0.30081,0.46566,0.23353
mpi,200000,2,4,0.3235706310006208,0.301935,0.46438,0.233685
mpi,200000,2,5,0.32476511299955746,0.300545,0.466355,0.2331
mpi,200000,3,0,0.3307056109997575,0.30117,0.464275,0.234555
mpi,200000,3,1,0.3330484090001846,0.301375,0.466075,0.23255
mpi,200000,3,2,0.32708301000002393,0.302235,0.464545,0.23322
mpi,200000,3,3,0.32864092599993455,0.300165,0.465975,0.23386
mpi,200000,3,4,0.32773576300041896,0.30198,0.46547,0.23255
mpi,200000,3,5,0.3285947920003309,0.301715,0.465595,0.23269
mpi,200000,4,0,0.3442357929998252,0.3001,0.46562,0.23428
mpi,200000,4,1,0.3362706559992148,0.301895,0.465925,0.23218
mpi,200000,4,2,0.334463852999761,0.301905,0.4647,0.233395
mpi,200000,4,3,0.3366070749998471,0.301465,0.465385,0.23315
mpi,200000,4,4,0.33218433299953176,0.301595,0.46572,0.232685
mpi,200000,4,5,0.33600889399986045,0.302215,0.46607,0.231715
mpi,200000,5,0,0.3376258649996089,0.3012,0.46551,0.23329
mpi,200000,5,1,0.33682386399959796,0.30222,0.46575,0.23203
mpi,200000,5,2,0.33523838099972636,0.301505,0.46614,0.232355
mpi,200000,5,3,0.33459099599986075,0.302325,0.464835,0.23284
mpi,200000,5,4,0.33696695100024954,0.30243,0.464115,0.233455
mpi,200000,5,5,0.3359956490003242,0.30291,0.46562,0.23147
mpi,200000,6,0,0.34574185400015267,0.301215,0.466475,0.23231
mpi,200000,6,1,0.3385911989998931,0.303065,0.464575,0.23236
mpi,200000,6,2,0.33664672699978837,0.30235,0.46619,0.23146
mpi,200000,6,3,0.33916213999964384,0.30286,0.46467,0.23247
mpi,200000,6,4,0.3357803019998755,0.302145,0.46371,0.234145
mpi,200000,6,5,0.3415196129999458,0.303595,0.46501,0.231395
mpi,200000,7,0,0.34519027099941013,0.301785,0.46623,0.231985
mpi,200000,7,1,0.3465255920000345,0.303615,0.465265,0.23112
mpi,200000,7,2,0.34481401599987294,0.301475,0.465995,0.23253
mpi,200000,7,3,0.3435265319994869,0.30245,0.46433,0.23322
mpi,200000,7,4,0.35071293900000455,0.30195,0.46375,0.2343
mpi,200000,7,5,0.3405485370003589,0.30253,0.465415,0.232055
mpi,200000,8,0,0.34934376099954534,0.30127,0.466585,0.232145
mpi,200000,8,1,0.3519297689999803,0.30317,0.46549,0.23134
mpi,200000,8,2,0.3512727919996905,0.3011,0.465705,0.233195
mpi,200000,8,3,0.34767731400006596,0.30258,0.464885,0.232535
mpi,200000,8,4,0.3489508040001965,0.30199,0.463485,0.234525
mpi,200000,8,5,0.34669380800005456,0.302965,0.464595,0.23244
mpi,400000,1,0,0.3478793180001958,0.3021475,0.4652225,0.23263
mpi,400000,1,1,0.35236409499975707,0.302245,0.4652525,0.2325025
mpi,400000,1,2,0.3418297439993694,0.30214,0.4648625,0.2329975
mpi,400000,1,3,0.34616080400064675,0.30183,0.46524,0.23293
mpi,400000,1,4,0.3425695839996479,0.3009575,0.465745,0.2332975
mpi,400000,1,5,0.33950924500004476,0.30021,0.466435,0.233355
mpi,400000,2,0,0.3400703870001962,0.3014825,0.4644775,0.23404
mpi,400000,2,1,0.330833230999815,0.3029625,0.464485,0.2325525
mpi,400000,2,2,0.3321731460000592,0.3023275,0.46509,0.2325825
mpi,400000,2,3,0.33246826799950213,0.300985,0.465955,0.23306
mpi,400000,2,4,0.33125101499990706,0.3012575,0.4649375,0.233805
mpi,400000,2,5,0.3328693129997191,0.3014025,0.465655,0.2329425
mpi,400000,3,0,0.3337856289999763,0.3017575,0.4647,0.2335425
mpi,400000,3,1,0.33395237700005964,0.3020875,0.4653075,0.232605
mpi,400000,3,2,0.3314756789995954,0.3027275,0.46448,0.2327925
mpi,400000,3,3,0.32935177699982887,0.3007675,0.4660825,0.23315
mpi,400000,3,4,0.3313397439997061,0.302,0.46539,0.23261
mpi,400000,3,5,0.33110579999993206,0.30173,0.4657025,0.2325675
mpi,400000,4,0,0.33232516499992926,0.30152,0.464865,0.233615
mpi,400000,4,1,0.3398799369997505,0.3020775,0.4652575,0.232665
mpi,400000,4,2,0.3348686200006341,0.3026575,0.46423,0.2331125
mpi,400000,4,3,0.33263114400051563,0.301225,0.4660925,0.2326825
mpi,400000,4,4,0.3363528370000495,0.302085,0.4649725,0.2329425
mpi,400000,4,5,0.3356677639994814,0.3018325,0.465525,0.2326425
mpi,400000,5,0,0.3354877909996503,0.3011075,0.4658475,0.233045
mpi,400000,5,1,0.3409927600005176,0.3021475,0.4652475,0.232605
mpi,400000,5,2,0.3408077969997976,0.3025475,0.4648075,0.232645
mpi,400000,5,3,0.33850686799996765,0.30087,0.4663125,0.2328175
mpi,400000,5,4,0.33550081999965187,0.3023675,0.46471,0.2329225
mpi,400000,5,5,0.34054761200059147,0.3017775,0.465725,0.2324975
mpi,400000,6,0,0.3452223739996043,0.3012675,0.4658175,0.232915
mpi,400000,6,1,0.3426477649991284,0.3021825,0.4649425,0.232875
mpi,400000,6,2,0.34623714500048663,0.3024375,0.465175,0.2323875
mpi,400000,6,3,0.3457826280000518,0.3014525,0.46571,0.2328375
mpi,400000,6,4,0.341380372000458,0.3014525,0.46574,0.2328075
mpi,400000,6,5,0.3432654240004922,0.301815,0.4662675,0.2319175
mpi,400000,7,0,0.34337807599968073,0.3007825,0.465905,0.2333125
mpi,400000,7,1,0.34753599200030294,0.30191,0.46525,0.23284
mpi,400000,7,2,0.34876932299994223,0.3018675,0.465285,0.2328475
mpi,400000,7,3,0.34801912300008553,0.3015175,0.46565,0.2328325
mpi,400000,7,4,0.3489317019993905,0.301415,0.46536,0.233225
mpi,400000,7,5,0.35107278899977246,0.301845,0.466895,0.23126
mpi,400000,8,0,0.3539188600007037,0.300255,0.466775,0.23297
mpi,400000,8,1,0.3554230899999311,0.3023425,0.4652125,0.232445
mpi,400000,8,2,0.35621792300025845,0.3016425,0.4656575,0.2327
mpi,400000,8,3,0.3506808040001488,0.3019175,0.46555,0.2325325
mpi,400000,8,4,0.34443618200020865,0.3016225,0.46504,0.2333375
mpi,400000,8,5,0.3528311059999396,0.30168,0.466465,0.231855
mpi,800000,1,0,0.36773648300004425,0.302055,0.465475,0.23247
mpi,800000,1,1,0.36876331199982815,0.302545,0.46566625,0.23178875
mpi,800000,1,2,0.3672278309995818,0.30242,0.46414875,0.23343125
mpi,800000,1,3,0.368101906999982,0.30171625,0.46583,0.23245375
mpi,800000,1,4,0.3665028120003626,0.3007925,0.4657075,0.2335
mpi,800000,1,5,0.3688482910001767,0.30113125,0.4656725,0.23319625
mpi,800000,2,0,0.34824753400062036,0.301325,0.465005,0.23367
mpi,800000,2,1,0.34806753900011245,0.30266375,0.46493625,0.2324
mpi,800000,2,2,0.34422314599942183,0.301635,0.46560125,0.23276375
mpi,800000,2,3,0.3471168840005703,0.30125125,0.46568,0.23306875
mpi,800000,2,4,0.344212983000034,0.30083,0.4653275,0.2338425
mpi,800000,2,5,0.34382609199928993,0.30122875,0.4655,0.23327125
mpi,800000,3,0,0.34054249200016784,0.3015225,0.4655325,0.232945
mpi,800000,3,1,0.34316981400024815,0.302235,0.465295,0.23247
mpi,800000,3,2,0.34671081000033155,0.30214375,0.4649425,0.23291375
mpi,800000,3,3,0.3414499569998952,0.30111,0.466005,0.232885
mpi,800000,3,4,0.3400131340004009,0.302265,0.46491875,0.23281625
mpi,800000,3,5,0.33968749000086973,0.302015,0.4653025,0.2326825
mpi,800000,4,0,0.3415762619997622,0.30128875,0.46521625,0.233495
mpi,800000,4,1,0.3424276359992291,0.302545,0.46487875,0.23257625
mpi,800000,4,2,0.3411318879998362,0.3017025,0.465075,0.2332225
mpi,800000,4,3,0.3441107219996411,0.3010675,0.465975,0.2329575
mpi,800000,4,4,0.34068916399974114,0.301725,0.46527875,0.23299625
mpi,800000,4,5,0.34239838300072734,0.30212125,0.46488375,0.232995
mpi,800000,5,0,0.3446705979995386,0.3013725,0.4654275,0.2332
mpi,800000,5,1,0.34605382300014753,0.3025575,0.46489625,0.23254625
mpi,800000,5,2,0.35378502099956677,0.30215875,0.46515875,0.2326825
mpi,800000,5,3,0.3460675930000434,0.30090375,0.4663525,0.23274375
mpi,800000,5,4,0.3450092670000231,0.30222,0.465145,0.232635
mpi,800000,5,5,0.34794386900011887,0.3016575,0.46546,0.2328825
mpi,800000,6,0,0.3484442589997343,0.301785,0.46549625,0.23271875
mpi,800000,6,1,0.3501779060006811,0.30225125,0.46454375,0.233205
mpi,800000,6,2,0.34930329700000584,0.30257625,0.4652025,0.23222125
mpi,800000,6,3,0.34737505600060103,0.3013975,0.466325,0.2322775
mpi,800000,6,4,0.3440382660000978,0.30181625,0.46574625,0.2324375
mpi,800000,6,5,0.3472523390000788,0.3013325,0.46612,0.2325475
mpi,800000,7,0,0.34716681899953983,0.301345,0.466095,0.23256
mpi,800000,7,1,0.3519324239996422,0.30258625,0.46448875,0.232925
mpi,800000,7,2,0.3478203949998715,0.30248625,0.46516875,0.232345
mpi,800000,7,3,0.34840026599977136,0.30135125,0.46628375,0.232365
mpi,800000,7,4,0.3515226129993607,0.30191375,0.46540875,0.2326775
mpi,800000,7,5,0.35188686000037706,0.30071125,0.46671,0.23257875
mpi,800000,8,0,0.3494674240000677,0.30142875,0.46616,0.23241125
mpi,800000,8,1,0.3504253430000972,0.30233375,0.46458625,0.23308
mpi,800000,8,2,0.35301073800019367,0.3018525,0.46552375,0.23262375
mpi,800000,8,3,0.35634724000010465,0.30142625,0.4660425,0.23253125
mpi,800000,8,4,0.3521853430002011,0.3021975,0.46484,0.2329625
mpi,800000,8,5,0.35561026000050333,0.30114,0.46600375,0.23285625
mpi,1600000,1,0,0.41604368499974953,0.30205188,0.46525688,0.23269125
mpi,1600000,1,1,0.4156526010001471,0.30189625,0.46593375,0.23217
mpi,1600000,1,2,0.41568861299947457,0.30236438,0.46446437,0.23317125
mpi,1600000,1,3,0.4121529369995187,0.3022875,0.465425,0.2322875
mpi,1600000,1,4,0.41555888899983984,0.30135375,0.46535312,0.23329312
mpi,1600000,1,5,0.4125064489999204,0.30166,0.46555812,0.23278187
mpi,1600000,2,0,0.3689388840002721,0.30173125,0.46534813,0.23292062
mpi,1600000,2,1,0.36744425399956526,0.30258875,0.46537125,0.23204
mpi,1600000,2,2,0.36764091800068854,0.30193063,0.4651375,0.23293188
mpi,1600000,2,3,0.3719236319993797,0.3015125,0.465845,0.2326425
mpi,1600000,2,4,0.37209396199978073,0.30108187,0.46547187,0.23344625
mpi,1600000,2,5,0.36803988800056686,0.30158313,0.46549125,0.23292562
mpi,1600000,3,0,0.35647875999984535,0.30160313,0.46565125,0.23274563
mpi,1600000,3,1,0.3558640440005547,0.3026325,0.46545625,0.23191125
mpi,1600000,3,2,0.3587511559999257,0.30180875,0.46493563,0.23325562
mpi,1600000,3,3,0.356177550999746,0.3012075,0.46612687,0.23266562
mpi,1600000,3,4,0.3585927730000549,0.301445,0.46567313,0.23288187
mpi,1600000,3,5,0.3579927500004487,0.30173125,0.46533625,0.2329325
mpi,1600000,4,0,0.3566728639998473,0.3012925,0.46566062,0.23304687
mpi,1600000,4,1,0.35146905700003117,0.30246,0.46516937,0.23237062
mpi,1600000,4,2,0.35822823100079404,0.3013375,0.46542875,0.23323375
mpi,1600000,4,3,0.3586738960002549,0.30153625,0.46580938,0.23265437
mpi,1600000,4,4,0.35509309899953223,0.30160938,0.46548125,0.23290938
mpi,1600000,4,5,0.3564157990003878,0.30184,0.4650075,0.2331525
mpi,1600000,5,0,0.352969868999935,0.30164062,0.46559375,0.23276563
mpi,1600000,5,1,0.356687071000124,0.30208062,0.46525563,0.23266375
mpi,1600000,5,2,0.358603313000458,0.3015125,0.46518437,0.23330313
mpi,1600000,5,3,0.3514990020003097,0.30155625,0.4658175,0.23262625
mpi,1600000,5,4,0.3617333800002598,0.30217625,0.46504187,0.23278187
mpi,1600000,5,5,0.3546637660001579,0.30181938,0.46517562,0.233005
mpi,1600000,6,0,0.3560614070001975,0.3018325,0.46562188,0.23254563
mpi,1600000,6,1,0.35420264699951076,0.3020375,0.46515625,0.23280625
mpi,1600000,6,2,0.35593911000069056,0.30176063,0.4654825,0.23275688
mpi,1600000,6,3,0.3534433689992511,0.30174625,0.46607125,0.2321825
mpi,1600000,6,4,0.3559490400002687,0.30199625,0.46507938,0.23292437
mpi,1600000,6,5,0.4352127530000871,0.30160188,0.46553187,0.23286625
mpi,1600000,7,0,0.3546508890003679,0.30162062,0.46584687,0.2325325
mpi,1600000,7,1,0.3569973769999706,0.30211875,0.46523375,0.2326475
mpi,1600000,7,2,0.3554283299999952,0.30175937,0.46553937,0.23270125
mpi,1600000,7,3,0.3545857760000217,0.30146875,0.46616687,0.23236438
mpi,1600000,7,4,0.35798363699996116,0.30211063,0.46493125,0.23295812
mpi,1600000,7,5,0.35966830699999264,0.30147438,0.46564312,0.2328825
mpi,1600000,8,0,0.3603160309994564,0.30167375,0.46595188,0.23237437
mpi,1600000,8,1,0.3682307999997647,0.30226125,0.46512562,0.23261313
mpi,1600000,8,2,0.3597237829999358,0.30151875,0.46579625,0.232685
mpi,1600000,8,3,0.3598379079994629,0.30143562,0.46619187,0.2323725
mpi,1600000,8,4,0.35992689299928315,0.30192,0.46514187,0.23293812
mpi,1600000,8,5,0.35967052999967564,0.30138687,0.46553813,0.233075
mpi,3200000,1,0,0.507879580000008,0.30188219,0.46519625,0.23292156
mpi,3200000,1,1,0.5155979000001025,0.30166562,0.46626469,0.23206969
mpi,3200000,1,2,0.508019097000215,0.30199531,0.46506938,0.23293531
mpi,3200000,1,3,0.5080365280000478,0.3015975,0.46569531,0.23270719
mpi,3200000,1,4,0.5116250330002003,0.30161594,0.46577344,0.23261062
mpi,3200000,1,5,0.5162828839993381,0.30189813,0.46541594,0.23268594
mpi,3200000,2,0,0.41624996900009137,0.3018875,0.46538281,0.23272969
mpi,3200000,2,1,0.419551212999977,0.30183031,0.46597531,0.23219438
mpi,3200000,2,2,0.41969347999929596,0.30209656,0.46507,0.23283344
mpi,3200000,2,3,0.4156441260001884,0.30197406,0.46535031,0.23267562
mpi,3200000,2,4,0.4202260969996132,0.30152406,0.46548375,0.23299219
mpi,3200000,2,5,0.4200664899999538,0.30185125,0.46547594,0.23267281
mpi,3200000,3,0,0.3888561309995566,0.30174688,0.46580875,0.23244438
mpi,3200000,3,1,0.39134138400004304,0.30240312,0.46583594,0.23176094
mpi,3200000,3,2,0.3879095789998246,0.30195125,0.46514437,0.23290437
mpi,3200000,3,3,0.3877339979999306,0.30184719,0.46554594,0.23260687
mpi,3200000,3,4,0.3871379709999019,0.30163812,0.4656225,0.23273937
mpi,3200000,3,5,0.3887737229997583,0.3018475,0.46526469,0.23288781
mpi,3200000,4,0,0.37519150499974785,0.3016175,0.46592031,0.23246219
mpi,3200000,4,1,0.37694013100008306,0.30246563,0.46553719,0.23199719
mpi,3200000,4,2,0.3795892990001448,0.30176531,0.46513656,0.23309812
mpi,3200000,4,3,0.3841666220005209,0.30189656,0.46567531,0.23242813
mpi,3200000,4,4,0.3767818550004449,0.30152937,0.46554031,0.23293031
mpi,3200000,4,5,0.37377254700004414,0.30193031,0.465135,0.23293469
mpi,3200000,5,0,0.369837969999935,0.30163969,0.46589875,0.23246156
mpi,3200000,5,1,0.37154664100035006,0.30230125,0.46554969,0.23214906
mpi,3200000,5,2,0.37170444000003044,0.30150906,0.46533625,0.23315469
mpi,3200000,5,3,0.3716451000000234,0.30173062,0.46576156,0.23250781
mpi,3200000,5,4,0.3772955130007176,0.30168062,0.46557125,0.23274813
mpi,3200000,5,5,0.37426016700010223,0.30186656,0.46508688,0.23304656
mpi,3200000,6,0,0.36930662499980826,0.30187812,0.46566344,0.23245844
mpi,3200000,6,1,0.37701637400004984,0.3022325,0.46535031,0.23241719
mpi,3200000,6,2,0.37012740099999064,0.30138125,0.46556219,0.23305656
mpi,3200000,6,3,0.36868585299998813,0.30188531,0.46589094,0.23222375
mpi,3200000,6,4,0.37034587200014357,0.30170344,0.46545281,0.23284375
mpi,3200000,6,5,0.37200105099964276,0.30169406,0.46541938,0.23288656
mpi,3200000,7,0,0.3714068090002911,0.30189813,0.46556,0.23254188
mpi,3200000,7,1,0.3851655150001534,0.30220406,0.46535469,0.23244125
mpi,3200000,7,2,0.37545572299950436,0.30146625,0.46575219,0.23278156
mpi,3200000,7,3,0.38521353699979954,0.30186438,0.46590781,0.23222781
mpi,3200000,7,4,0.36944013599986647,0.30180375,0.46541688,0.23277938
mpi,3200000,7,5,0.3733557519999522,0.30146031,0.46556406,0.23297562
mpi,3200000,8,0,0.3723851749991809,0.30190719,0.46568219,0.23241063
mpi,3200000,8,1,0.3836149420003494,0.30228344,0.46525406,0.2324625
mpi,3200000,8,2,0.379204134000247,0.30104125,0.46609906,0.23285969
mpi,3200000,8,3,0.37633143499988364,0.30177906,0.46592031,0.23230063
mpi,3200000,8,4,0.3798741290001999,0.30182844,0.46531406,0.2328575
mpi,3200000,8,5,0.3759246419995179,0.30125375,0.46553219,0.23321406
mpi,6400000,1,0,0.6995684849998725,0.30172766,0.46577844,0.23249391
mpi,6400000,1,1,0.7121740849997877,0.30174797,0.46584969,0.23240234
mpi,6400000,1,2,0.6997930720008299,0.30191937,0.46516547,0.23291516
mpi,6400000,1,3,0.6962792739996075,0.30190203,0.46536344,0.23273453
mpi,6400000,1,4,0.6958216019993415,0.30157937,0.46584844,0.23257219
mpi,6400000,1,5,0.6956063710003946,0.30174156,0.46565812,0.23260031
mpi,6400000,2,0,0.5124452899999596,0.30196047,0.46507359,0.23296594
mpi,6400000,2,1,0.5150823399999354,0.30168563,0.46598187,0.2323325
mpi,6400000,2,2,0.5067530050000641,0.30187234,0.46531422,0.23281344
mpi,6400000,2,3,0.5088733780003167,0.30162062,0.46562297,0.23275641
mpi,6400000,2,4,0.50745398700019,0.30183266,0.46535422,0.23281313
mpi,6400000,2,5,0.5076675970003635,0.30191625,0.46536109,0.23272266
mpi,6400000,3,0,0.4520374459998493,0.30187531,0.46558906,0.23253562
mpi,6400000,3,1,0.4512738580006044,0.30173109,0.46604219,0.23222672
mpi,6400000,3,2,0.4509607579993826,0.30188531,0.46526734,0.23284734
mpi,6400000,3,3,0.4534196869999505,0.30176406,0.46555797,0.23267797
mpi,6400000,3,4,0.45384058699983143,0.30173672,0.46579375,0.23246953
mpi,6400000,3,5,0.44973028599997633,0.30171016,0.46545469,0.23283516
mpi,6400000,4,0,0.41975549400012824,0.30164375,0.46599969,0.23235656
mpi,6400000,4,1,0.4245914120001544,0.30185234,0.46591063,0.23223703
mpi,6400000,4,2,0.4275829349999185,0.30189938,0.46525187,0.23284875
mpi,6400000,4,3,0.42841553799917165,0.30183328,0.46561453,0.23255219
mpi,6400000,4,4,0.43192753799939965,0.30167516,0.46556969,0.23275516
mpi,6400000,4,5,0.43203340800027945,0.30187516,0.46539938,0.23272547
mpi,6400000,5,0,0.4162798859997565,0.301595,0.46594062,0.23246438
mpi,6400000,5,1,0.4149320030001036,0.30199016,0.46584359,0.23216625
mpi,6400000,5,2,0.41266455200002383,0.30178641,0.46522594,0.23298766
mpi,6400000,5,3,0.44053390300086903,0.30186969,0.46569344,0.23243687
mpi,6400000,5,4,0.4192193999997471,0.30163344,0.46553,0.23283656
mpi,6400000,5,5,0.412837235000552,0.30185781,0.46524609,0.23289609
mpi,6400000,6,0,0.4099982389998331,0.30178203,0.46581,0.23240797
mpi,6400000,6,1,0.4073872150001989,0.30214078,0.46562375,0.23223547
mpi,6400000,6,2,0.40435159400021803,0.30164641,0.4653475,0.23300609
mpi,6400000,6,3,0.41170727600001555,0.30193469,0.46570594,0.23235938
mpi,6400000,6,4,0.404198266000094,0.30171797,0.46531266,0.23296938
mpi,6400000,6,5,0.4032839379997313,0.30176734,0.46535156,0.23288109
mpi,6400000,7,0,0.4094756630001939,0.30175344,0.46578188,0.23246469
mpi,6400000,7,1,0.41204968400052167,0.30205984,0.46566687,0.23227328
mpi,6400000,7,2,0.40782684500027244,0.30167906,0.46547563,0.23284531
mpi,6400000,7,3,0.4196682520005197,0.30195734,0.46582187,0.23222078
mpi,6400000,7,4,0.39815598400036833,0.30171891,0.46536547,0.23291562
mpi,6400000,7,5,0.4100333460000911,0.30167516,0.46545016,0.23287469
mpi,6400000,8,0,0.40481425899997703,0.30178172,0.46585312,0.23236516
mpi,6400000,8,1,0.40735284600032173,0.30213594,0.46558719,0.23227687
mpi,6400000,8,2,0.4121979679994183,0.30152406,0.46561266,0.23286328
mpi,6400000,8,3,0.4003275109998867,0.30190109,0.46583391,0.232265
mpi,6400000,8,4,0.41137140600039857,0.30164875,0.46545734,0.23289391
mpi,6400000,8,5,0.4119036519996371,0.30162219,0.46537859,0.23299922
mpi,12800000,1,0,1.0937280870002724,0.301795,0.46563547,0.23256953
mpi,12800000,1,1,1.1030551060002836,0.30172148,0.46575703,0.23252148
mpi,12800000,1,2,1.09569442800057,0.30182641,0.46551406,0.23265953
mpi,12800000,1,3,1.0920490469998185,0.30182195,0.46551336,0.23266469
mpi,12800000,1,4,1.0919958919994315,0.30162875,0.46573578,0.23263547
mpi,12800000,1,5,1.099617811999451,0.30169859,0.4656532,0.2326482
mpi,12800000,2,0,0.7155817850007224,0.30178328,0.46551375,0.23270297
mpi,12800000,2,1,0.7165752740002063,0.30178063,0.46560375,0.23261562
mpi,12800000,2,2,0.7154531360001783,0.30180242,0.46542461,0.23277297
mpi,12800000,2,3,0.7961808110003403,0.30178109,0.46548031,0.23273859
mpi,12800000,2,4,0.7030662520000988,0.30171047,0.46554656,0.23274297
mpi,12800000,2,5,0.7164381100001265,0.3017768,0.46565984,0.23256336
mpi,12800000,3,0,0.590721356999893,0.30182211,0.46552594,0.23265195
mpi,12800000,3,1,0.5893765790006,0.30176477,0.46580266,0.23243258
mpi,12800000,3,2,0.5846246370001609,0.30177289,0.46554398,0.23268312
mpi,12800000,3,3,0.5881742430001395,0.3017082,0.46557711,0.23271469
mpi,12800000,3,4,0.5868998670002838,0.30170914,0.46575266,0.2325382
mpi,12800000,3,5,0.579649366999547,0.3018032,0.46534273,0.23285406
mpi,12800000,4,0,0.5278728389994285,0.301795,0.46549141,0.23271359
mpi,12800000,4,1,0.5276095540002643,0.301735,0.46590945,0.23235555
mpi,12800000,4,2,0.5400717550000991,0.301805,0.46553008,0.23266492
mpi,12800000,4,3,0.5960152039997411,0.30166797,0.46563539,0.23269664
mpi,12800000,4,4,0.5958109519997379,0.30175742,0.46564227,0.23260031
mpi,12800000,4,5,0.6053643110008124,0.3018693,0.46541406,0.23271664
mpi,12800000,5,0,0.5001874850004242,0.30174367,0.46561641,0.23263992
mpi,12800000,5,1,0.503948171999582,0.30180398,0.46590406,0.23229195
mpi,12800000,5,2,0.49057486499987135,0.30177437,0.46543406,0.23279156
mpi,12800000,5,3,0.4885063040001114,0.30172172,0.46567875,0.23259953
mpi,12800000,5,4,0.48744771700057754,0.30173867,0.46563109,0.23263023
mpi,12800000,5,5,0.5379969389996404,0.30175977,0.46549281,0.23274742
mpi,12800000,6,0,0.49080746799972985,0.30183125,0.46562391,0.23254484
mpi,12800000,6,1,0.4778557939998791,0.30181094,0.46571742,0.23247164
mpi,12800000,6,2,0.4780956949998654,0.30171734,0.46547086,0.2328118
mpi,12800000,6,3,0.4795469890004824,0.30174438,0.46576828,0.23248734
mpi,12800000,6,4,0.5211950410002828,0.30185383,0.46547945,0.23266672
mpi,12800000,6,5,0.4909544329993878,0.30175516,0.46553297,0.23271188
mpi,12800000,7,0,0.5048431549994348,0.30185445,0.46552539,0.23262016
mpi,12800000,7,1,0.4659734489996481,0.30181883,0.46572586,0.23245531
mpi,12800000,7,2,0.4766853139999512,0.3017507,0.46542352,0.23282578
mpi,12800000,7,3,0.5002218340005129,0.30181547,0.46572375,0.23246078
mpi,12800000,7,4,0.4628248850003729,0.30178516,0.46545219,0.23276266
mpi,12800000,7,5,0.4639757479999389,0.30177141,0.46549805,0.23273055
mpi,12800000,8,0,0.45577484800014645,0.30170141,0.46575227,0.23254633
mpi,12800000,8,1,0.47181153600013204,0.3019007,0.46571117,0.23238813
mpi,12800000,8,2,0.46456670200041117,0.30163859,0.46544281,0.23291859
mpi,12800000,8,3,0.470481338999889,0.30183469,0.46567781,0.2324875
mpi,12800000,8,4,0.473768851999921,0.30173398,0.46545188,0.23281414
mpi,12800000,8,5,0.4709015589996852,0.30182148,0.46546227,0.23271625
mpi,25600000,1,0,1.8475192959995184,0.30177195,0.46562004,0.23260801
mpi,25600000,1,1,1.836157925000407,0.30175563,0.46563727,0.23260711
mpi,25600000,1,2,1.8707411180002964,0.30181246,0.46546344,0.2327241
mpi,25600000,1,3,1.8408963860001677,0.30179113,0.46553254,0.23267633
mpi,25600000,1,4,1.8682599079993452,0.30172676,0.46564664,0.2326266
mpi,25600000,1,5,1.8518726110005446,0.3017652,0.4655966,0.2326382
mpi,25600000,2,0,1.11224469499939,0.30180469,0.46556406,0.23263125
mpi,25600000,2,1,1.1039877740004158,0.30176309,0.46566188,0.23257504
mpi,25600000,2,2,1.1194474269996135,0.3018043,0.46550004,0.23269566
mpi,25600000,2,3,1.111664030000611,0.30178273,0.46549598,0.23272129
mpi,25600000,2,4,1.112296573999629,0.30172027,0.4656157,0.23266402
mpi,25600000,2,5,1.1080585530007738,0.30172852,0.46564285,0.23262863
mpi,25600000,3,0,0.8474994819998756,0.30180645,0.46556227,0.23263129
mpi,25600000,3,1,0.9327018030007821,0.30174773,0.46565641,0.23259586
mpi,25600000,3,2,0.8558629499993913,0.30179926,0.46549219,0.23270855
mpi,25600000,3,3,0.8515663280004446,0.30173062,0.46552637,0.23274301
mpi,25600000,3,4,0.8484289190000709,0.30175336,0.46558832,0.23265832
mpi,25600000,3,5,0.8515161760005867,0.30176035,0.46562945,0.2326102
mpi,25600000,4,0,0.7278933520001374,0.3017318,0.46562348,0.23264473
mpi,25600000,4,1,0.7236937909992776,0.30177246,0.4656759,0.23255164
mpi,25600000,4,2,0.7284831500001019,0.30172898,0.46559609,0.23267492
mpi,25600000,4,3,0.7988052410000819,0.30175141,0.46550191,0.23274668
mpi,25600000,4,4,0.7250615509992713,0.30170281,0.46564457,0.23265262
mpi,25600000,4,5,0.7270476799994867,0.30178684,0.46561762,0.23259555
mpi,25600000,5,0,0.7222419969994007,0.30176906,0.46561539,0.23261555
mpi,25600000,5,1,0.6584808480001811,0.30177398,0.46568043,0.23254559
mpi,25600000,5,2,0.6598718169998392,0.30178512,0.46554828,0.2326666
mpi,25600000,5,3,0.6595750630003749,0.30179922,0.46552387,0.23267691
mpi,25600000,5,4,0.7070302399997672,0.30173965,0.46563383,0.23262652
mpi,25600000,5,5,0.6800959669999429,0.301765,0.46554809,0.23268691
mpi,25600000,6,0,0.6848378240001693,0.3017927,0.46563961,0.2325677
mpi,25600000,6,1,0.6426888140003939,0.30178992,0.4656425,0.23256758
mpi,25600000,6,2,0.6992331069995998,0.30172473,0.46556266,0.23271262
mpi,25600000,6,3,0.6561742300000333,0.30169531,0.46566594,0.23263875
mpi,25600000,6,4,0.6740350439995382,0.30179465,0.46556902,0.23263633
mpi,25600000,6,5,0.655805333999524,0.30176285,0.4655418,0.23269535
mpi,25600000,7,0,0.6104895779999424,0.30180543,0.46551656,0.23267801
mpi,25600000,7,1,0.6136873899995408,0.30173664,0.46571988,0.23254348
mpi,25600000,7,2,0.5988147610005399,0.30180277,0.46549141,0.23270582
mpi,25600000,7,3,0.6394043250002142,0.30173152,0.46566285,0.23260563
mpi,25600000,7,4,0.6337935619994823,0.30184953,0.46548816,0.2326623
mpi,25600000,7,5,0.6611248380004326,0.30177715,0.46548984,0.23273301
mpi,25600000,8,0,0.5999827360001291,0.30180023,0.46551285,0.23268691
mpi,25600000,8,1,0.5929536240000743,0.30175082,0.46572598,0.2325232
mpi,25600000,8,2,0.6097775019998153,0.30176602,0.46546676,0.23276723
mpi,25600000,8,3,0.5815641350000078,0.30171883,0.46570262,0.23257855
mpi,25600000,8,4,0.6321008470004017,0.30179746,0.46548922,0.23271332
mpi,25600000,8,5,0.5545671939999011,0.30182391,0.46543461,0.23274148
serial,100000,1,0,0.009243024000170408,0.302,0.46548,0.23252
serial,100000,1,1,0.009205987000314053,0.30147,0.46564,0.23289
serial,100000,1,2,0.009109710000302584,0.30144,0.4647,0.23386
serial,100000,1,3,0.009088986000278965,0.30498,0.46385,0.23117
serial,100000,1,4,0.009044727999935276,0.30111,0.46736,0.23153
serial,100000,1,5,0.009013362999212404,0.30056,0.46726,0.23218
serial,200000,1,0,0.017689099000563147,0.301695,0.465665,0.23264
serial,200000,1,1,0.017848898000011104,0.301375,0.46541,0.233215
serial,200000,1,2,0.017342551999718125,0.30189,0.465085,0.233025
serial,200000,1,3,0.017601575999833585,0.30375,0.463625,0.232625
serial,200000,1,4,0.017393015999914496,0.300615,0.466715,0.23267
serial,200000,1,5,0.017595016000086616,0.301245,0.466695,0.23206
serial,400000,1,0,0.03115608699954464,0.30086,0.465915,0.233225
serial,400000,1,1,0.031143563000114227,0.301395,0.465195,0.23341
serial,400000,1,2,0.03166440999939368,0.301485,0.4657475,0.2327675
serial,400000,1,3,0.03129007999996247,0.30309,0.464405,0.232505
serial,400000,1,4,0.030803999999989173,0.3021225,0.465675,0.2322025
serial,400000,1,5,0.03094564100047137,0.3012225,0.46647,0.2323075
serial,800000,1,0,0.060529238000526675,0.30107,0.46631375,0.23261625
serial,800000,1,1,0.06170271100017999,0.3013975,0.4653925,0.23321
serial,800000,1,2,0.061253261000274506,0.3012175,0.46583625,0.23294625
serial,800000,1,3,0.06089398399944912,0.30225625,0.46527,0.23247375
serial,800000,1,4,0.06109255999945162,0.3024375,0.464685,0.2328775
serial,800000,1,5,0.06126196399964101,0.30105375,0.46675375,0.2321925
serial,1600000,1,0,0.1208000489996266,0.30163875,0.46586187,0.23249938
serial,1600000,1,1,0.11945966500024952,0.30176313,0.46549,0.23274687
serial,1600000,1,2,0.12142747800044162,0.30126125,0.46590312,0.23283562
serial,1600000,1,3,0.12064353400000982,0.30237313,0.46523437,0.2323925
serial,1600000,1,4,0.11994226299975708,0.3019275,0.4652475,0.232825
serial,1600000,1,5,0.12061280800025997,0.30151187,0.46643125,0.23205687
serial,3200000,1,0,0.24210965699967346,0.30182625,0.46569906,0.23247469
serial,3200000,1,1,0.2394828940005027,0.30158687,0.4656075,0.23280562
serial,3200000,1,2,0.23806622899974172,0.30151844,0.46562219,0.23285938
serial,3200000,1,3,0.23882313499962038,0.30206656,0.46527031,0.23266312
serial,3200000,1,4,0.2420281780005098,0.30180187,0.46548281,0.23271531
serial,3200000,1,5,0.23979027800032782,0.30167688,0.46609625,0.23222687
serial,6400000,1,0,0.4784840410002289,0.30204938,0.46543297,0.23251766
serial,6400000,1,1,0.47527455299950816,0.301685,0.46542125,0.23289375
serial,6400000,1,2,0.492657046000204,0.30176859,0.46539141,0.23284
serial,6400000,1,3,0.47687370400035434,0.30211047,0.46508813,0.23280141
serial,6400000,1,4,0.4843074179998439,0.30174828,0.46542672,0.232825
serial,6400000,1,5,0.47925205299998197,0.30161547,0.46599016,0.23239437
serial,12800000,1,0,0.9528774160007742,0.30192562,0.46554656,0.23252781
serial,12800000,1,1,0.9485803090001355,0.30183656,0.46550508,0.23265836
serial,12800000,1,2,0.9523402410004564,0.3017432,0.46553648,0.23272031
serial,12800000,1,3,0.9514794870001424,0.30189086,0.46534031,0.23276883
serial,12800000,1,4,0.9660363410002901,0.30187336,0.46526352,0.23286313
serial,12800000,1,5,0.9475059479991614,0.30173078,0.46581195,0.23245727
serial,25600000,1,0,1.9272834860003059,0.3018273,0.46553957,0.23263312
serial,25600000,1,1,1.9141416749998825,0.30196785,0.46531168,0.23272047
serial,25600000,1,2,1.9118534959998215,0.3016991,0.46567355,0.23262734
serial,25600000,1,3,1.9176772549999441,0.30184461,0.46540078,0.23275461
serial,25600000,1,4,1.9180202759998792,0.30188414,0.46532195,0.23279391
serial,25600000,1,5,1.9311287749997064,0.30175793,0.46567602,0.23256605
pthreads,100000,1,0,0.007820683999852918,0.3023,0.46462,0.23308
pthreads,100000,1,1,0.008613502000116569,0.3038,0.46482,0.23138
pthreads,100000,1,2,0.008561827999983507,0.30377,0.46422,0.23201
pthreads,100000,1,3,0.00780928399944969,0.30223,0.4637,0.23407
pthreads,100000,1,4,0.00789908499973535,0.30201,0.46557,0.23242
pthreads,100000,1,5,0.008223547000852705,0.29851,0.46869,0.2328
pthreads,100000,2,0,0.008621074000075168,0.29945,0.46639,0.23416
pthreads,100000,2,1,0.008623009000075399,0.30209,0.46575,0.23216
pthreads,100000,2,2,0.008665006000228459,0.30301,0.46541,0.23158
pthreads,100000,2,3,0.009827564999795868,0.30009,0.4649,0.23501
pthreads,100000,2,4,0.008423281000432326,0.30372,0.46451,0.23177
pthreads,100000,2,5,0.009068637000382296,0.30082,0.468,0.23118
pthreads,100000,3,0,0.010486910000508942,0.30094,0.46602,0.23304
pthreads,100000,3,1,0.00899079500049993,0.30133,0.46526,0.23341
pthreads,100000,3,2,0.009225451000020257,0.30245,0.46553,0.23202
pthreads,100000,3,3,0.009142681999946944,0.30052,0.46611,0.23337
pthreads,100000,3,4,0.010086012000101618,0.30242,0.46528,0.2323
pthreads,100000,3,5,0.00937355100086279,0.30137,0.46779,0.23084
pthreads,100000,4,0,0.01045583599989186,0.30122,0.46598,0.2328
pthreads,100000,4,1,0.00975812200067594,0.30234,0.46649,0.23117
pthreads,100000,4,2,0.010338945000512467,0.302,0.46536,0.23264
pthreads,100000,4,3,0.010197571999924548,0.30188,0.4657,0.23242
pthreads,100000,4,4,0.009925520999786386,0.30307,0.46457,0.23236
pthreads,100000,4,5,0.010014129999944998,0.30001,0.46892,0.23107
pthreads,200000,1,0,0.014723649000188743,0.301555,0.46547,0.232975
pthreads,200000,1,1,0.015236922000440245,0.302645,0.46438,0.232975
pthreads,200000,1,2,0.014604189999772643,0.302755,0.46481,0.232435
pthreads,200000,1,3,0.01528241899995919,0.301055,0.46473,0.234215
pthreads,200000,1,4,0.01541961699967942,0.30147,0.465715,0.232815
pthreads,200000,1,5,0.015119754999432189,0.300405,0.46723,0.232365
pthreads,200000,2,0,0.015587476999826322,0.30162,0.46515,0.23323
pthreads,200000,2,1,0.014978080999753729,0.302875,0.464875,0.23225
pthreads,200000,2,2,0.015551638000033563,0.303915,0.464365,0.23172
pthreads,200000,2,3,0.015842765000343206,0.30108,0.46444,0.23448
pthreads,200000,2,4,0.01533305599969026,0.303155,0.465015,0.23183
pthreads,200000,2,5,0.015399928000078944,0.3003,0.46781,0.23189
pthreads,200000,3,0,0.01781839300019783,0.301585,0.465435,0.23298
pthreads,200000,3,1,0.017795363000004727,0.30236,0.465225,0.232415
pthreads,200000,3,2,0.017298568999649433,0.30307,0.46438,0.23255
pthreads,200000,3,3,0.017352818000290426,0.300025,0.465435,0.23454
pthreads,200000,3,4,0.01732104800066736,0.302885,0.46476,0.232355
pthreads,200000,3,5,0.01699054399978195,0.3009,0.466835,0.232265
pthreads,200000,4,0,0.019318769999699725,0.30052,0.466995,0.232485
pthreads,200000,4,1,0.018732837999777985,0.30177,0.4655,0.23273
pthreads,200000,4,2,0.018812141999660525,0.3029,0.464275,0.232825
pthreads,200000,4,3,0.020203813000080117,0.301655,0.46472,0.233625
pthreads,200000,4,4,0.02066237100007129,0.302755,0.464365,0.23288
pthreads,200000,4,5,0.018725223999354057,0.300915,0.46703,0.232055
pthreads,400000,1,0,0.028140527999312326,0.3021475,0.4652225,0.23263
pthreads,400000,1,1,0.028755469999850902,0.302245,0.4652525,0.2325025
pthreads,400000,1,2,0.02889269199931732,0.30214,0.4648625,0.2329975
pthreads,400000,1,3,0.02800136900077632,0.30183,0.46524,0.23293
pthreads,400000,1,4,0.028304972000114503,0.3009575,0.465745,0.2332975
pthreads,400000,1,5,0.028092302000004565,0.30021,0.466435,0.233355
pthreads,400000,2,0,0.02941548899980262,0.3016025,0.4644825,0.233915
pthreads,400000,2,1,0.030117512999822793,0.3021975,0.46477,0.2330325
pthreads,400000,2,2,0.02989351300038834,0.3031675,0.4650825,0.23175
pthreads,400000,2,3,0.029551710999839997,0.300055,0.466075,0.23387
pthreads,400000,2,4,0.02957757700005459,0.3027325,0.4647125,0.232555
pthreads,400000,2,5,0.029713705999711237,0.300855,0.4670125,0.2321325
pthreads,400000,3,0,0.03349747199990816,0.3027075,0.464805,0.2324875
pthreads,400000,3,1,0.033845133999420796,0.3025125,0.46459,0.2328975
pthreads,400000,3,2,0.0337440980001702,0.3025625,0.4659425,0.231495
pthreads,400000,3,3,0.033651765000286105,0.300585,0.4655925,0.2338225
pthreads,400000,3,4,0.03308363899941469,0.302415,0.4648025,0.2327825
pthreads,400000,3,5,0.03424567999991268,0.300675,0.466775,0.23255
pthreads,400000,4,0,0.03783004999968398,0.3022375,0.4657675,0.231995
pthreads,400000,4,1,0.04013970399955724,0.30268,0.464655,0.232665
pthreads,400000,4,2,0.03671337699961441,0.302835,0.4641075,0.2330575
pthreads,400000,4,3,0.0393101330000718,0.30173,0.46497,0.2333
pthreads,400000,4,4,0.039023434999762685,0.30244,0.4648775,0.2326825
pthreads,400000,4,5,0.039106532000005245,0.3011925,0.4664325,0.232375
pthreads,800000,1,0,0.05532128399954672,0.302055,0.465475,0.23247
pthreads,800000,1,1,0.055207929000061995,0.302545,0.46566625,0.23178875
pthreads,800000,1,2,0.05589006999980484,0.30242,0.46414875,0.23343125
pthreads,800000,1,3,0.05493750200002978,0.30171625,0.46583,0.23245375
pthreads,800000,1,4,0.055496830999800295,0.3007925,0.4657075,0.2335
pthreads,800000,1,5,0.05551295199984452,0.30113125,0.4656725,0.23319625
pthreads,800000,2,0,0.05926918300065154,0.3017525,0.46473625,0.23351125
pthreads,800000,2,1,0.05875358499997674,0.3020425,0.46550875,0.23244875
pthreads,800000,2,2,0.058801038999263255,0.30287375,0.4650325,0.23209375
pthreads,800000,2,3,0.05973969099977694,0.30110625,0.46563125,0.2332625
pthreads,800000,2,4,0.059009438999964914,0.30203625,0.4650525,0.23291125
pthreads,800000,2,5,0.05731191599988961,0.30111375,0.46607375,0.2328125
pthreads,800000,3,0,0.06594760200005112,0.30212125,0.46486,0.23301875
pthreads,800000,3,1,0.06754044099943712,0.30196375,0.46562,0.23241625
pthreads,800000,3,2,0.0657181850001507,0.3028475,0.465475,0.2316775
pthreads,800000,3,3,0.06559946200013655,0.30079125,0.46615125,0.2330575
pthreads,800000,3,4,0.06657309799993527,0.30201,0.464815,0.233175
pthreads,800000,3,5,0.06893042199953925,0.30149,0.4659625,0.2325475
pthreads,800000,4,0,0.08046353000008821,0.302065,0.464925,0.23301
pthreads,800000,4,1,0.07689792400014994,0.30246125,0.46496625,0.2325725
pthreads,800000,4,2,0.07502196400037064,0.30230375,0.46512875,0.2325675
pthreads,800000,4,3,0.07636998999987554,0.3011375,0.46588,0.2329825
pthreads,800000,4,4,0.07455561599999783,0.30209,0.46475875,0.23315125
pthreads,800000,4,5,0.07559605000005831,0.3015825,0.46600375,0.23241375
pthreads,1600000,1,0,0.11042738800006191,0.30205188,0.46525688,0.23269125
pthreads,1600000,1,1,0.10975686099936866,0.30189625,0.46593375,0.23217
pthreads,1600000,1,2,0.10983817800024553,0.30236438,0.46446437,0.23317125
pthreads,1600000,1,3,0.1099698489997536,0.3022875,0.465425,0.2322875
pthreads,1600000,1,4,0.10989755199989304,0.30135375,0.46535312,0.23329312
pthreads,1600000,1,5,0.10947772500003339,0.30166,0.46555812,0.23278187
pthreads,1600000,2,0,0.11396249100016576,0.30167813,0.46523687,0.233085
pthreads,1600000,2,1,0.11542100699989533,0.302225,0.46568688,0.23208813
pthreads,1600000,2,2,0.11432029499974306,0.30278187,0.46460937,0.23260875
pthreads,1600000,2,3,0.11559564500021224,0.30129375,0.46546562,0.23324063
pthreads,1600000,2,4,0.11657861599996977,0.30182188,0.46495,0.23322813
pthreads,1600000,2,5,0.11513846799971361,0.30148687,0.4655775,0.23293563
pthreads,1600000,3,0,0.13199977800013585,0.30204063,0.46499187,0.2329675
pthreads,1600000,3,1,0.13290861600034987,0.30266,0.46543937,0.23190062
pthreads,1600000,3,2,0.13267851699947641,0.30268187,0.46483687,0.23248125
pthreads,1600000,3,3,0.13538804499967227,0.30145,0.46554438,0.23300562
pthreads,1600000,3,4,0.1325756709993584,0.30130187,0.46535312,0.233345
pthreads,1600000,3,5,0.13186325499918894,0.30147438,0.46567375,0.23285188
pthreads,1600000,4,0,0.14523531800023193,0.30212438,0.46486312,0.2330125
pthreads,1600000,4,1,0.14619087600021885,0.30257937,0.46536187,0.23205875
pthreads,1600000,4,2,0.1508033690006414,0.30265938,0.46471313,0.2326275
pthreads,1600000,4,3,0.14393662400016183,0.30167312,0.46577125,0.23255562
pthreads,1600000,4,4,0.14728016199933336,0.30190312,0.4648225,0.23327438
pthreads,1600000,4,5,0.14832580799975403,0.30173062,0.46563625,0.23263312
pthreads,3200000,1,0,0.21710067100048036,0.30188219,0.46519625,0.23292156
pthreads,3200000,1,1,0.2178030889999718,0.30166562,0.46626469,0.23206969
pthreads,3200000,1,2,0.21749777200056997,0.30199531,0.46506938,0.23293531
pthreads,3200000,1,3,0.21783395900001779,0.3015975,0.46569531,0.23270719
pthreads,3200000,1,4,0.21765068100012286,0.30161594,0.46577344,0.23261062
pthreads,3200000,1,5,0.2174591769999097,0.30189813,0.46541594,0.23268594
pthreads,3200000,2,0,0.22709753199978877,0.30186687,0.46536281,0.23277031
pthreads,3200000,2,1,0.22711495099974854,0.301885,0.4656825,0.2324325
pthreads,3200000,2,2,0.23270868100007647,0.30217656,0.464855,0.23296844
pthreads,3200000,2,3,0.22691561300052854,0.30184281,0.46548187,0.23267531
pthreads,3200000,2,4,0.22722338599942304,0.30189156,0.46516344,0.232945
pthreads,3200000,2,5,0.2269174800003384,0.30184531,0.4651725,0.23298219
pthreads,3200000,3,0,0.2655490209999698,0.30185375,0.46513344,0.23301281
pthreads,3200000,3,1,0.26281927099989844,0.30228719,0.46557688,0.23213594
pthreads,3200000,3,2,0.26084732900017116,0.30227094,0.46501625,0.23271281
pthreads,3200000,3,3,0.257620002999829,0.30160281,0.465445,0.23295219
pthreads,3200000,3,4,0.26178205699943646,0.30166312,0.46535938,0.2329775
pthreads,3200000,3,5,0.2566298719993938,0.30160938,0.46558906,0.23280156
pthreads,3200000,4,0,0.2907914119996349,0.30193437,0.46497781,0.23308781
pthreads,3200000,4,1,0.29351030999987415,0.3025325,0.46551219,0.23195531
pthreads,3200000,4,2,0.29265256600046996,0.30245625,0.464705,0.23283875
pthreads,3200000,4,3,0.2906012399998872,0.30160687,0.46547969,0.23291344
pthreads,3200000,4,4,0.2890606939999998,0.30174781,0.46517625,0.23307594
pthreads,3200000,4,5,0.2932520859994838,0.30190594,0.46547469,0.23261937
pthreads,6400000,1,0,0.43306443099936587,0.30172766,0.46577844,0.23249391
pthreads,6400000,1,1,0.4342733670000598,0.30174797,0.46584969,0.23240234
pthreads,6400000,1,2,0.4330621760000213,0.30191937,0.46516547,0.23291516
pthreads,6400000,1,3,0.43322050999995554,0.30190203,0.46536344,0.23273453
pthreads,6400000,1,4,0.4322996860000785,0.30157937,0.46584844,0.23257219
pthreads,6400000,1,5,0.4355653680004252,0.30174156,0.46565812,0.23260031
pthreads,6400000,2,0,0.4575368020005044,0.30194906,0.46505812,0.23299281
pthreads,6400000,2,1,0.45749197300028754,0.30175297,0.46582766,0.23241938
pthreads,6400000,2,2,0.45442183900013333,0.30201187,0.46527391,0.23271422
pthreads,6400000,2,3,0.4564530420002484,0.30164031,0.46543969,0.23292
pthreads,6400000,2,4,0.4546627609997813,0.30185109,0.46551063,0.23263828
pthreads,6400000,2,5,0.4523541569997178,0.3019125,0.46528156,0.23280594
pthreads,6400000,3,0,0.5170786620001309,0.30193938,0.46535578,0.23270484
pthreads,6400000,3,1,0.5152126980001412,0.30189922,0.465615,0.23248578
pthreads,6400000,3,2,0.517369193000377,0.3021175,0.46504703,0.23283547
pthreads,6400000,3,3,0.544181330000356,0.30174937,0.46557047,0.23268016
pthreads,6400000,3,4,0.5526588810007524,0.3018725,0.46534828,0.23277922
pthreads,6400000,3,5,0.5485379619995001,0.30179375,0.46535859,0.23284766
pthreads,6400000,4,0,0.6918619579992082,0.30198234,0.46509875,0.23291891
pthreads,6400000,4,1,0.6242985219996626,0.30182656,0.46563891,0.23253453
pthreads,6400000,4,2,0.6346661349998612,0.30215703,0.46489766,0.23294531
pthreads,6400000,4,3,0.5986939109998275,0.30183078,0.46535609,0.23281313
pthreads,6400000,4,4,0.5841222729995934,0.30181469,0.46535813,0.23282719
pthreads,6400000,4,5,0.612376294000569,0.30182656,0.46552016,0.23265328
pthreads,12800000,1,0,0.8673714589995143,0.301795,0.46563547,0.23256953
pthreads,12800000,1,1,0.8645727139992232,0.30172148,0.46575703,0.23252148
pthreads,12800000,1,2,0.8628643580004791,0.30182641,0.46551406,0.23265953
pthreads,12800000,1,3,0.8642031569997926,0.30182195,0.46551336,0.23266469
pthreads,12800000,1,4,0.8655151869998008,0.30162875,0.46573578,0.23263547
pthreads,12800000,1,5,0.8649960790007754,0.30169859,0.4656532,0.2326482
pthreads,12800000,2,0,0.9071787029997722,0.30178828,0.46550789,0.23270383
pthreads,12800000,2,1,0.9227914519997285,0.30178828,0.46579539,0.23241633
pthreads,12800000,2,2,0.9108457809998072,0.30186641,0.46543758,0.23269602
pthreads,12800000,2,3,0.9048243510005705,0.30185297,0.46532969,0.23281734
pthreads,12800000,2,4,0.9049076029996286,0.30177742,0.46556242,0.23266016
pthreads,12800000,2,5,0.9063457310003287,0.30184453,0.46543812,0.23271734
pthreads,12800000,3,0,1.0784451770005035,0.30191203,0.46531273,0.23277523
pthreads,12800000,3,1,1.0499293479997505,0.30186969,0.4657068,0.23242352
pthreads,12800000,3,2,1.0465110459999778,0.30188172,0.46550648,0.2326118
pthreads,12800000,3,3,1.0341229910000038,0.30178187,0.46546781,0.23275031
pthreads,12800000,3,4,1.0314893989998382,0.30180289,0.46553273,0.23266438
pthreads,12800000,3,5,1.0369744749996244,0.30175906,0.4654918,0.23274914
pthreads,12800000,4,0,1.162998589000381,0.30191102,0.46513641,0.23295258
pthreads,12800000,4,1,1.1725524379999115,0.30178539,0.46574023,0.23247438
pthreads,12800000,4,2,1.1791958970006817,0.301935,0.46531766,0.23274734
pthreads,12800000,4,3,1.1791798459998972,0.30171008,0.4654957,0.23279422
pthreads,12800000,4,4,1.154540547000579,0.3018968,0.46538594,0.23271727
pthreads,12800000,4,5,1.1625814289991467,0.30185508,0.46549281,0.23265211
pthreads,25600000,1,0,1.7290795099997922,0.30177195,0.46562004,0.23260801
pthreads,25600000,1,1,1.742084960000284,0.30175563,0.46563727,0.23260711
pthreads,25600000,1,2,1.7376153329996669,0.30181246,0.46546344,0.2327241
pthreads,25600000,1,3,1.7529702980000366,0.30179113,0.46553254,0.23267633
pthreads,25600000,1,4,1.7330458970000109,0.30172676,0.46564664,0.2326266
pthreads,25600000,1,5,1.73638631599988,0.3017652,0.4655966,0.2326382
pthreads,25600000,2,0,1.8166424750006627,0.30180133,0.4655577,0.23264098
pthreads,25600000,2,1,1.8070999689998644,0.30173531,0.46571488,0.2325498
pthreads,25600000,2,2,1.8148725689998173,0.30178469,0.46560902,0.23260629
pthreads,25600000,2,3,1.8138372760004131,0.30179957,0.46550961,0.23269082
pthreads,25600000,2,4,1.8308142329997281,0.30172523,0.46563437,0.23264039
pthreads,25600000,2,5,1.8088527990003058,0.3017573,0.46558719,0.23265551
pthreads,25600000,3,0,2.0823003049999897,0.3017698,0.46551023,0.23271996
pthreads,25600000,3,1,2.073838213000272,0.30174754,0.46571223,0.23254023
pthreads,25600000,3,2,2.051024684999902,0.30182066,0.46551664,0.2326627
pthreads,25600000,3,3,2.0683013429998027,0.30178859,0.46540512,0.23280629
pthreads,25600000,3,4,2.063061017000109,0.30181957,0.46551555,0.23266488
pthreads,25600000,3,5,2.075305207999918,0.30181102,0.46550969,0.2326793
pthreads,25600000,4,0,2.3649213300004703,0.30183652,0.46542383,0.23273965
pthreads,25600000,4,1,2.3472129190004125,0.30178523,0.46568207,0.2325327
pthreads,25600000,4,2,2.3450634520004314,0.30182641,0.46542828,0.23274531
pthreads,25600000,4,3,2.3593441879993406,0.30176297,0.46551445,0.23272258
pthreads,25600000,4,4,2.3626335469998594,0.30184465,0.46544738,0.23270797
pthreads,25600000,4,5,2.344817293000233,0.30180258,0.46549141,0.23270602
mpi,100000,1,0,0.31979750000027707,0.3023,0.46462,0.23308
mpi,100000,1,1,0.31989372200041544,0.3038,0.46482,0.23138
mpi,100000,1,2,0.3238263030007147,0.30377,0.46422,0.23201
mpi,100000,1,3,0.32399493000048096,0.30223,0.4637,0.23407
mpi,100000,1,4,0.32371197399970697,0.30201,0.46557,0.23242
mpi,100000,1,5,0.3206578849994912,0.29851,0.46869,0.2328
mpi,100000,2,0,0.3236084559994197,0.29994,0.46401,0.23605
mpi,100000,2,1,0.32384135400025116,0.30271,0.46636,0.23093
mpi,100000,2,2,0.32359893300053955,0.30218,0.46465,0.23317
mpi,100000,2,3,0.32338289099971007,0.29996,0.46507,0.23497
mpi,100000,2,4,0.32479283199972997,0.30207,0.46542,0.23251
mpi,100000,2,5,0.31907719200080464,0.30075,0.46608,0.23317
mpi,100000,3,0,0.3276636379996489,0.30136,0.4648,0.23384
mpi,100000,3,1,0.3234553060001417,0.303,0.46566,0.23134
mpi,100000,3,2,0.3282926920001046,0.30087,0.46724,0.23189
mpi,100000,3,3,0.32730698399973335,0.30004,0.4661,0.23386
mpi,100000,3,4,0.32787063700016006,0.30272,0.4644,0.23288
mpi,100000,3,5,0.3271412549993329,0.30392,0.46443,0.23165
mpi,100000,4,0,0.332883698999467,0.30289,0.46354,0.23357
mpi,100000,4,1,0.32664459600073315,0.30258,0.4677,0.22972
mpi,100000,4,2,0.3304963000000498,0.30113,0.46622,0.23265
mpi,100000,4,3,0.3261335910001435,0.30244,0.46549,0.23207
mpi,100000,4,4,0.33238915400033875,0.30249,0.46364,0.23387
mpi,100000,4,5,0.3320604310001727,0.30323,0.46403,0.23274
mpi,200000,1,0,0.3277554109999983,0.301555,0.46547,0.232975
mpi,200000,1,1,0.3323649800004205,0.302645,0.46438,0.232975
mpi,200000,1,2,0.3316501290000815,0.302755,0.46481,0.232435
mpi,200000,1,3,0.3315934419997575,0.301055,0.46473,0.234215
mpi,200000,1,4,0.32824574599999323,0.30147,0.465715,0.232815
mpi,200000,1,5,0.32755518600060896,0.300405,0.46723,0.232365
mpi,200000,2,0,0.32387310400008573,0.30171,0.464145,0.234145
mpi,200000,2,1,0.323697937000361,0.303385,0.464765,0.23185
mpi,200000,2,2,0.32334440300019196,0.30341,0.464465,0.232125
mpi,200000,2,3,0.32048133599982975,0.30081,0.46566,0.23353
mpi,200000,2,4,0.3238048110006275,0.301935,0.46438,0.233685
mpi,200000,2,5,0.3233689990001949,0.300545,0.466355,0.2331
mpi,200000,3,0,0.32833764599945425,0.30117,0.464275,0.234555
mpi,200000,3,1,0.322897013000329,0.301375,0.466075,0.23255
mpi,200000,3,2,0.32414245899963134,0.302235,0.464545,0.23322
mpi,200000,3,3,0.32761730600032024,0.300165,0.465975,0.23386
mpi,200000,3,4,0.3243597470000168,0.30198,0.46547,0.23255
mpi,200000,3,5,0.3239933389995713,0.301715,0.465595,0.23269
mpi,200000,4,0,0.32836168199992244,0.3001,0.46562,0.23428
mpi,200000,4,1,0.32817148699996324,0.301895,0.465925,0.23218
mpi,200000,4,2,0.3274010350005483,0.301905,0.4647,0.233395
mpi,200000,4,3,0.3312998040000821,0.301465,0.465385,0.23315
mpi,200000,4,4,0.32431654700030776,0.301595,0.46572,0.232685
mpi,200000,4,5,0.32806302000062715,0.302215,0.46607,0.231715
mpi,400000,1,0,0.34031131000028836,0.3021475,0.4652225,0.23263
mpi,400000,1,1,0.33937448199958453,0.302245,0.4652525,0.2325025
mpi,400000,1,2,0.33990676699977485,0.30214,0.4648625,0.2329975
mpi,400000,1,3,0.33588528299969767,0.30183,0.46524,0.23293
mpi,400000,1,4,0.3402566830000069,0.3009575,0.465745,0.2332975
mpi,400000,1,5,0.3437827419993482,0.30021,0.466435,0.233355
mpi,400000,2,0,0.33234650200029137,0.3014825,0.4644775,0.23404
mpi,400000,2,1,0.3321999709996817,0.3029625,0.464485,0.2325525
mpi,400000,2,2,0.33569961600005627,0.3023275,0.46509,0.2325825
mpi,400000,2,3,0.3312044670001342,0.300985,0.465955,0.23306
mpi,400000,2,4,0.3331126389994097,0.3012575,0.4649375,0.233805
mpi,400000,2,5,0.33497542300028726,0.3014025,0.465655,0.2329425
mpi,400000,3,0,0.3318674040001497,0.3017575,0.4647,0.2335425
mpi,400000,3,1,0.3317655230002856,0.3020875,0.4653075,0.232605
mpi,400000,3,2,0.33143334400028834,0.3027275,0.46448,0.2327925
mpi,400000,3,3,0.332401955000023,0.3007675,0.4660825,0.23315
mpi,400000,3,4,0.33096204999947076,0.302,0.46539,0.23261
mpi,400000,3,5,0.3282699370001865,0.30173,0.4657025,0.2325675
mpi,400000,4,0,0.33160197799952584,0.30152,0.464865,0.233615
mpi,400000,4,1,0.3317743670004347,0.3020775,0.4652575,0.232665
mpi,400000,4,2,0.3354370619999827,0.3026575,0.46423,0.2331125
mpi,400000,4,3,0.3354599749991394,0.301225,0.4660925,0.2326825
mpi,400000,4,4,0.33687262999956147,0.302085,0.4649725,0.2329425
mpi,400000,4,5,0.3358806910000567,0.3018325,0.465525,0.2326425
mpi,800000,1,0,0.3639698179995321,0.302055,0.465475,0.23247
mpi,800000,1,1,0.3626298870003666,0.302545,0.46566625,0.23178875
mpi,800000,1,2,0.3652237599999353,0.30242,0.46414875,0.23343125
mpi,800000,1,3,0.36711121600001206,0.30171625,0.46583,0.23245375
mpi,800000,1,4,0.3630257690001599,0.3007925,0.4657075,0.2335
mpi,800000,1,5,0.3649885810000342,0.30113125,0.4656725,0.23319625
mpi,800000,2,0,0.3446813079999629,0.301325,0.465005,0.23367
mpi,800000,2,1,0.34330052099994646,0.30266375,0.46493625,0.2324
mpi,800000,2,2,0.3394815359997665,0.301635,0.46560125,0.23276375
mpi,800000,2,3,0.3405282100002296,0.30125125,0.46568,0.23306875
mpi,800000,2,4,0.34283680800035654,0.30083,0.4653275,0.2338425
mpi,800000,2,5,0.3406549540004562,0.30122875,0.4655,0.23327125
mpi,800000,3,0,0.3395421780005563,0.3015225,0.4655325,0.232945
mpi,800000,3,1,0.3391716420001103,0.302235,0.465295,0.23247
mpi,800000,3,2,0.33684977299981256,0.30214375,0.4649425,0.23291375
mpi,800000,3,3,0.3397722720001184,0.30111,0.466005,0.232885
mpi,800000,3,4,0.3387402429998474,0.302265,0.46491875,0.23281625
mpi,800000,3,5,0.33702935200017237,0.302015,0.4653025,0.2326825
mpi,800000,4,0,0.340018754999619,0.30128875,0.46521625,0.233495
mpi,800000,4,1,0.3398099619998902,0.302545,0.46487875,0.23257625
mpi,800000,4,2,0.34052426499965804,0.3017025,0.465075,0.2332225
mpi,800000,4,3,0.3433898900002532,0.3010675,0.465975,0.2329575
mpi,800000,4,4,0.3395065290005732,0.301725,0.46527875,0.23299625
mpi,800000,4,5,0.3403490270002294,0.30212125,0.46488375,0.232995
mpi,1600000,1,0,0.4120881469998494,0.30205188,0.46525688,0.23269125
mpi,1600000,1,1,0.41223967099995207,0.30189625,0.46593375,0.23217
mpi,1600000,1,2,0.411813415999859,0.30236438,0.46446437,0.23317125
mpi,1600000,1,3,0.41142728999966494,0.3022875,0.465425,0.2322875
mpi,1600000,1,4,0.4164981980002267,0.30135375,0.46535312,0.23329312
mpi,1600000,1,5,0.4112442529994951,0.30166,0.46555812,0.23278187
mpi,1600000,2,0,0.36846036599945364,0.30173125,0.46534813,0.23292062
mpi,1600000,2,1,0.37194642899976316,0.30258875,0.46537125,0.23204
mpi,1600000,2,2,0.37147059499966417,0.30193063,0.4651375,0.23293188
mpi,1600000,2,3,0.3711863959997572,0.3015125,0.465845,0.2326425
mpi,1600000,2,4,0.364847834000102,0.30108187,0.46547187,0.23344625
mpi,1600000,2,5,0.3828541539996877,0.30158313,0.46549125,0.23292562
mpi,1600000,3,0,0.3557466080001177,0.30160313,0.46565125,0.23274563
mpi,1600000,3,1,0.35219881200009695,0.3026325,0.46545625,0.23191125
mpi,1600000,3,2,0.35887126499983424,0.30180875,0.46493563,0.23325562
mpi,1600000,3,3,0.3557716059995073,0.3012075,0.46612687,0.23266562
mpi,1600000,3,4,0.3563677350002763,0.301445,0.46567313,0.23288187
mpi,1600000,3,5,0.359562626999832,0.30173125,0.46533625,0.2329325
mpi,1600000,4,0,0.34736008900017623,0.3012925,0.46566062,0.23304687
mpi,1600000,4,1,0.3483107290003318,0.30246,0.46516937,0.23237062
mpi,1600000,4,2,0.3545733379996818,0.3013375,0.46542875,0.23323375
mpi,1600000,4,3,0.35309684999992896,0.30153625,0.46580938,0.23265437
mpi,1600000,4,4,0.352550822000012,0.30160938,0.46548125,0.23290938
mpi,1600000,4,5,0.3525994980000178,0.30184,0.4650075,0.2331525
mpi,3200000,1,0,0.5079915080004866,0.30188219,0.46519625,0.23292156
mpi,3200000,1,1,0.507853958000851,0.30166562,0.46626469,0.23206969
mpi,3200000,1,2,0.5079997550001281,0.30199531,0.46506938,0.23293531
mpi,3200000,1,3,0.5116766339997412,0.3015975,0.46569531,0.23270719
mpi,3200000,1,4,0.5078409540001303,0.30161594,0.46577344,0.23261062
mpi,3200000,1,5,0.508531925999705,0.30189813,0.46541594,0.23268594
mpi,3200000,2,0,0.4158022620003976,0.3018875,0.46538281,0.23272969
mpi,3200000,2,1,0.42013526299979276,0.30183031,0.46597531,0.23219438
mpi,3200000,2,2,0.41978416700021626,0.30209656,0.46507,0.23283344
mpi,3200000,2,3,0.41992162199949234,0.30197406,0.46535031,0.23267562
mpi,3200000,2,4,0.41551358699962293,0.30152406,0.46548375,0.23299219
mpi,3200000,2,5,0.41611528400062525,0.30185125,0.46547594,0.23267281
mpi,3200000,3,0,0.38825058699967485,0.30174688,0.46580875,0.23244438
mpi,3200000,3,1,0.39168545400025323,0.30240312,0.46583594,0.23176094
mpi,3200000,3,2,0.38870494200000394,0.30195125,0.46514437,0.23290437
mpi,3200000,3,3,0.38395913500062306,0.30184719,0.46554594,0.23260687
mpi,3200000,3,4,0.39152518399987457,0.30163812,0.4656225,0.23273937
mpi,3200000,3,5,0.3921674709999934,0.3018475,0.46526469,0.23288781
mpi,3200000,4,0,0.37847312000030797,0.3016175,0.46592031,0.23246219
mpi,3200000,4,1,0.38059327300015866,0.30246563,0.46553719,0.23199719
mpi,3200000,4,2,0.37519746700036194,0.30176531,0.46513656,0.23309812
mpi,3200000,4,3,0.37568561999978556,0.30189656,0.46567531,0.23242813
mpi,3200000,4,4,0.37978578399997787,0.30152937,0.46554031,0.23293031
mpi,3200000,4,5,0.3773424699993484,0.30193031,0.465135,0.23293469
mpi,6400000,1,0,0.698678032999851,0.30172766,0.46577844,0.23249391
mpi,6400000,1,1,0.7047983009997552,0.30174797,0.46584969,0.23240234
mpi,6400000,1,2,0.7033087230001911,0.30191937,0.46516547,0.23291516
mpi,6400000,1,3,0.7039458469998863,0.30190203,0.46536344,0.23273453
mpi,6400000,1,4,0.7044095950004703,0.30157937,0.46584844,0.23257219
mpi,6400000,1,5,0.6997665670005517,0.30174156,0.46565812,0.23260031
mpi,6400000,2,0,0.5112331999998787,0.30196047,0.46507359,0.23296594
mpi,6400000,2,1,0.5095898570007193,0.30168563,0.46598187,0.2323325
mpi,6400000,2,2,0.5191320170006293,0.30187234,0.46531422,0.23281344
mpi,6400000,2,3,0.5117334610004036,0.30162062,0.46562297,0.23275641
mpi,6400000,2,4,0.5116663119997611,0.30183266,0.46535422,0.23281313
mpi,6400000,2,5,0.5124885929999436,0.30191625,0.46536109,0.23272266
mpi,6400000,3,0,0.4514302680008768,0.30187531,0.46558906,0.23253562
mpi,6400000,3,1,0.45619018799970945,0.30173109,0.46604219,0.23222672
mpi,6400000,3,2,0.45608501300011994,0.30188531,0.46526734,0.23284734
mpi,6400000,3,3,0.4590446570000495,0.30176406,0.46555797,0.23267797
mpi,6400000,3,4,0.4553866129999733,0.30173672,0.46579375,0.23246953
mpi,6400000,3,5,0.45712503300001117,0.30171016,0.46545469,0.23283516
mpi,6400000,4,0,0.42540656500023033,0.30164375,0.46599969,0.23235656
mpi,6400000,4,1,0.43254653900021367,0.30185234,0.46591063,0.23223703
mpi,6400000,4,2,0.4393263609999849,0.30189938,0.46525187,0.23284875
mpi,6400000,4,3,0.44372229100008553,0.30183328,0.46561453,0.23255219
mpi,6400000,4,4,0.43652380099956645,0.30167516,0.46556969,0.23275516
mpi,6400000,4,5,0.43544814300003054,0.30187516,0.46539938,0.23272547
mpi,12800000,1,0,1.0844969470008436,0.301795,0.46563547,0.23256953
mpi,12800000,1,1,1.0802011650002896,0.30172148,0.46575703,0.23252148
mpi,12800000,1,2,1.0875466899997264,0.30182641,0.46551406,0.23265953
mpi,12800000,1,3,1.0837619769999947,0.30182195,0.46551336,0.23266469
mpi,12800000,1,4,1.087435798000115,0.30162875,0.46573578,0.23263547
mpi,12800000,1,5,1.0803004789995612,0.30169859,0.4656532,0.2326482
mpi,12800000,2,0,0.7123477319992162,0.30178328,0.46551375,0.23270297
mpi,12800000,2,1,0.7248707359995024,0.30178063,0.46560375,0.23261562
mpi,12800000,2,2,0.7184915670004557,0.30180242,0.46542461,0.23277297
mpi,12800000,2,3,0.7078328810002859,0.30178109,0.46548031,0.23273859
mpi,12800000,2,4,0.7035761570004979,0.30171047,0.46554656,0.23274297
mpi,12800000,2,5,0.713047187000484,0.3017768,0.46565984,0.23256336
mpi,12800000,3,0,0.586759310999696,0.30182211,0.46552594,0.23265195
mpi,12800000,3,1,0.5881275270003243,0.30176477,0.46580266,0.23243258
mpi,12800000,3,2,0.5880898320001506,0.30177289,0.46554398,0.23268312
mpi,12800000,3,3,0.5879518049996477,0.3017082,0.46557711,0.23271469
mpi,12800000,3,4,0.5844894530000602,0.30170914,0.46575266,0.2325382
mpi,12800000,3,5,0.5829589320001105,0.3018032,0.46534273,0.23285406
mpi,12800000,4,0,0.5221841270004006,0.301795,0.46549141,0.23271359
mpi,12800000,4,1,0.5199450260006415,0.301735,0.46590945,0.23235555
mpi,12800000,4,2,0.5200251420001223,0.301805,0.46553008,0.23266492
mpi,12800000,4,3,0.5191434649996154,0.30166797,0.46563539,0.23269664
mpi,12800000,4,4,0.5204734290000488,0.30175742,0.46564227,0.23260031
mpi,12800000,4,5,0.5198177550000764,0.3018693,0.46541406,0.23271664
mpi,25600000,1,0,1.8517830740001955,0.30177195,0.46562004,0.23260801
mpi,25600000,1,1,1.8440299119993142,0.30175563,0.46563727,0.23260711
mpi,25600000,1,2,1.8161661740005002,0.30181246,0.46546344,0.2327241
mpi,25600000,1,3,1.8853952240006038,0.30179113,0.46553254,0.23267633
mpi,25600000,1,4,1.8756894199996168,0.30172676,0.46564664,0.2326266
mpi,25600000,1,5,1.8840846940001938,0.3017652,0.4655966,0.2326382
mpi,25600000,2,0,1.1038946609996856,0.30180469,0.46556406,0.23263125
mpi,25600000,2,1,1.0950388339997517,0.30176309,0.46566188,0.23257504
mpi,25600000,2,2,1.0918516060000911,0.3018043,0.46550004,0.23269566
mpi,25600000,2,3,1.092446499000289,0.30178273,0.46549598,0.23272129
mpi,25600000,2,4,1.099944704000336,0.30172027,0.4656157,0.23266402
mpi,25600000,2,5,1.1078797800000757,0.30172852,0.46564285,0.23262863
mpi,25600000,3,0,0.847762879999209,0.30180645,0.46556227,0.23263129
mpi,25600000,3,1,0.8479869830007374,0.30174773,0.46565641,0.23259586
mpi,25600000,3,2,0.8348503670003993,0.30179926,0.46549219,0.23270855
mpi,25600000,3,3,0.8449684309998702,0.30173062,0.46552637,0.23274301
mpi,25600000,3,4,0.8512973899996723,0.30175336,0.46558832,0.23265832
mpi,25600000,3,5,0.8404032870002993,0.30176035,0.46562945,0.2326102
mpi,25600000,4,0,0.7117795429994658,0.3017318,0.46562348,0.23264473
mpi,25600000,4,1,0.7161384399996678,0.30177246,0.4656759,0.23255164
mpi,25600000,4,2,0.7196240240000407,0.30172898,0.46559609,0.23267492
mpi,25600000,4,3,0.7199652059998698,0.30175141,0.46550191,0.23274668
mpi,25600000,4,4,0.8069699549996585,0.30170281,0.46564457,0.23265262
mpi,25600000,4,5,0.721239794000212,0.30178684,0.46561762,0.23259555
serial,100000,1,0,0.009510933000456134,0.302,0.46548,0.23252
serial,100000,1,1,0.009166277000076661,0.30147,0.46564,0.23289
serial,100000,1,2,0.009140418999777467,0.30144,0.4647,0.23386
serial,100000,1,3,0.009180254000057175,0.30498,0.46385,0.23117
serial,100000,1,4,0.009104218999709701,0.30111,0.46736,0.23153
serial,100000,1,5,0.009080402000108734,0.30056,0.46726,0.23218
serial,200000,1,0,0.017779654000150913,0.301695,0.465665,0.23264
serial,200000,1,1,0.01738459199987119,0.301375,0.46541,0.233215
serial,200000,1,2,0.01638191399979405,0.30189,0.465085,0.233025
serial,200000,1,3,0.01566589899994142,0.30375,0.463625,0.232625
serial,200000,1,4,0.016222758999902,0.300615,0.466715,0.23267
serial,200000,1,5,0.016311219000272104,0.301245,0.466695,0.23206
serial,400000,1,0,0.031111934000364272,0.30086,0.465915,0.233225
serial,400000,1,1,0.03099271500013856,0.301395,0.465195,0.23341
serial,400000,1,2,0.031993863999559835,0.301485,0.4657475,0.2327675
serial,400000,1,3,0.031130657000176143,0.30309,0.464405,0.232505
serial,400000,1,4,0.031041115000334685,0.3021225,0.465675,0.2322025
serial,400000,1,5,0.03093236600034288,0.3012225,0.46647,0.2323075
serial,800000,1,0,0.06126638000023377,0.30107,0.46631375,0.23261625
serial,800000,1,1,0.060986407000200415,0.3013975,0.4653925,0.23321
serial,800000,1,2,0.06073804300012853,0.3012175,0.46583625,0.23294625
serial,800000,1,3,0.06160341299982974,0.30225625,0.46527,0.23247375
serial,800000,1,4,0.061207631000797846,0.3024375,0.464685,0.2328775
serial,800000,1,5,0.06034305799948925,0.30105375,0.46675375,0.2321925
serial,1600000,1,0,0.12036562400044204,0.30163875,0.46586187,0.23249938
serial,1600000,1,1,0.11895385299976624,0.30176313,0.46549,0.23274687
serial,1600000,1,2,0.120270375000473,0.30126125,0.46590312,0.23283562
serial,1600000,1,3,0.12279728399971646,0.30237313,0.46523437,0.2323925
serial,1600000,1,4,0.12009653400036768,0.3019275,0.4652475,0.232825
serial,1600000,1,5,0.11957753099977708,0.30151187,0.46643125,0.23205687
serial,3200000,1,0,0.24223110500042822,0.30182625,0.46569906,0.23247469
serial,3200000,1,1,0.2458303839994187,0.30158687,0.4656075,0.23280562
serial,3200000,1,2,0.2393004720006502,0.30151844,0.46562219,0.23285938
serial,3200000,1,3,0.23784468400026526,0.30206656,0.46527031,0.23266312
serial,3200000,1,4,0.24011642099958408,0.30180187,0.46548281,0.23271531
serial,3200000,1,5,0.23863817599976755,0.30167688,0.46609625,0.23222687
serial,6400000,1,0,0.47638074699989374,0.30204938,0.46543297,0.23251766
serial,6400000,1,1,0.47403405200020643,0.301685,0.46542125,0.23289375
serial,6400000,1,2,0.4757694119998632,0.30176859,0.46539141,0.23284
serial,6400000,1,3,0.4764472189999651,0.30211047,0.46508813,0.23280141
serial,6400000,1,4,0.47418541300066863,0.30174828,0.46542672,0.232825
serial,6400000,1,5,0.4832906340006957,0.30161547,0.46599016,0.23239437
serial,12800000,1,0,0.9598122530005639,0.30192562,0.46554656,0.23252781
serial,12800000,1,1,0.9541524900005243,0.30183656,0.46550508,0.23265836
serial,12800000,1,2,0.9474893560000055,0.3017432,0.46553648,0.23272031
serial,12800000,1,3,0.9534761880004226,0.30189086,0.46534031,0.23276883
serial,12800000,1,4,0.9471263909999834,0.30187336,0.46526352,0.23286313
serial,12800000,1,5,0.9548732020002717,0.30173078,0.46581195,0.23245727
serial,25600000,1,0,1.9005508289992576,0.3018273,0.46553957,0.23263312
serial,25600000,1,1,1.913077274999523,0.30196785,0.46531168,0.23272047
serial,25600000,1,2,1.9167122469998503,0.3016991,0.46567355,0.23262734
serial,25600000,1,3,1.9253560399993148,0.30184461,0.46540078,0.23275461
serial,25600000,1,4,1.925761507000061,0.30188414,0.46532195,0.23279391
serial,25600000,1,5,1.9355252510003993,0.30175793,0.46567602,0.23256605
pthreads,100000,1,0,0.009028501999637228,0.3023,0.46462,0.23308
pthreads,100000,1,1,0.007827979000467167,0.3038,0.46482,0.23138
pthreads,100000,1,2,0.007824352999705297,0.30377,0.46422,0.23201
pthreads,100000,1,3,0.008121814999867638,0.30223,0.4637,0.23407
pthreads,100000,1,4,0.00784120200023608,0.30201,0.46557,0.23242
pthreads,100000,1,5,0.008778434999840101,0.29851,0.46869,0.2328
pthreads,100000,2,0,0.00811051500022586,0.29945,0.46639,0.23416
pthreads,100000,2,1,0.0088278100001844,0.30209,0.46575,0.23216
pthreads,100000,2,2,0.008534892000170657,0.30301,0.46541,0.23158
pthreads,100000,2,3,0.008570793999751913,0.30009,0.4649,0.23501
pthreads,100000,2,4,0.008617210000011255,0.30372,0.46451,0.23177
pthreads,100000,2,5,0.008526141999936954,0.30082,0.468,0.23118
pthreads,100000,3,0,0.012290767999729724,0.30094,0.46602,0.23304
pthreads,100000,3,1,0.009543048999148596,0.30133,0.46526,0.23341
pthreads,100000,3,2,0.009283206000873179,0.30245,0.46553,0.23202
pthreads,100000,3,3,0.009530416000416153,0.30052,0.46611,0.23337
pthreads,100000,3,4,0.009375171000101545,0.30242,0.46528,0.2323
pthreads,100000,3,5,0.009350833999633323,0.30137,0.46779,0.23084
pthreads,100000,4,0,0.01005990700014081,0.30122,0.46598,0.2328
pthreads,100000,4,1,0.010794988000270678,0.30234,0.46649,0.23117
pthreads,100000,4,2,0.010377149999840185,0.302,0.46536,0.23264
pthreads,100000,4,3,0.010797848999573034,0.30188,0.4657,0.23242
pthreads,100000,4,4,0.01082567100002052,0.30307,0.46457,0.23236
pthreads,100000,4,5,0.010194303000389482,0.30001,0.46892,0.23107
pthreads,200000,1,0,0.015271138000571227,0.301555,0.46547,0.232975
pthreads,200000,1,1,0.014612388999921677,0.302645,0.46438,0.232975
pthreads,200000,1,2,0.01470273500035546,0.302755,0.46481,0.232435
pthreads,200000,1,3,0.014846986000520701,0.301055,0.46473,0.234215
pthreads,200000,1,4,0.014997243999459897,0.30147,0.465715,0.232815
pthreads,200000,1,5,0.01460296000004746,0.300405,0.46723,0.232365
pthreads,200000,2,0,0.015150364999499288,0.30162,0.46515,0.23323
pthreads,200000,2,1,0.01578237600006105,0.302875,0.464875,0.23225
pthreads,200000,2,2,0.01661140800024441,0.303915,0.464365,0.23172
pthreads,200000,2,3,0.016041550999943865,0.30108,0.46444,0.23448
pthreads,200000,2,4,0.016058533000432362,0.303155,0.465015,0.23183
pthreads,200000,2,5,0.015396535000036238,0.3003,0.46781,0.23189
pthreads,200000,3,0,0.01742162099981215,0.301585,0.465435,0.23298
pthreads,200000,3,1,0.01735377699969831,0.30236,0.465225,0.232415
pthreads,200000,3,2,0.017491828999482095,0.30307,0.46438,0.23255
pthreads,200000,3,3,0.0175170189995697,0.300025,0.465435,0.23454
pthreads,200000,3,4,0.018053585999950883,0.302885,0.46476,0.232355
pthreads,200000,3,5,0.01788474800014228,0.3009,0.466835,0.232265
pthreads,200000,4,0,0.020446250000532018,0.30052,0.466995,0.232485
pthreads,200000,4,1,0.019043199000407185,0.30177,0.4655,0.23273
pthreads,200000,4,2,0.019179025999619626,0.3029,0.464275,0.232825
pthreads,200000,4,3,0.01951957199980825,0.301655,0.46472,0.233625
pthreads,200000,4,4,0.01884956499998225,0.302755,0.464365,0.23288
pthreads,200000,4,5,0.01907974700043269,0.300915,0.46703,0.232055
pthreads,400000,1,0,0.02826576200004638,0.3021475,0.4652225,0.23263
pthreads,400000,1,1,0.028472081000472826,0.302245,0.4652525,0.2325025
pthreads,400000,1,2,0.028184409999994386,0.30214,0.4648625,0.2329975
pthreads,400000,1,3,0.028076415000214183,0.30183,0.46524,0.23293
pthreads,400000,1,4,0.02836952800043946,0.3009575,0.465745,0.2332975
pthreads,400000,1,5,0.028343082999526814,0.30021,0.466435,0.233355
pthreads,400000,2,0,0.029923624000730342,0.3016025,0.4644825,0.233915
pthreads,400000,2,1,0.02999128900046344,0.3021975,0.46477,0.2330325
pthreads,400000,2,2,0.029212569999799598,0.3031675,0.4650825,0.23175
pthreads,400000,2,3,0.03050745000018651,0.300055,0.466075,0.23387
pthreads,400000,2,4,0.030039790999580873,0.3027325,0.4647125,0.232555
pthreads,400000,2,5,0.029824055999597476,0.300855,0.4670125,0.2321325
pthreads,400000,3,0,0.03470871300032741,0.3027075,0.464805,0.2324875
pthreads,400000,3,1,0.03731459500068013,0.3025125,0.46459,0.2328975
pthreads,400000,3,2,0.03499841299981199,0.3025625,0.4659425,0.231495
pthreads,400000,3,3,0.037604887999805214,0.300585,0.4655925,0.2338225
pthreads,400000,3,4,0.034796633000041766,0.302415,0.4648025,0.2327825
pthreads,400000,3,5,0.034094015999471594,0.300675,0.466775,0.23255
pthreads,400000,4,0,0.036920020999787084,0.3022375,0.4657675,0.231995
pthreads,400000,4,1,0.036950650000108,0.30268,0.464655,0.232665
pthreads,400000,4,2,0.03688057100043807,0.302835,0.4641075,0.2330575
pthreads,400000,4,3,0.0379798470003152,0.30173,0.46497,0.2333
pthreads,400000,4,4,0.03850855799919373,0.30244,0.4648775,0.2326825
pthreads,400000,4,5,0.03818621800019173,0.3011925,0.4664325,0.232375
pthreads,800000,1,0,0.05515329199988628,0.302055,0.465475,0.23247
pthreads,800000,1,1,0.05506279200017161,0.302545,0.46566625,0.23178875
pthreads,800000,1,2,0.05540980500063597,0.30242,0.46414875,0.23343125
pthreads,800000,1,3,0.05537098300010257,0.30171625,0.46583,0.23245375
pthreads,800000,1,4,0.05530985299992608,0.3007925,0.4657075,0.2335
pthreads,800000,1,5,0.05588058800003637,0.30113125,0.4656725,0.23319625
pthreads,800000,2,0,0.05800439399990864,0.3017525,0.46473625,0.23351125
pthreads,800000,2,1,0.058273992000067665,0.3020425,0.46550875,0.23244875
pthreads,800000,2,2,0.05807631599964225,0.30287375,0.4650325,0.23209375
pthreads,800000,2,3,0.0578341870004806,0.30110625,0.46563125,0.2332625
pthreads,800000,2,4,0.0587892039993676,0.30203625,0.4650525,0.23291125
pthreads,800000,2,5,0.05859056600002077,0.30111375,0.46607375,0.2328125
pthreads,800000,3,0,0.06590204200074368,0.30212125,0.46486,0.23301875
pthreads,800000,3,1,0.06675741700018989,0.30196375,0.46562,0.23241625
pthreads,800000,3,2,0.0657919570003287,0.3028475,0.465475,0.2316775
pthreads,800000,3,3,0.06585633799932111,0.30079125,0.46615125,0.2330575
pthreads,800000,3,4,0.06662502800008951,0.30201,0.464815,0.233175
pthreads,800000,3,5,0.06493509399933828,0.30149,0.4659625,0.2325475
pthreads,800000,4,0,0.07501587400020071,0.302065,0.464925,0.23301
pthreads,800000,4,1,0.07435591499961447,0.30246125,0.46496625,0.2325725
pthreads,800000,4,2,0.07273638200058485,0.30230375,0.46512875,0.2325675
pthreads,800000,4,3,0.07510528800048633,0.3011375,0.46588,0.2329825
pthreads,800000,4,4,0.07514578600057575,0.30209,0.46475875,0.23315125
pthreads,800000,4,5,0.07624885800032644,0.3015825,0.46600375,0.23241375
pthreads,1600000,1,0,0.1093686220001473,0.30205188,0.46525688,0.23269125
pthreads,1600000,1,1,0.11127957000007882,0.30189625,0.46593375,0.23217
pthreads,1600000,1,2,0.1094018670000878,0.30236438,0.46446437,0.23317125
pthreads,1600000,1,3,0.10897494599976199,0.3022875,0.465425,0.2322875
pthreads,1600000,1,4,0.10916511100003845,0.30135375,0.46535312,0.23329312
pthreads,1600000,1,5,0.10958781099998305,0.30166,0.46555812,0.23278187
pthreads,1600000,2,0,0.11490289599987591,0.30167813,0.46523687,0.233085
pthreads,1600000,2,1,0.11459372799981793,0.302225,0.46568688,0.23208813
pthreads,1600000,2,2,0.12081582999962848,0.30278187,0.46460937,0.23260875
pthreads,1600000,2,3,0.1197404260001349,0.30129375,0.46546562,0.23324063
pthreads,1600000,2,4,0.11584221300017816,0.30182188,0.46495,0.23322813
pthreads,1600000,2,5,0.11563586200009013,0.30148687,0.4655775,0.23293563
pthreads,1600000,3,0,0.12866521700016165,0.30204063,0.46499187,0.2329675
pthreads,1600000,3,1,0.13155206500050554,0.30266,0.46543937,0.23190062
pthreads,1600000,3,2,0.13009007800064865,0.30268187,0.46483687,0.23248125
pthreads,1600000,3,3,0.13087910300055228,0.30145,0.46554438,0.23300562
pthreads,1600000,3,4,0.1297480989996984,0.30130187,0.46535312,0.233345
pthreads,1600000,3,5,0.1545216619997518,0.30147438,0.46567375,0.23285188
pthreads,1600000,4,0,0.14865333499983535,0.30212438,0.46486312,0.2330125
pthreads,1600000,4,1,0.14812139800051227,0.30257937,0.46536187,0.23205875
pthreads,1600000,4,2,0.14825273000042216,0.30265938,0.46471313,0.2326275
pthreads,1600000,4,3,0.14822798899967893,0.30167312,0.46577125,0.23255562
pthreads,1600000,4,4,0.1496695189998718,0.30190312,0.4648225,0.23327438
pthreads,1600000,4,5,0.15112500299983367,0.30173062,0.46563625,0.23263312
pthreads,3200000,1,0,0.21709710599952814,0.30188219,0.46519625,0.23292156
pthreads,3200000,1,1,0.21768302800046513,0.30166562,0.46626469,0.23206969
pthreads,3200000,1,2,0.2217731509999794,0.30199531,0.46506938,0.23293531
pthreads,3200000,1,3,0.2169574029994692,0.3015975,0.46569531,0.23270719
pthreads,3200000,1,4,0.21835648700016463,0.30161594,0.46577344,0.23261062
pthreads,3200000,1,5,0.21756017400002747,0.30189813,0.46541594,0.23268594
pthreads,3200000,2,0,0.2262506970000686,0.30186687,0.46536281,0.23277031
pthreads,3200000,2,1,0.2301339059995371,0.301885,0.4656825,0.2324325
pthreads,3200000,2,2,0.22733163700013392,0.30217656,0.464855,0.23296844
pthreads,3200000,2,3,0.22863142499954847,0.30184281,0.46548187,0.23267531
pthreads,3200000,2,4,0.22666648599988548,0.30189156,0.46516344,0.232945
pthreads,3200000,2,5,0.22779474000071787,0.30184531,0.4651725,0.23298219
pthreads,3200000,3,0,0.26496062200021697,0.30185375,0.46513344,0.23301281
pthreads,3200000,3,1,0.26259482099976594,0.30228719,0.46557688,0.23213594
pthreads,3200000,3,2,0.2574060639999516,0.30227094,0.46501625,0.23271281
pthreads,3200000,3,3,0.25919504900048196,0.30160281,0.465445,0.23295219
pthreads,3200000,3,4,0.2633635629999844,0.30166312,0.46535938,0.2329775
pthreads,3200000,3,5,0.26518746400051896,0.30160938,0.46558906,0.23280156
pthreads,3200000,4,0,0.29980487099965103,0.30193437,0.46497781,0.23308781
pthreads,3200000,4,1,0.2892645430001721,0.3025325,0.46551219,0.23195531
pthreads,3200000,4,2,0.28663299300023937,0.30245625,0.464705,0.23283875
pthreads,3200000,4,3,0.295292325000446,0.30160687,0.46547969,0.23291344
pthreads,3200000,4,4,0.2918915179998294,0.30174781,0.46517625,0.23307594
pthreads,3200000,4,5,0.2891608920008366,0.30190594,0.46547469,0.23261937
pthreads,6400000,1,0,0.4345270650001112,0.30172766,0.46577844,0.23249391
pthreads,6400000,1,1,0.43171844799962855,0.30174797,0.46584969,0.23240234
pthreads,6400000,1,2,0.4334552620002796,0.30191937,0.46516547,0.23291516
pthreads,6400000,1,3,0.4327580320004927,0.30190203,0.46536344,0.23273453
pthreads,6400000,1,4,0.4306650320004337,0.30157937,0.46584844,0.23257219
pthreads,6400000,1,5,0.4316250960000616,0.30174156,0.46565812,0.23260031
pthreads,6400000,2,0,0.4592026069994972,0.30194906,0.46505812,0.23299281
pthreads,6400000,2,1,0.4542659399994591,0.30175297,0.46582766,0.23241938
pthreads,6400000,2,2,0.4546970869996585,0.30201187,0.46527391,0.23271422
pthreads,6400000,2,3,0.45370979600011196,0.30164031,0.46543969,0.23292
pthreads,6400000,2,4,0.45472981599959894,0.30185109,0.46551063,0.23263828
pthreads,6400000,2,5,0.4538550729994313,0.3019125,0.46528156,0.23280594
pthreads,6400000,3,0,0.5153144319992862,0.30193938,0.46535578,0.23270484
pthreads,6400000,3,1,0.5148569169996335,0.30189922,0.465615,0.23248578
pthreads,6400000,3,2,0.5152479460002723,0.3021175,0.46504703,0.23283547
pthreads,6400000,3,3,0.5219924990005893,0.30174937,0.46557047,0.23268016
pthreads,6400000,3,4,0.5146631779998643,0.3018725,0.46534828,0.23277922
pthreads,6400000,3,5,0.5208883870000136,0.30179375,0.46535859,0.23284766
pthreads,6400000,4,0,0.5762461989997973,0.30198234,0.46509875,0.23291891
pthreads,6400000,4,1,0.5766719679995731,0.30182656,0.46563891,0.23253453
pthreads,6400000,4,2,0.5850552070005506,0.30215703,0.46489766,0.23294531
pthreads,6400000,4,3,0.5775658540005679,0.30183078,0.46535609,0.23281313
pthreads,6400000,4,4,0.5872572480002418,0.30181469,0.46535813,0.23282719
pthreads,6400000,4,5,0.5836226299998089,0.30182656,0.46552016,0.23265328
pthreads,12800000,1,0,0.8622868990005372,0.301795,0.46563547,0.23256953
pthreads,12800000,1,1,0.8614166739998836,0.30172148,0.46575703,0.23252148
pthreads,12800000,1,2,0.8673689520001062,0.30182641,0.46551406,0.23265953
pthreads,12800000,1,3,0.8652999989999444,0.30182195,0.46551336,0.23266469
pthreads,12800000,1,4,0.8604808509999202,0.30162875,0.46573578,0.23263547
pthreads,12800000,1,5,0.8641047529999923,0.30169859,0.4656532,0.2326482
pthreads,12800000,2,0,0.9068288329999632,0.30178828,0.46550789,0.23270383
pthreads,12800000,2,1,0.9075329659999625,0.30178828,0.46579539,0.23241633
pthreads,12800000,2,2,0.9055353570001898,0.30186641,0.46543758,0.23269602
pthreads,12800000,2,3,0.921501177999744,0.30185297,0.46532969,0.23281734
pthreads,12800000,2,4,0.9096350200006782,0.30177742,0.46556242,0.23266016
pthreads,12800000,2,5,0.9078787589996864,0.30184453,0.46543812,0.23271734
pthreads,12800000,3,0,1.0790329300007215,0.30191203,0.46531273,0.23277523
pthreads,12800000,3,1,1.0628732700006367,0.30186969,0.4657068,0.23242352
pthreads,12800000,3,2,1.0776261869996233,0.30188172,0.46550648,0.2326118
pthreads,12800000,3,3,1.0514885960001266,0.30178187,0.46546781,0.23275031
pthreads,12800000,3,4,1.0309711329991842,0.30180289,0.46553273,0.23266438
pthreads,12800000,3,5,1.0267559950007126,0.30175906,0.4654918,0.23274914
pthreads,12800000,4,0,1.1880398389994298,0.30191102,0.46513641,0.23295258
pthreads,12800000,4,1,1.198908021000534,0.30178539,0.46574023,0.23247438
pthreads,12800000,4,2,1.1978598210007476,0.301935,0.46531766,0.23274734
pthreads,12800000,4,3,1.1602279989992894,0.30171008,0.4654957,0.23279422
pthreads,12800000,4,4,1.1687241590007034,0.3018968,0.46538594,0.23271727
pthreads,12800000,4,5,1.1633295800002088,0.30185508,0.46549281,0.23265211
pthreads,25600000,1,0,1.7211257839999234,0.30177195,0.46562004,0.23260801
pthreads,25600000,1,1,1.72996116899958,0.30175563,0.46563727,0.23260711
pthreads,25600000,1,2,1.7222506140005862,0.30181246,0.46546344,0.2327241
pthreads,25600000,1,3,1.7282282370006214,0.30179113,0.46553254,0.23267633
pthreads,25600000,1,4,1.7275663450000138,0.30172676,0.46564664,0.2326266
pthreads,25600000,1,5,1.7240517519994683,0.3017652,0.4655966,0.2326382
pthreads,25600000,2,0,1.8110262489999513,0.30180133,0.4655577,0.23264098
pthreads,25600000,2,1,1.8131324129999484,0.30173531,0.46571488,0.2325498
pthreads,25600000,2,2,1.8066413289998309,0.30178469,0.46560902,0.23260629
pthreads,25600000,2,3,1.819308471000113,0.30179957,0.46550961,0.23269082
pthreads,25600000,2,4,1.8030085899999904,0.30172523,0.46563437,0.23264039
pthreads,25600000,2,5,1.8024890759998016,0.3017573,0.46558719,0.23265551
pthreads,25600000,3,0,2.0677387910000107,0.3017698,0.46551023,0.23271996
pthreads,25600000,3,1,2.3189864189998843,0.30174754,0.46571223,0.23254023
pthreads,25600000,3,2,2.074616732999857,0.30182066,0.46551664,0.2326627
pthreads,25600000,3,3,2.044826400000602,0.30178859,0.46540512,0.23280629
pthreads,25600000,3,4,2.0590036880003026,0.30181957,0.46551555,0.23266488
pthreads,25600000,3,5,2.040322178999304,0.30181102,0.46550969,0.2326793
pthreads,25600000,4,0,2.3046875640002327,0.30183652,0.46542383,0.23273965
pthreads,25600000,4,1,2.3143506770002205,0.30178523,0.46568207,0.2325327
pthreads,25600000,4,2,2.3060677789999318,0.30182641,0.46542828,0.23274531
pthreads,25600000,4,3,2.316898841000693,0.30176297,0.46551445,0.23272258
pthreads,25600000,4,4,2.305336978000014,0.30184465,0.46544738,0.23270797
pthreads,25600000,4,5,2.309490444000403,0.30180258,0.46549141,0.23270602
mpi,100000,1,0,0.3201701049993062,0.3023,0.46462,0.23308
mpi,100000,1,1,0.32001475099968957,0.3038,0.46482,0.23138
mpi,100000,1,2,0.3193604210000558,0.30377,0.46422,0.23201
mpi,100000,1,3,0.31991075400037516,0.30223,0.4637,0.23407
mpi,100000,1,4,0.3200400450004963,0.30201,0.46557,0.23242
mpi,100000,1,5,0.319702562999737,0.29851,0.46869,0.2328
mpi,100000,2,0,0.3199035190000359,0.29994,0.46401,0.23605
mpi,100000,2,1,0.31883344699963345,0.30271,0.46636,0.23093
mpi,100000,2,2,0.3200632379994204,0.30218,0.46465,0.23317
mpi,100000,2,3,0.32102619699981005,0.29996,0.46507,0.23497
mpi,100000,2,4,0.3187996189999467,0.30207,0.46542,0.23251
mpi,100000,2,5,0.3249052829996799,0.30075,0.46608,0.23317
mpi,100000,3,0,0.3255115809997733,0.30136,0.4648,0.23384
mpi,100000,3,1,0.321668900000077,0.303,0.46566,0.23134
mpi,100000,3,2,0.32477541400021437,0.30087,0.46724,0.23189
mpi,100000,3,3,0.3229387340006724,0.30004,0.4661,0.23386
mpi,100000,3,4,0.41544384000007994,0.30272,0.4644,0.23288
mpi,100000,3,5,0.3250172090001797,0.30392,0.46443,0.23165
mpi,100000,4,0,0.3280157059998601,0.30289,0.46354,0.23357
mpi,100000,4,1,0.32753443000001425,0.30258,0.4677,0.22972
mpi,100000,4,2,0.3280030400001124,0.30113,0.46622,0.23265
mpi,100000,4,3,0.33243130699975154,0.30244,0.46549,0.23207
mpi,100000,4,4,0.32645913699980156,0.30249,0.46364,0.23387
mpi,100000,4,5,0.3284421629996359,0.30323,0.46403,0.23274
mpi,200000,1,0,0.32410980599979666,0.301555,0.46547,0.232975
mpi,200000,1,1,0.3259240649995263,0.302645,0.46438,0.232975
mpi,200000,1,2,0.3258522050000465,0.302755,0.46481,0.232435
mpi,200000,1,3,0.32386663099987345,0.301055,0.46473,0.234215
mpi,200000,1,4,0.32403518299997813,0.30147,0.465715,0.232815
mpi,200000,1,5,0.3240841970000474,0.300405,0.46723,0.232365
mpi,200000,2,0,0.32363091699971847,0.30171,0.464145,0.234145
mpi,200000,2,1,0.3233205500000622,0.303385,0.464765,0.23185
mpi,200000,2,2,0.32414815500033,0.30341,0.464465,0.232125
mpi,200000,2,3,0.32396587600032944,0.30081,0.46566,0.23353
mpi,200000,2,4,0.3196599570001126,0.301935,0.46438,0.233685
mpi,200000,2,5,0.3203143769997041,0.300545,0.466355,0.2331
mpi,200000,3,0,0.32417404300031194,0.30117,0.464275,0.234555
mpi,200000,3,1,0.3234279360003711,0.301375,0.466075,0.23255
mpi,200000,3,2,0.3243470540000999,0.302235,0.464545,0.23322
mpi,200000,3,3,0.32406972799981304,0.300165,0.465975,0.23386
mpi,200000,3,4,0.3236547070000597,0.30198,0.46547,0.23255
mpi,200000,3,5,0.3240116510005464,0.301715,0.465595,0.23269
mpi,200000,4,0,0.32818967499952123,0.3001,0.46562,0.23428
mpi,200000,4,1,0.32822119899992686,0.301895,0.465925,0.23218
mpi,200000,4,2,0.33319504100018094,0.301905,0.4647,0.233395
mpi,200000,4,3,0.3313354040001286,0.301465,0.465385,0.23315
mpi,200000,4,4,0.33154342500074563,0.301595,0.46572,0.232685
mpi,200000,4,5,0.32859896999980265,0.302215,0.46607,0.231715
mpi,400000,1,0,0.33975449099943944,0.3021475,0.4652225,0.23263
mpi,400000,1,1,0.3479268810006033,0.302245,0.4652525,0.2325025
mpi,400000,1,2,0.33974577200024214,0.30214,0.4648625,0.2329975
mpi,400000,1,3,0.3442076969995469,0.30183,0.46524,0.23293
mpi,400000,1,4,0.33997516599993105,0.3009575,0.465745,0.2332975
mpi,400000,1,5,0.3392818680003984,0.30021,0.466435,0.233355
mpi,400000,2,0,0.332227669000531,0.3014825,0.4644775,0.23404
mpi,400000,2,1,0.3276395439997941,0.3029625,0.464485,0.2325525
mpi,400000,2,2,0.32846139800039964,0.3023275,0.46509,0.2325825
mpi,400000,2,3,0.33181037600024865,0.300985,0.465955,0.23306
mpi,400000,2,4,0.3282268610000756,0.3012575,0.4649375,0.233805
mpi,400000,2,5,0.33130427899959614,0.3014025,0.465655,0.2329425
mpi,400000,3,0,0.3313922569996066,0.3017575,0.4647,0.2335425
mpi,400000,3,1,0.3314110779992916,0.3020875,0.4653075,0.232605
mpi,400000,3,2,0.3364171910006917,0.3027275,0.46448,0.2327925
mpi,400000,3,3,0.33200628099984897,0.3007675,0.4660825,0.23315
mpi,400000,3,4,0.33166644199991424,0.302,0.46539,0.23261
mpi,400000,3,5,0.3306402279995382,0.30173,0.4657025,0.2325675
mpi,400000,4,0,0.33084437900015473,0.30152,0.464865,0.233615
mpi,400000,4,1,0.3330544740001642,0.3020775,0.4652575,0.232665
mpi,400000,4,2,0.33615332400040643,0.3026575,0.46423,0.2331125
mpi,400000,4,3,0.3358289309999236,0.301225,0.4660925,0.2326825
mpi,400000,4,4,0.3396272449999742,0.302085,0.4649725,0.2329425
mpi,400000,4,5,0.3359032369999113,0.3018325,0.465525,0.2326425
mpi,800000,1,0,0.3639834890000202,0.302055,0.465475,0.23247
mpi,800000,1,1,0.3634762790006789,0.302545,0.46566625,0.23178875
mpi,800000,1,2,0.36004935700020724,0.30242,0.46414875,0.23343125
mpi,800000,1,3,0.36369070799992187,0.30171625,0.46583,0.23245375
mpi,800000,1,4,0.3643993660007254,0.3007925,0.4657075,0.2335
mpi,800000,1,5,0.36768949199995404,0.30113125,0.4656725,0.23319625
mpi,800000,2,0,0.34413041900006647,0.301325,0.465005,0.23367
mpi,800000,2,1,0.33947540300050605,0.30266375,0.46493625,0.2324
mpi,800000,2,2,0.3439562620005745,0.301635,0.46560125,0.23276375
mpi,800000,2,3,0.34383567399981985,0.30125125,0.46568,0.23306875
mpi,800000,2,4,0.34288277700034087,0.30083,0.4653275,0.2338425
mpi,800000,2,5,0.3408413360002669,0.30122875,0.4655,0.23327125
mpi,800000,3,0,0.33980568400056654,0.3015225,0.4655325,0.232945
mpi,800000,3,1,0.3428560940001262,0.302235,0.465295,0.23247
mpi,800000,3,2,0.3369261549996736,0.30214375,0.4649425,0.23291375
mpi,800000,3,3,0.34149870700002793,0.30111,0.466005,0.232885
mpi,800000,3,4,0.33737472300072113,0.302265,0.46491875,0.23281625
mpi,800000,3,5,0.33698454600016703,0.302015,0.4653025,0.2326825
mpi,800000,4,0,0.3353026949998821,0.30128875,0.46521625,0.233495
mpi,800000,4,1,0.3398648669999602,0.302545,0.46487875,0.23257625
mpi,800000,4,2,0.3396562770003584,0.3017025,0.465075,0.2332225
mpi,800000,4,3,0.3410506959999111,0.3010675,0.465975,0.2329575
mpi,800000,4,4,0.3394735009997021,0.301725,0.46527875,0.23299625
mpi,800000,4,5,0.3393238979997477,0.30212125,0.46488375,0.232995
mpi,1600000,1,0,0.41187340399937966,0.30205188,0.46525688,0.23269125
mpi,1600000,1,1,0.4078130819998478,0.30189625,0.46593375,0.23217
mpi,1600000,1,2,0.4163897079997696,0.30236438,0.46446437,0.23317125
mpi,1600000,1,3,0.4156009210000775,0.3022875,0.465425,0.2322875
mpi,1600000,1,4,0.41139591800038033,0.30135375,0.46535312,0.23329312
mpi,1600000,1,5,0.40790087900040817,0.30166,0.46555812,0.23278187
mpi,1600000,2,0,0.3638624109999,0.30173125,0.46534813,0.23292062
mpi,1600000,2,1,0.3679983390002235,0.30258875,0.46537125,0.23204
mpi,1600000,2,2,0.3637363710004138,0.30193063,0.4651375,0.23293188
mpi,1600000,2,3,0.36379596699953254,0.3015125,0.465845,0.2326425
mpi,1600000,2,4,0.3681649039999684,0.30108187,0.46547187,0.23344625
mpi,1600000,2,5,0.364050098000007,0.30158313,0.46549125,0.23292562
mpi,1600000,3,0,0.3571939170005862,0.30160313,0.46565125,0.23274563
mpi,1600000,3,1,0.3552891360004651,0.3026325,0.46545625,0.23191125
mpi,1600000,3,2,0.3515445590001036,0.30180875,0.46493563,0.23325562
mpi,1600000,3,3,0.3598719550000169,0.3012075,0.46612687,0.23266562
mpi,1600000,3,4,0.35654730399983237,0.301445,0.46567313,0.23288187
mpi,1600000,3,5,0.355863533000047,0.30173125,0.46533625,0.2329325
mpi,1600000,4,0,0.35698745399986365,0.3012925,0.46566062,0.23304687
mpi,1600000,4,1,0.35086628699991707,0.30246,0.46516937,0.23237062
mpi,1600000,4,2,0.3609502829995108,0.3013375,0.46542875,0.23323375
mpi,1600000,4,3,0.35133566799959226,0.30153625,0.46580938,0.23265437
mpi,1600000,4,4,0.35732565699981933,0.30160938,0.46548125,0.23290938
mpi,1600000,4,5,0.3521270130004268,0.30184,0.4650075,0.2331525
mpi,3200000,1,0,0.5041386850007257,0.30188219,0.46519625,0.23292156
mpi,3200000,1,1,0.5080338569996456,0.30166562,0.46626469,0.23206969
mpi,3200000,1,2,0.503491297000437,0.30199531,0.46506938,0.23293531
mpi,3200000,1,3,0.5041831660000753,0.3015975,0.46569531,0.23270719
mpi,3200000,1,4,0.5079278370003522,0.30161594,0.46577344,0.23261062
mpi,3200000,1,5,0.503817830999651,0.30189813,0.46541594,0.23268594
mpi,3200000,2,0,0.414107688000513,0.3018875,0.46538281,0.23272969
mpi,3200000,2,1,0.4135322290003387,0.30183031,0.46597531,0.23219438
mpi,3200000,2,2,0.41603876299996045,0.30209656,0.46507,0.23283344
mpi,3200000,2,3,0.4157727719994,0.30197406,0.46535031,0.23267562
mpi,3200000,2,4,0.4196850609996545,0.30152406,0.46548375,0.23299219
mpi,3200000,2,5,0.41213937900010933,0.30185125,0.46547594,0.23267281
mpi,3200000,3,0,0.38816183299968543,0.30174688,0.46580875,0.23244438
mpi,3200000,3,1,0.38836283500040736,0.30240312,0.46583594,0.23176094
mpi,3200000,3,2,0.3882316990002437,0.30195125,0.46514437,0.23290437
mpi,3200000,3,3,0.39020380300007673,0.30184719,0.46554594,0.23260687
mpi,3200000,3,4,0.38891522900030395,0.30163812,0.4656225,0.23273937
mpi,3200000,3,5,0.38789673399969615,0.3018475,0.46526469,0.23288781
mpi,3200000,4,0,0.3759270609998566,0.3016175,0.46592031,0.23246219
mpi,3200000,4,1,0.377217426000243,0.30246563,0.46553719,0.23199719
mpi,3200000,4,2,0.37470995300009236,0.30176531,0.46513656,0.23309812
mpi,3200000,4,3,0.3756355160003295,0.30189656,0.46567531,0.23242813
mpi,3200000,4,4,0.37526903999969363,0.30152937,0.46554031,0.23293031
mpi,3200000,4,5,0.3822941689995787,0.30193031,0.465135,0.23293469
mpi,6400000,1,0,0.7042031639994093,0.30172766,0.46577844,0.23249391
mpi,6400000,1,1,0.7033825609996711,0.30174797,0.46584969,0.23240234
mpi,6400000,1,2,0.6965596809995986,0.30191937,0.46516547,0.23291516
mpi,6400000,1,3,0.6955147680000664,0.30190203,0.46536344,0.23273453
mpi,6400000,1,4,0.6998523890006254,0.30157937,0.46584844,0.23257219
mpi,6400000,1,5,0.6958337609994487,0.30174156,0.46565812,0.23260031
mpi,6400000,2,0,0.5118302689998018,0.30196047,0.46507359,0.23296594
mpi,6400000,2,1,0.5162354619997132,0.30168563,0.46598187,0.2323325
mpi,6400000,2,2,0.5155195709994587,0.30187234,0.46531422,0.23281344
mpi,6400000,2,3,0.5119516199993086,0.30162062,0.46562297,0.23275641
mpi,6400000,2,4,0.5158642569995209,0.30183266,0.46535422,0.23281313
mpi,6400000,2,5,0.5161104129992964,0.30191625,0.46536109,0.23272266
mpi,6400000,3,0,0.45146341399959056,0.30187531,0.46558906,0.23253562
mpi,6400000,3,1,0.45492132700019283,0.30173109,0.46604219,0.23222672
mpi,6400000,3,2,0.44861096299973724,0.30188531,0.46526734,0.23284734
mpi,6400000,3,3,0.44713632900038647,0.30176406,0.46555797,0.23267797
mpi,6400000,3,4,0.4567187610000474,0.30173672,0.46579375,0.23246953
mpi,6400000,3,5,0.4918871580002815,0.30171016,0.46545469,0.23283516
mpi,6400000,4,0,0.42382342600012635,0.30164375,0.46599969,0.23235656
mpi,6400000,4,1,0.4242894859999069,0.30185234,0.46591063,0.23223703
mpi,6400000,4,2,0.427790701000049,0.30189938,0.46525187,0.23284875
mpi,6400000,4,3,0.4264410770001632,0.30183328,0.46561453,0.23255219
mpi,6400000,4,4,0.4256048330007616,0.30167516,0.46556969,0.23275516
mpi,6400000,4,5,0.424033860000236,0.30187516,0.46539938,0.23272547
mpi,12800000,1,0,1.0878381500006071,0.301795,0.46563547,0.23256953
mpi,12800000,1,1,1.0918464470005347,0.30172148,0.46575703,0.23252148
mpi,12800000,1,2,1.0754533469998933,0.30182641,0.46551406,0.23265953
mpi,12800000,1,3,1.080365031999463,0.30182195,0.46551336,0.23266469
mpi,12800000,1,4,1.087631895999948,0.30162875,0.46573578,0.23263547
mpi,12800000,1,5,1.0963644489993385,0.30169859,0.4656532,0.2326482
mpi,12800000,2,0,0.7118909370001347,0.30178328,0.46551375,0.23270297
mpi,12800000,2,1,0.7077743790005115,0.30178063,0.46560375,0.23261562
mpi,12800000,2,2,0.707566019999831,0.30180242,0.46542461,0.23277297
mpi,12800000,2,3,0.7158812070001659,0.30178109,0.46548031,0.23273859
mpi,12800000,2,4,0.7083192959998996,0.30171047,0.46554656,0.23274297
mpi,12800000,2,5,0.711322766000194,0.3017768,0.46565984,0.23256336
mpi,12800000,3,0,0.5835342680002213,0.30182211,0.46552594,0.23265195
mpi,12800000,3,1,0.5834086439999737,0.30176477,0.46580266,0.23243258
mpi,12800000,3,2,0.5852687670003434,0.30177289,0.46554398,0.23268312
mpi,12800000,3,3,0.5830395630000567,0.3017082,0.46557711,0.23271469
mpi,12800000,3,4,0.5797340230001282,0.30170914,0.46575266,0.2325382
mpi,12800000,3,5,0.5845086379995337,0.3018032,0.46534273,0.23285406
mpi,12800000,4,0,0.5230457409998053,0.301795,0.46549141,0.23271359
mpi,12800000,4,1,0.5269597610003984,0.301735,0.46590945,0.23235555
mpi,12800000,4,2,0.5230093700001817,0.301805,0.46553008,0.23266492
mpi,12800000,4,3,0.5228292680003506,0.30166797,0.46563539,0.23269664
mpi,12800000,4,4,0.52266472699921,0.30175742,0.46564227,0.23260031
mpi,12800000,4,5,0.5236289520007631,0.3018693,0.46541406,0.23271664
mpi,25600000,1,0,1.8684092110006532,0.30177195,0.46562004,0.23260801
mpi,25600000,1,1,1.8639602969997213,0.30175563,0.46563727,0.23260711
mpi,25600000,1,2,1.8515170580003542,0.30181246,0.46546344,0.2327241
mpi,25600000,1,3,1.863853633999497,0.30179113,0.46553254,0.23267633
mpi,25600000,1,4,1.8399159520004105,0.30172676,0.46564664,0.2326266
mpi,25600000,1,5,1.847835438000402,0.3017652,0.4655966,0.2326382
mpi,25600000,2,0,1.096360693999486,0.30180469,0.46556406,0.23263125
mpi,25600000,2,1,1.0959524370000508,0.30176309,0.46566188,0.23257504
mpi,25600000,2,2,1.0917921109994495,0.3018043,0.46550004,0.23269566
mpi,25600000,2,3,1.0921580820004237,0.30178273,0.46549598,0.23272129
mpi,25600000,2,4,1.095937346000028,0.30172027,0.4656157,0.23266402
mpi,25600000,2,5,1.0915158719999454,0.30172852,0.46564285,0.23262863
mpi,25600000,3,0,0.8436245120001331,0.30180645,0.46556227,0.23263129
mpi,25600000,3,1,0.8484768980006265,0.30174773,0.46565641,0.23259586
mpi,25600000,3,2,0.8436022330006381,0.30179926,0.46549219,0.23270855
mpi,25600000,3,3,0.83972391899988,0.30173062,0.46552637,0.23274301
mpi,25600000,3,4,0.8461140940007681,0.30175336,0.46558832,0.23265832
mpi,25600000,3,5,0.8499314840000807,0.30176035,0.46562945,0.2326102
mpi,25600000,4,0,0.7278704400005154,0.3017318,0.46562348,0.23264473
mpi,25600000,4,1,0.7155818290002571,0.30177246,0.4656759,0.23255164
mpi,25600000,4,2,0.7243781650004166,0.30172898,0.46559609,0.23267492
mpi,25600000,4,3,0.7186497149996285,0.30175141,0.46550191,0.23274668
mpi,25600000,4,4,0.7247840279997035,0.30170281,0.46564457,0.23265262
mpi,25600000,4,5,0.723231687000407,0.30178684,0.46561762,0.23259555
serial,100000,1,0,0.009376072000122804,0.302,0.46548,0.23252
serial,100000,1,1,0.009306745000685623,0.30147,0.46564,0.23289
serial,100000,1,2,0.009518552999907115,0.30144,0.4647,0.23386
serial,100000,1,3,0.009269084000152361,0.30498,0.46385,0.23117
serial,100000,1,4,0.009451869000258739,0.30111,0.46736,0.23153
serial,100000,1,5,0.009270307999940997,0.30056,0.46726,0.23218
serial,200000,1,0,0.01774252300037915,0.301695,0.465665,0.23264
serial,200000,1,1,0.017683863999991445,0.301375,0.46541,0.233215
serial,200000,1,2,0.017707887000142364,0.30189,0.465085,0.233025
serial,200000,1,3,0.017654033000326308,0.30375,0.463625,0.232625
serial,200000,1,4,0.01761512800021592,0.300615,0.466715,0.23267
serial,200000,1,5,0.017582727999979397,0.301245,0.466695,0.23206
serial,400000,1,0,0.0319802530002562,0.30086,0.465915,0.233225
serial,400000,1,1,0.031635082000320836,0.301395,0.465195,0.23341
serial,400000,1,2,0.03125722299955669,0.301485,0.4657475,0.2327675
serial,400000,1,3,0.03149454100002913,0.30309,0.464405,0.232505
serial,400000,1,4,0.03145627899993997,0.3021225,0.465675,0.2322025
serial,400000,1,5,0.03132599100081279,0.3012225,0.46647,0.2323075
serial,800000,1,0,0.06202954899981705,0.30107,0.46631375,0.23261625
serial,800000,1,1,0.0618267529998775,0.3013975,0.4653925,0.23321
serial,800000,1,2,0.06171097400056169,0.3012175,0.46583625,0.23294625
serial,800000,1,3,0.06147480000072392,0.30225625,0.46527,0.23247375
serial,800000,1,4,0.062013036999815085,0.3024375,0.464685,0.2328775
serial,800000,1,5,0.06138486599957105,0.30105375,0.46675375,0.2321925
serial,1600000,1,0,0.12182434999976977,0.30163875,0.46586187,0.23249938
serial,1600000,1,1,0.12149057699934929,0.30176313,0.46549,0.23274687
serial,1600000,1,2,0.12198503600029653,0.30126125,0.46590312,0.23283562
serial,1600000,1,3,0.12074247700002161,0.30237313,0.46523437,0.2323925
serial,1600000,1,4,0.12234668300061458,0.3019275,0.4652475,0.232825
serial,1600000,1,5,0.12304791600035969,0.30151187,0.46643125,0.23205687
serial,3200000,1,0,0.2387967810000191,0.30182625,0.46569906,0.23247469
serial,3200000,1,1,0.2388635659999636,0.30158687,0.4656075,0.23280562
serial,3200000,1,2,0.23792004400002043,0.30151844,0.46562219,0.23285938
serial,3200000,1,3,0.23900356699959957,0.30206656,0.46527031,0.23266312
serial,3200000,1,4,0.23776383199947304,0.30180187,0.46548281,0.23271531
serial,3200000,1,5,0.2384080689998882,0.30167688,0.46609625,0.23222687
serial,6400000,1,0,0.47376478600017435,0.30204938,0.46543297,0.23251766
serial,6400000,1,1,0.4748227850004696,0.301685,0.46542125,0.23289375
serial,6400000,1,2,0.47497682199991687,0.30176859,0.46539141,0.23284
serial,6400000,1,3,0.502168508000068,0.30211047,0.46508813,0.23280141
serial,6400000,1,4,0.4757007189991782,0.30174828,0.46542672,0.232825
serial,6400000,1,5,0.4757144099994548,0.30161547,0.46599016,0.23239437
serial,12800000,1,0,0.9562484819998645,0.30192562,0.46554656,0.23252781
serial,12800000,1,1,0.949806327999795,0.30183656,0.46550508,0.23265836
serial,12800000,1,2,0.9492119099995762,0.3017432,0.46553648,0.23272031
serial,12800000,1,3,0.9507069110004522,0.30189086,0.46534031,0.23276883
serial,12800000,1,4,0.9428913749998173,0.30187336,0.46526352,0.23286313
serial,12800000,1,5,0.9288515010002811,0.30173078,0.46581195,0.23245727
serial,25600000,1,0,1.8667498349996094,0.3018273,0.46553957,0.23263312
serial,25600000,1,1,1.8798089699994307,0.30196785,0.46531168,0.23272047
serial,25600000,1,2,1.9016277090004223,0.3016991,0.46567355,0.23262734
serial,25600000,1,3,1.9138647549998495,0.30184461,0.46540078,0.23275461
serial,25600000,1,4,1.9088280319992919,0.30188414,0.46532195,0.23279391
serial,25600000,1,5,1.9110095440000805,0.30175793,0.46567602,0.23256605
pthreads,100000,1,0,0.00843527999950311,0.3023,0.46462,0.23308
pthreads,100000,1,1,0.007900140000856481,0.3038,0.46482,0.23138
pthreads,100000,1,2,0.008110247000331583,0.30377,0.46422,0.23201
pthreads,100000,1,3,0.008488657999805582,0.30223,0.4637,0.23407
pthreads,100000,1,4,0.008114031000332034,0.30201,0.46557,0.23242
pthreads,100000,1,5,0.0077427919995898264,0.29851,0.46869,0.2328
pthreads,100000,2,0,0.008380038000723289,0.29945,0.46639,0.23416
pthreads,100000,2,1,0.008632955999928527,0.30209,0.46575,0.23216
pthreads,100000,2,2,0.008932143000492943,0.30301,0.46541,0.23158
pthreads,100000,2,3,0.00917978400048014,0.30009,0.4649,0.23501
pthreads,100000,2,4,0.008432038999671931,0.30372,0.46451,0.23177
pthreads,100000,2,5,0.00823239800047304,0.30082,0.468,0.23118
pthreads,100000,3,0,0.009204173999933118,0.30094,0.46602,0.23304
pthreads,100000,3,1,0.009550212000249303,0.30133,0.46526,0.23341
pthreads,100000,3,2,0.009247799000149826,0.30245,0.46553,0.23202
pthreads,100000,3,3,0.009659680999902776,0.30052,0.46611,0.23337
pthreads,100000,3,4,0.010319422999600647,0.30242,0.46528,0.2323
pthreads,100000,3,5,0.009082792000299378,0.30137,0.46779,0.23084
pthreads,100000,4,0,0.01000733199998649,0.30122,0.46598,0.2328
pthreads,100000,4,1,0.01013513999987481,0.30234,0.46649,0.23117
pthreads,100000,4,2,0.010755745000096795,0.302,0.46536,0.23264
pthreads,100000,4,3,0.010573798999757855,0.30188,0.4657,0.23242
pthreads,100000,4,4,0.010072979000142368,0.30307,0.46457,0.23236
pthreads,100000,4,5,0.009981106999475742,0.30001,0.46892,0.23107
pthreads,200000,1,0,0.014939949000108754,0.301555,0.46547,0.232975
pthreads,200000,1,1,0.014723776999744587,0.302645,0.46438,0.232975
pthreads,200000,1,2,0.015017998999610427,0.302755,0.46481,0.232435
pthreads,200000,1,3,0.014519487999677949,0.301055,0.46473,0.234215
pthreads,200000,1,4,0.014469533000010415,0.30147,0.465715,0.232815
pthreads,200000,1,5,0.015247332000399183,0.300405,0.46723,0.232365
pthreads,200000,2,0,0.015524610000284156,0.30162,0.46515,0.23323
pthreads,200000,2,1,0.015839676000723557,0.302875,0.464875,0.23225
pthreads,200000,2,2,0.015516032000050473,0.303915,0.464365,0.23172
pthreads,200000,2,3,0.016341356999873824,0.30108,0.46444,0.23448
pthreads,200000,2,4,0.015517984999860346,0.303155,0.465015,0.23183
pthreads,200000,2,5,0.015712241999608523,0.3003,0.46781,0.23189
pthreads,200000,3,0,0.017701785000099335,0.301585,0.465435,0.23298
pthreads,200000,3,1,0.017312703000243346,0.30236,0.465225,0.232415
pthreads,200000,3,2,0.018700921999879938,0.30307,0.46438,0.23255
pthreads,200000,3,3,0.017422179000277538,0.300025,0.465435,0.23454
pthreads,200000,3,4,0.017461899999943853,0.302885,0.46476,0.232355
pthreads,200000,3,5,0.017825415000515932,0.3009,0.466835,0.232265
pthreads,200000,4,0,0.01954073300021264,0.30052,0.466995,0.232485
pthreads,200000,4,1,0.021557297999606817,0.30177,0.4655,0.23273
pthreads,200000,4,2,0.019514120999701845,0.3029,0.464275,0.232825
pthreads,200000,4,3,0.01976433799973165,0.301655,0.46472,0.233625
pthreads,200000,4,4,0.02094543499970314,0.302755,0.464365,0.23288
pthreads,200000,4,5,0.019852263999382558,0.300915,0.46703,0.232055
pthreads,400000,1,0,0.02842280999993818,0.3021475,0.4652225,0.23263
pthreads,400000,1,1,0.028453778999391943,0.302245,0.4652525,0.2325025
pthreads,400000,1,2,0.028196674000355415,0.30214,0.4648625,0.2329975
pthreads,400000,1,3,0.028993732999879285,0.30183,0.46524,0.23293
pthreads,400000,1,4,0.028152842999588756,0.3009575,0.465745,0.2332975
pthreads,400000,1,5,0.028244877999895834,0.30021,0.466435,0.233355
pthreads,400000,2,0,0.02984312900025543,0.3016025,0.4644825,0.233915
pthreads,400000,2,1,0.02965443300035986,0.3021975,0.46477,0.2330325
pthreads,400000,2,2,0.03021920300034253,0.3031675,0.4650825,0.23175
pthreads,400000,2,3,0.03028775799975847,0.300055,0.466075,0.23387
pthreads,400000,2,4,0.029728573999818764,0.3027325,0.4647125,0.232555
pthreads,400000,2,5,0.029537753000113298,0.300855,0.4670125,0.2321325
pthreads,400000,3,0,0.03427187200031767,0.3027075,0.464805,0.2324875
pthreads,400000,3,1,0.03325415500057716,0.3025125,0.46459,0.2328975
pthreads,400000,3,2,0.033786042999963684,0.3025625,0.4659425,0.231495
pthreads,400000,3,3,0.03384091000043554,0.300585,0.4655925,0.2338225
pthreads,400000,3,4,0.03482797800006665,0.302415,0.4648025,0.2327825
pthreads,400000,3,5,0.034716062000370584,0.300675,0.466775,0.23255
pthreads,400000,4,0,0.039312124000389304,0.3022375,0.4657675,0.231995
pthreads,400000,4,1,0.039770616999703634,0.30268,0.464655,0.232665
pthreads,400000,4,2,0.03853313299987349,0.302835,0.4641075,0.2330575
pthreads,400000,4,3,0.03688010800033226,0.30173,0.46497,0.2333
pthreads,400000,4,4,0.03882186600003479,0.30244,0.4648775,0.2326825
pthreads,400000,4,5,0.03830167500018433,0.3011925,0.4664325,0.232375
pthreads,800000,1,0,0.05628127599993604,0.302055,0.465475,0.23247
pthreads,800000,1,1,0.056029080999906,0.302545,0.46566625,0.23178875
pthreads,800000,1,2,0.05572277200008102,0.30242,0.46414875,0.23343125
pthreads,800000,1,3,0.05549496399999043,0.30171625,0.46583,0.23245375
pthreads,800000,1,4,0.05590528899938363,0.3007925,0.4657075,0.2335
pthreads,800000,1,5,0.05580864800049312,0.30113125,0.4656725,0.23319625
pthreads,800000,2,0,0.05864038200070354,0.3017525,0.46473625,0.23351125
pthreads,800000,2,1,0.05773035699985485,0.3020425,0.46550875,0.23244875
pthreads,800000,2,2,0.05848086100013461,0.30287375,0.4650325,0.23209375
pthreads,800000,2,3,0.0581438019999041,0.30110625,0.46563125,0.2332625
pthreads,800000,2,4,0.05782061700028862,0.30203625,0.4650525,0.23291125
pthreads,800000,2,5,0.05757420900044963,0.30111375,0.46607375,0.2328125
pthreads,800000,3,0,0.06613019499945949,0.30212125,0.46486,0.23301875
pthreads,800000,3,1,0.06666493200009427,0.30196375,0.46562,0.23241625
pthreads,800000,3,2,0.06610152800021751,0.3028475,0.465475,0.2316775
pthreads,800000,3,3,0.0664127029995143,0.30079125,0.46615125,0.2330575
pthreads,800000,3,4,0.06640361600057076,0.30201,0.464815,0.233175
pthreads,800000,3,5,0.06706867999946553,0.30149,0.4659625,0.2325475
pthreads,800000,4,0,0.07621893400028057,0.302065,0.464925,0.23301
pthreads,800000,4,1,0.07956173900038266,0.30246125,0.46496625,0.2325725
pthreads,800000,4,2,0.07561189700027171,0.30230375,0.46512875,0.2325675
pthreads,800000,4,3,0.07397304799997073,0.3011375,0.46588,0.2329825
pthreads,800000,4,4,0.0771312079996278,0.30209,0.46475875,0.23315125
pthreads,800000,4,5,0.07306100799996784,0.3015825,0.46600375,0.23241375
pthreads,1600000,1,0,0.11058501699972112,0.30205188,0.46525688,0.23269125
pthreads,1600000,1,1,0.11015636699994502,0.30189625,0.46593375,0.23217
pthreads,1600000,1,2,0.10974514899953647,0.30236438,0.46446437,0.23317125
pthreads,1600000,1,3,0.10940400999970734,0.3022875,0.465425,0.2322875
pthreads,1600000,1,4,0.1102974630002791,0.30135375,0.46535312,0.23329312
pthreads,1600000,1,5,0.11000609500024439,0.30166,0.46555812,0.23278187
pthreads,1600000,2,0,0.11626843399972131,0.30167813,0.46523687,0.233085
pthreads,1600000,2,1,0.11499417100003484,0.302225,0.46568688,0.23208813
pthreads,1600000,2,2,0.1168773350000265,0.30278187,0.46460937,0.23260875
pthreads,1600000,2,3,0.11444779700013896,0.30129375,0.46546562,0.23324063
pthreads,1600000,2,4,0.11536959000022762,0.30182188,0.46495,0.23322813
pthreads,1600000,2,5,0.11533866099944134,0.30148687,0.4655775,0.23293563
pthreads,1600000,3,0,0.1308564999999362,0.30204063,0.46499187,0.2329675
pthreads,1600000,3,1,0.13288628100053756,0.30266,0.46543937,0.23190062
pthreads,1600000,3,2,0.13143755100009002,0.30268187,0.46483687,0.23248125
pthreads,1600000,3,3,0.13406222499997966,0.30145,0.46554438,0.23300562
pthreads,1600000,3,4,0.13022585899943806,0.30130187,0.46535312,0.233345
pthreads,1600000,3,5,0.13310749899937946,0.30147438,0.46567375,0.23285188
pthreads,1600000,4,0,0.14791873499962094,0.30212438,0.46486312,0.2330125
pthreads,1600000,4,1,0.14767135599959147,0.30257937,0.46536187,0.23205875
pthreads,1600000,4,2,0.14939715999935288,0.30265938,0.46471313,0.2326275
pthreads,1600000,4,3,0.14641825200033054,0.30167312,0.46577125,0.23255562
pthreads,1600000,4,4,0.1463243500002136,0.30190312,0.4648225,0.23327438
pthreads,1600000,4,5,0.14731572399978177,0.30173062,0.46563625,0.23263312
pthreads,3200000,1,0,0.22165169600066292,0.30188219,0.46519625,0.23292156
pthreads,3200000,1,1,0.2221985020005377,0.30166562,0.46626469,0.23206969
pthreads,3200000,1,2,0.21826760499970987,0.30199531,0.46506938,0.23293531
pthreads,3200000,1,3,0.2219619249999596,0.3015975,0.46569531,0.23270719
pthreads,3200000,1,4,0.21900343900051666,0.30161594,0.46577344,0.23261062
pthreads,3200000,1,5,0.2219148389995098,0.30189813,0.46541594,0.23268594
pthreads,3200000,2,0,0.23198308799965162,0.30186687,0.46536281,0.23277031
pthreads,3200000,2,1,0.22815174300012586,0.301885,0.4656825,0.2324325
pthreads,3200000,2,2,0.22957000700080243,0.30217656,0.464855,0.23296844
pthreads,3200000,2,3,0.2280003139994733,0.30184281,0.46548187,0.23267531
pthreads,3200000,2,4,0.2300084499993318,0.30189156,0.46516344,0.232945
pthreads,3200000,2,5,0.2291976029991929,0.30184531,0.4651725,0.23298219
pthreads,3200000,3,0,0.2589556339999035,0.30185375,0.46513344,0.23301281
pthreads,3200000,3,1,0.2573279879998154,0.30228719,0.46557688,0.23213594
pthreads,3200000,3,2,0.25946800600013376,0.30227094,0.46501625,0.23271281
pthreads,3200000,3,3,0.2576187220001884,0.30160281,0.465445,0.23295219
pthreads,3200000,3,4,0.2604170160002468,0.30166312,0.46535938,0.2329775
pthreads,3200000,3,5,0.25905162500021106,0.30160938,0.46558906,0.23280156
pthreads,3200000,4,0,0.2927386050005225,0.30193437,0.46497781,0.23308781
pthreads,3200000,4,1,0.28744767700027296,0.3025325,0.46551219,0.23195531
pthreads,3200000,4,2,0.28934649399980117,0.30245625,0.464705,0.23283875
pthreads,3200000,4,3,0.28861069599952316,0.30160687,0.46547969,0.23291344
pthreads,3200000,4,4,0.2899636930005727,0.30174781,0.46517625,0.23307594
pthreads,3200000,4,5,0.2869263270004012,0.30190594,0.46547469,0.23261937
pthreads,6400000,1,0,0.43108131699955266,0.30172766,0.46577844,0.23249391
pthreads,6400000,1,1,0.4316281680003158,0.30174797,0.46584969,0.23240234
pthreads,6400000,1,2,0.42896527599987166,0.30191937,0.46516547,0.23291516
pthreads,6400000,1,3,0.4301026470002398,0.30190203,0.46536344,0.23273453
pthreads,6400000,1,4,0.43248535099974106,0.30157937,0.46584844,0.23257219
pthreads,6400000,1,5,0.4282821849992615,0.30174156,0.46565812,0.23260031
pthreads,6400000,2,0,0.4523518960004367,0.30194906,0.46505812,0.23299281
pthreads,6400000,2,1,0.4607393960004629,0.30175297,0.46582766,0.23241938
pthreads,6400000,2,2,0.4556769840000925,0.30201187,0.46527391,0.23271422
pthreads,6400000,2,3,0.4458921250006824,0.30164031,0.46543969,0.23292
pthreads,6400000,2,4,0.4381582169999092,0.30185109,0.46551063,0.23263828
pthreads,6400000,2,5,0.43902624099973764,0.3019125,0.46528156,0.23280594
pthreads,6400000,3,0,0.4916216280007575,0.30193938,0.46535578,0.23270484
pthreads,6400000,3,1,0.4992565779994038,0.30189922,0.465615,0.23248578
pthreads,6400000,3,2,0.5060474959991552,0.3021175,0.46504703,0.23283547
pthreads,6400000,3,3,0.5032857109999895,0.30174937,0.46557047,0.23268016
pthreads,6400000,3,4,0.5019518529998095,0.3018725,0.46534828,0.23277922
pthreads,6400000,3,5,0.49525122700015345,0.30179375,0.46535859,0.23284766
pthreads,6400000,4,0,0.5831094589993882,0.30198234,0.46509875,0.23291891
pthreads,6400000,4,1,0.5784155060000558,0.30182656,0.46563891,0.23253453
pthreads,6400000,4,2,0.5847891049997997,0.30215703,0.46489766,0.23294531
pthreads,6400000,4,3,0.5839913200006777,0.30183078,0.46535609,0.23281313
pthreads,6400000,4,4,0.6000347710005371,0.30181469,0.46535813,0.23282719
pthreads,6400000,4,5,0.6032374549995438,0.30182656,0.46552016,0.23265328
pthreads,12800000,1,0,0.8694529630001853,0.301795,0.46563547,0.23256953
pthreads,12800000,1,1,0.8703274760000568,0.30172148,0.46575703,0.23252148
pthreads,12800000,1,2,0.8717062699997769,0.30182641,0.46551406,0.23265953
pthreads,12800000,1,3,0.8675705280002148,0.30182195,0.46551336,0.23266469
pthreads,12800000,1,4,0.8724382860000333,0.30162875,0.46573578,0.23263547
pthreads,12800000,1,5,0.869817260999298,0.30169859,0.4656532,0.2326482
pthreads,12800000,2,0,0.89372722600001,0.30178828,0.46550789,0.23270383
pthreads,12800000,2,1,0.9140523510004641,0.30178828,0.46579539,0.23241633
pthreads,12800000,2,2,0.9124495240002943,0.30186641,0.46543758,0.23269602
pthreads,12800000,2,3,0.9151984800000719,0.30185297,0.46532969,0.23281734
pthreads,12800000,2,4,0.9211535539998295,0.30177742,0.46556242,0.23266016
pthreads,12800000,2,5,0.9131002309995893,0.30184453,0.46543812,0.23271734
pthreads,12800000,3,0,1.029816576000485,0.30191203,0.46531273,0.23277523
pthreads,12800000,3,1,1.034781655000188,0.30186969,0.4657068,0.23242352
pthreads,12800000,3,2,1.0393003010003667,0.30188172,0.46550648,0.2326118
pthreads,12800000,3,3,1.0247621589996925,0.30178187,0.46546781,0.23275031
pthreads,12800000,3,4,1.0362151219997031,0.30180289,0.46553273,0.23266438
pthreads,12800000,3,5,1.0248092020001422,0.30175906,0.4654918,0.23274914
pthreads,12800000,4,0,1.1512525790003565,0.30191102,0.46513641,0.23295258
pthreads,12800000,4,1,1.1435618830000749,0.30178539,0.46574023,0.23247438
pthreads,12800000,4,2,1.2021880889997192,0.301935,0.46531766,0.23274734
pthreads,12800000,4,3,1.1514102199998888,0.30171008,0.4654957,0.23279422
pthreads,12800000,4,4,1.1030513989999235,0.3018968,0.46538594,0.23271727
pthreads,12800000,4,5,1.107264154999939,0.30185508,0.46549281,0.23265211
pthreads,25600000,1,0,1.659702907000792,0.30177195,0.46562004,0.23260801
pthreads,25600000,1,1,1.681533212999966,0.30175563,0.46563727,0.23260711
pthreads,25600000,1,2,1.7320737820000431,0.30181246,0.46546344,0.2327241
pthreads,25600000,1,3,1.7356291149999379,0.30179113,0.46553254,0.23267633
pthreads,25600000,1,4,1.7316267850001168,0.30172676,0.46564664,0.2326266
pthreads,25600000,1,5,1.7304188060006709,0.3017652,0.4655966,0.2326382
pthreads,25600000,2,0,1.8463123120000091,0.30180133,0.4655577,0.23264098
pthreads,25600000,2,1,1.8677680430000692,0.30173531,0.46571488,0.2325498
pthreads,25600000,2,2,1.8703141539999706,0.30178469,0.46560902,0.23260629
pthreads,25600000,2,3,1.862588193999727,0.30179957,0.46550961,0.23269082
pthreads,25600000,2,4,1.8355997660000867,0.30172523,0.46563437,0.23264039
pthreads,25600000,2,5,1.8139148849995763,0.3017573,0.46558719,0.23265551
pthreads,25600000,3,0,2.0753274900007455,0.3017698,0.46551023,0.23271996
pthreads,25600000,3,1,2.0699130170005446,0.30174754,0.46571223,0.23254023
pthreads,25600000,3,2,2.027821122000205,0.30182066,0.46551664,0.2326627
pthreads,25600000,3,3,2.01229472399973,0.30178859,0.46540512,0.23280629
pthreads,25600000,3,4,1.9857556859997203,0.30181957,0.46551555,0.23266488
pthreads,25600000,3,5,1.9903918580002937,0.30181102,0.46550969,0.2326793
pthreads,25600000,4,0,2.324102409999796,0.30183652,0.46542383,0.23273965
pthreads,25600000,4,1,2.3231916679997084,0.30178523,0.46568207,0.2325327
pthreads,25600000,4,2,2.3217524000001504,0.30182641,0.46542828,0.23274531
pthreads,25600000,4,3,2.3498309229998995,0.30176297,0.46551445,0.23272258
pthreads,25600000,4,4,2.338615992999621,0.30184465,0.46544738,0.23270797
pthreads,25600000,4,5,2.3398644090002563,0.30180258,0.46549141,0.23270602
mpi,100000,1,0,0.3236487539998052,0.3023,0.46462,0.23308
mpi,100000,1,1,0.3192313159997866,0.3038,0.46482,0.23138
mpi,100000,1,2,0.3195200600002863,0.30377,0.46422,0.23201
mpi,100000,1,3,0.32018307500038645,0.30223,0.4637,0.23407
mpi,100000,1,4,0.3197499620000599,0.30201,0.46557,0.23242
mpi,100000,1,5,0.3199054890001207,0.29851,0.46869,0.2328
mpi,100000,2,0,0.31946009600051184,0.29994,0.46401,0.23605
mpi,100000,2,1,0.3192817750004906,0.30271,0.46636,0.23093
mpi,100000,2,2,0.32425794000027963,0.30218,0.46465,0.23317
mpi,100000,2,3,0.3245878100005939,0.29996,0.46507,0.23497
mpi,100000,2,4,0.3230055200001516,0.30207,0.46542,0.23251
mpi,100000,2,5,0.3203770039999654,0.30075,0.46608,0.23317
mpi,100000,3,0,0.32357619000049453,0.30136,0.4648,0.23384
mpi,100000,3,1,0.3221815039996727,0.303,0.46566,0.23134
mpi,100000,3,2,0.3255864430002475,0.30087,0.46724,0.23189
mpi,100000,3,3,0.3188006760001372,0.30004,0.4661,0.23386
mpi,100000,3,4,0.32523304100050154,0.30272,0.4644,0.23288
mpi,100000,3,5,0.3236439279999104,0.30392,0.46443,0.23165
mpi,100000,4,0,0.324037053000211,0.30289,0.46354,0.23357
mpi,100000,4,1,0.3681837040003302,0.30258,0.4677,0.22972
mpi,100000,4,2,0.32847643399964,0.30113,0.46622,0.23265
mpi,100000,4,3,0.3284919869993246,0.30244,0.46549,0.23207
mpi,100000,4,4,0.32797012199989695,0.30249,0.46364,0.23387
mpi,100000,4,5,0.33240344500063657,0.30323,0.46403,0.23274
mpi,200000,1,0,0.3321552070001417,0.301555,0.46547,0.232975
mpi,200000,1,1,0.32668755800023064,0.302645,0.46438,0.232975
mpi,200000,1,2,0.3238679679998313,0.302755,0.46481,0.232435
mpi,200000,1,3,0.32412387000022136,0.301055,0.46473,0.234215
mpi,200000,1,4,0.3236714929998925,0.30147,0.465715,0.232815
mpi,200000,1,5,0.3240043629994034,0.300405,0.46723,0.232365
mpi,200000,2,0,0.32079951300056564,0.30171,0.464145,0.234145
mpi,200000,2,1,0.3231387440000617,0.303385,0.464765,0.23185
mpi,200000,2,2,0.32444109999960347,0.30341,0.464465,0.232125
mpi,200000,2,3,0.3201292209996609,0.30081,0.46566,0.23353
mpi,200000,2,4,0.319286400999772,0.301935,0.46438,0.233685
mpi,200000,2,5,0.32370084800004406,0.300545,0.466355,0.2331
mpi,200000,3,0,0.32395812300001126,0.30117,0.464275,0.234555
mpi,200000,3,1,0.319937332000336,0.301375,0.466075,0.23255
mpi,200000,3,2,0.323714246000236,0.302235,0.464545,0.23322
mpi,200000,3,3,0.324581978000424,0.300165,0.465975,0.23386
mpi,200000,3,4,0.3233667610002158,0.30198,0.46547,0.23255
mpi,200000,3,5,0.3238590409991957,0.301715,0.465595,0.23269
mpi,200000,4,0,0.3301130679992639,0.3001,0.46562,0.23428
mpi,200000,4,1,0.3269450810003036,0.301895,0.465925,0.23218
mpi,200000,4,2,0.32768744500026514,0.301905,0.4647,0.233395
mpi,200000,4,3,0.32814553499974863,0.301465,0.465385,0.23315
mpi,200000,4,4,0.3321140349999041,0.301595,0.46572,0.232685
mpi,200000,4,5,0.32791413700033445,0.302215,0.46607,0.231715
mpi,400000,1,0,0.3420255220007675,0.3021475,0.4652225,0.23263
mpi,400000,1,1,0.3378116800004136,0.302245,0.4652525,0.2325025
mpi,400000,1,2,0.34030268999958935,0.30214,0.4648625,0.2329975
mpi,400000,1,3,0.3397206390000065,0.30183,0.46524,0.23293
mpi,400000,1,4,0.34002986300038174,0.3009575,0.465745,0.2332975
mpi,400000,1,5,0.3396863520001716,0.30021,0.466435,0.233355
mpi,400000,2,0,0.3317974339997818,0.3014825,0.4644775,0.23404
mpi,400000,2,1,0.32848575999923924,0.3029625,0.464485,0.2325525
mpi,400000,2,2,0.33144121900022583,0.3023275,0.46509,0.2325825
mpi,400000,2,3,0.3320742500000051,0.300985,0.465955,0.23306
mpi,400000,2,4,0.3272034199999325,0.3012575,0.4649375,0.233805
mpi,400000,2,5,0.3286227790003977,0.3014025,0.465655,0.2329425
mpi,400000,3,0,0.3268650690006325,0.3017575,0.4647,0.2335425
mpi,400000,3,1,0.3284970750000866,0.3020875,0.4653075,0.232605
mpi,400000,3,2,0.330922205999741,0.3027275,0.46448,0.2327925
mpi,400000,3,3,0.32921058099964284,0.3007675,0.4660825,0.23315
mpi,400000,3,4,0.33180712000012136,0.302,0.46539,0.23261
mpi,400000,3,5,0.3281060629997228,0.30173,0.4657025,0.2325675
mpi,400000,4,0,0.3334549870005503,0.30152,0.464865,0.233615
mpi,400000,4,1,0.3365911490000144,0.3020775,0.4652575,0.232665
mpi,400000,4,2,0.3332762609998099,0.3026575,0.46423,0.2331125
mpi,400000,4,3,0.3366565589994934,0.301225,0.4660925,0.2326825
mpi,400000,4,4,0.332127149000371,0.302085,0.4649725,0.2329425
mpi,400000,4,5,0.3349388820006425,0.3018325,0.465525,0.2326425
mpi,800000,1,0,0.36507141899983253,0.302055,0.465475,0.23247
mpi,800000,1,1,0.36821171599967784,0.302545,0.46566625,0.23178875
mpi,800000,1,2,0.3640594519993101,0.30242,0.46414875,0.23343125
mpi,800000,1,3,0.36351286599983723,0.30171625,0.46583,0.23245375
mpi,800000,1,4,0.3679982140001812,0.3007925,0.4657075,0.2335
mpi,800000,1,5,0.36385626799983584,0.30113125,0.4656725,0.23319625
mpi,800000,2,0,0.3441708740001559,0.301325,0.465005,0.23367
mpi,800000,2,1,0.3438114860000496,0.30266375,0.46493625,0.2324
mpi,800000,2,2,0.34422630299923185,0.301635,0.46560125,0.23276375
mpi,800000,2,3,0.3513538979996156,0.30125125,0.46568,0.23306875
mpi,800000,2,4,0.34453023100013525,0.30083,0.4653275,0.2338425
mpi,800000,2,5,0.3433214239994413,0.30122875,0.4655,0.23327125
mpi,800000,3,0,0.3387889899995571,0.3015225,0.4655325,0.232945
mpi,800000,3,1,0.33976472900030785,0.302235,0.465295,0.23247
mpi,800000,3,2,0.3409670619994358,0.30214375,0.4649425,0.23291375
mpi,800000,3,3,0.3347819110003911,0.30111,0.466005,0.232885
mpi,800000,3,4,0.33969976600019436,0.302265,0.46491875,0.23281625
mpi,800000,3,5,0.3356024269996851,0.302015,0.4653025,0.2326825
mpi,800000,4,0,0.33572910400016553,0.30128875,0.46521625,0.233495
mpi,800000,4,1,0.33643040399965685,0.302545,0.46487875,0.23257625
mpi,800000,4,2,0.3356198769997718,0.3017025,0.465075,0.2332225
mpi,800000,4,3,0.3357708690000436,0.3010675,0.465975,0.2329575
mpi,800000,4,4,0.3396395449999545,0.301725,0.46527875,0.23299625
mpi,800000,4,5,0.33578271100032,0.30212125,0.46488375,0.232995
mpi,1600000,1,0,0.4078465040001902,0.30205188,0.46525688,0.23269125
mpi,1600000,1,1,0.41221419399971637,0.30189625,0.46593375,0.23217
mpi,1600000,1,2,0.4079454860002443,0.30236438,0.46446437,0.23317125
mpi,1600000,1,3,0.4076907790004043,0.3022875,0.465425,0.2322875
mpi,1600000,1,4,0.4080711729993709,0.30135375,0.46535312,0.23329312
mpi,1600000,1,5,0.41189459999986866,0.30166,0.46555812,0.23278187
mpi,1600000,2,0,0.36436380999930407,0.30173125,0.46534813,0.23292062
mpi,1600000,2,1,0.3675706589992842,0.30258875,0.46537125,0.23204
mpi,1600000,2,2,0.3645144280008026,0.30193063,0.4651375,0.23293188
mpi,1600000,2,3,0.36650720900070155,0.3015125,0.465845,0.2326425
mpi,1600000,2,4,0.36079090099974565,0.30108187,0.46547187,0.23344625
mpi,1600000,2,5,0.367877476999638,0.30158313,0.46549125,0.23292562
mpi,1600000,3,0,0.3543973409996397,0.30160313,0.46565125,0.23274563
mpi,1600000,3,1,0.3518125199998394,0.3026325,0.46545625,0.23191125
mpi,1600000,3,2,0.3550192729999253,0.30180875,0.46493563,0.23325562
mpi,1600000,3,3,0.3527272979999907,0.3012075,0.46612687,0.23266562
mpi,1600000,3,4,0.35355514399998356,0.301445,0.46567313,0.23288187
mpi,1600000,3,5,0.3541102620001766,0.30173125,0.46533625,0.2329325
mpi,1600000,4,0,0.35178431599979376,0.3012925,0.46566062,0.23304687
mpi,1600000,4,1,0.3509212300004947,0.30246,0.46516937,0.23237062
mpi,1600000,4,2,0.3530628640000941,0.3013375,0.46542875,0.23323375
mpi,1600000,4,3,0.3516413979996287,0.30153625,0.46580938,0.23265437
mpi,1600000,4,4,0.3524019849992328,0.30160938,0.46548125,0.23290938
mpi,1600000,4,5,0.3464499909996448,0.30184,0.4650075,0.2331525
mpi,3200000,1,0,0.5050001970002995,0.30188219,0.46519625,0.23292156
mpi,3200000,1,1,0.5067107869999745,0.30166562,0.46626469,0.23206969
mpi,3200000,1,2,0.5083811800004696,0.30199531,0.46506938,0.23293531
mpi,3200000,1,3,0.5077063910002835,0.3015975,0.46569531,0.23270719
mpi,3200000,1,4,0.5077597469999091,0.30161594,0.46577344,0.23261062
mpi,3200000,1,5,0.508108115000141,0.30189813,0.46541594,0.23268594
mpi,3200000,2,0,0.4158020189997842,0.3018875,0.46538281,0.23272969
mpi,3200000,2,1,0.41669757699946786,0.30183031,0.46597531,0.23219438
mpi,3200000,2,2,0.41144084700044914,0.30209656,0.46507,0.23283344
mpi,3200000,2,3,0.4155612109998401,0.30197406,0.46535031,0.23267562
mpi,3200000,2,4,0.41213144799985457,0.30152406,0.46548375,0.23299219
mpi,3200000,2,5,0.41151365699988673,0.30185125,0.46547594,0.23267281
mpi,3200000,3,0,0.3852379400004793,0.30174688,0.46580875,0.23244438
mpi,3200000,3,1,0.38948293199973705,0.30240312,0.46583594,0.23176094
mpi,3200000,3,2,0.3876781379995009,0.30195125,0.46514437,0.23290437
mpi,3200000,3,3,0.3877242809994641,0.30184719,0.46554594,0.23260687
mpi,3200000,3,4,0.38741858999947,0.30163812,0.4656225,0.23273937
mpi,3200000,3,5,0.3881952629999432,0.3018475,0.46526469,0.23288781
mpi,3200000,4,0,0.37599199599935673,0.3016175,0.46592031,0.23246219
mpi,3200000,4,1,0.37123475999942457,0.30246563,0.46553719,0.23199719
mpi,3200000,4,2,0.37556495099943277,0.30176531,0.46513656,0.23309812
mpi,3200000,4,3,0.37394312499964144,0.30189656,0.46567531,0.23242813
mpi,3200000,4,4,0.37936803399952623,0.30152937,0.46554031,0.23293031
mpi,3200000,4,5,0.3752746219997789,0.30193031,0.465135,0.23293469
mpi,6400000,1,0,0.6998335770003905,0.30172766,0.46577844,0.23249391
mpi,6400000,1,1,0.6961777699998493,0.30174797,0.46584969,0.23240234
mpi,6400000,1,2,0.6954929030007406,0.30191937,0.46516547,0.23291516
mpi,6400000,1,3,0.6918855260000782,0.30190203,0.46536344,0.23273453
mpi,6400000,1,4,0.6961059370005387,0.30157937,0.46584844,0.23257219
mpi,6400000,1,5,0.6998764520003533,0.30174156,0.46565812,0.23260031
mpi,6400000,2,0,0.5119290390002789,0.30196047,0.46507359,0.23296594
mpi,6400000,2,1,0.512339595999947,0.30168563,0.46598187,0.2323325
mpi,6400000,2,2,0.5116938060000393,0.30187234,0.46531422,0.23281344
mpi,6400000,2,3,0.5080211240001518,0.30162062,0.46562297,0.23275641
mpi,6400000,2,4,0.5117338969994307,0.30183266,0.46535422,0.23281313
mpi,6400000,2,5,0.5126863469995442,0.30191625,0.46536109,0.23272266
mpi,6400000,3,0,0.45256192200031364,0.30187531,0.46558906,0.23253562
mpi,6400000,3,1,0.45059232599942334,0.30173109,0.46604219,0.23222672
mpi,6400000,3,2,0.44789158100047644,0.30188531,0.46526734,0.23284734
mpi,6400000,3,3,0.4487455239996052,0.30176406,0.46555797,0.23267797
mpi,6400000,3,4,0.45091788599984284,0.30173672,0.46579375,0.23246953
mpi,6400000,3,5,0.4523701339994659,0.30171016,0.46545469,0.23283516
mpi,6400000,4,0,0.42001803899984225,0.30164375,0.46599969,0.23235656
mpi,6400000,4,1,0.4922387489996254,0.30185234,0.46591063,0.23223703
mpi,6400000,4,2,0.4237487760001386,0.30189938,0.46525187,0.23284875
mpi,6400000,4,3,0.4239852210002937,0.30183328,0.46561453,0.23255219
mpi,6400000,4,4,0.42369169300036447,0.30167516,0.46556969,0.23275516
mpi,6400000,4,5,0.4234095889996752,0.30187516,0.46539938,0.23272547
mpi,12800000,1,0,1.0827160119997643,0.301795,0.46563547,0.23256953
mpi,12800000,1,1,1.073174451000341,0.30172148,0.46575703,0.23252148
mpi,12800000,1,2,1.072056072000123,0.30182641,0.46551406,0.23265953
mpi,12800000,1,3,1.0717369150006562,0.30182195,0.46551336,0.23266469
mpi,12800000,1,4,1.079944271000386,0.30162875,0.46573578,0.23263547
mpi,12800000,1,5,1.0759197030001815,0.30169859,0.4656532,0.2326482
mpi,12800000,2,0,0.7070206939997661,0.30178328,0.46551375,0.23270297
mpi,12800000,2,1,0.7082793629997468,0.30178063,0.46560375,0.23261562
mpi,12800000,2,2,0.7077557960001286,0.30180242,0.46542461,0.23277297
mpi,12800000,2,3,0.7047692179994556,0.30178109,0.46548031,0.23273859
mpi,12800000,2,4,0.7114833690002342,0.30171047,0.46554656,0.23274297
mpi,12800000,2,5,0.7081566830001975,0.3017768,0.46565984,0.23256336
mpi,12800000,3,0,0.5802847320001092,0.30182211,0.46552594,0.23265195
mpi,12800000,3,1,0.5834530209995137,0.30176477,0.46580266,0.23243258
mpi,12800000,3,2,0.5787288869996701,0.30177289,0.46554398,0.23268312
mpi,12800000,3,3,0.5762649109992708,0.3017082,0.46557711,0.23271469
mpi,12800000,3,4,0.5848011369998858,0.30170914,0.46575266,0.2325382
mpi,12800000,3,5,0.5833970480007338,0.3018032,0.46534273,0.23285406
mpi,12800000,4,0,0.5200539870002103,0.301795,0.46549141,0.23271359
mpi,12800000,4,1,0.5212767509992773,0.301735,0.46590945,0.23235555
mpi,12800000,4,2,0.5224324519995207,0.301805,0.46553008,0.23266492
mpi,12800000,4,3,0.5239092660003735,0.30166797,0.46563539,0.23269664
mpi,12800000,4,4,0.5302132159995381,0.30175742,0.46564227,0.23260031
mpi,12800000,4,5,0.5222418419998576,0.3018693,0.46541406,0.23271664
mpi,25600000,1,0,1.8356500640002196,0.30177195,0.46562004,0.23260801
mpi,25600000,1,1,1.8349799699999494,0.30175563,0.46563727,0.23260711
mpi,25600000,1,2,1.8360671899999943,0.30181246,0.46546344,0.2327241
mpi,25600000,1,3,1.8373879439996017,0.30179113,0.46553254,0.23267633
mpi,25600000,1,4,1.8435113220002677,0.30172676,0.46564664,0.2326266
mpi,25600000,1,5,1.835839409000073,0.3017652,0.4655966,0.2326382
mpi,25600000,2,0,1.0921799999996438,0.30180469,0.46556406,0.23263125
mpi,25600000,2,1,1.1079872219997924,0.30176309,0.46566188,0.23257504
mpi,25600000,2,2,1.1074013910001668,0.3018043,0.46550004,0.23269566
mpi,25600000,2,3,1.1121109299992895,0.30178273,0.46549598,0.23272129
mpi,25600000,2,4,1.1038326799998686,0.30172027,0.4656157,0.23266402
mpi,25600000,2,5,1.1000375880003048,0.30172852,0.46564285,0.23262863
mpi,25600000,3,0,0.8404594779995023,0.30180645,0.46556227,0.23263129
mpi,25600000,3,1,0.8684044980000181,0.30174773,0.46565641,0.23259586
mpi,25600000,3,2,0.8821837300001789,0.30179926,0.46549219,0.23270855
mpi,25600000,3,3,0.8454766739996558,0.30173062,0.46552637,0.23274301
mpi,25600000,3,4,0.8392215339999893,0.30175336,0.46558832,0.23265832
mpi,25600000,3,5,0.8478281719999359,0.30176035,0.46562945,0.2326102
mpi,25600000,4,0,0.8583802989996911,0.3017318,0.46562348,0.23264473
mpi,25600000,4,1,0.712607038999522,0.30177246,0.4656759,0.23255164
mpi,25600000,4,2,0.7195527240000956,0.30172898,0.46559609,0.23267492
mpi,25600000,4,3,0.7173699640006816,0.30175141,0.46550191,0.23274668
mpi,25600000,4,4,0.8462562180002351,0.30170281,0.46564457,0.23265262
mpi,25600000,4,5,0.7159659100007048,0.30178684,0.46561762,0.23259555
serial,100000,1,0,0.009328224999990198,0.302,0.46548,0.23252
serial,100000,1,1,0.009165661999759322,0.30147,0.46564,0.23289
serial,100000,1,2,0.009024858999509888,0.30144,0.4647,0.23386
serial,100000,1,3,0.009050004000528133,0.30498,0.46385,0.23117
serial,100000,1,4,0.00904247999915242,0.30111,0.46736,0.23153
serial,100000,1,5,0.009161293999568443,0.30056,0.46726,0.23218
serial,200000,1,0,0.017570882999280002,0.301695,0.465665,0.23264
serial,200000,1,1,0.017464247000134492,0.301375,0.46541,0.233215
serial,200000,1,2,0.01765454700034752,0.30189,0.465085,0.233025
serial,200000,1,3,0.016679853999448824,0.30375,0.463625,0.232625
serial,200000,1,4,0.016189607999876898,0.300615,0.466715,0.23267
serial,200000,1,5,0.015642742000636645,0.301245,0.466695,0.23206
serial,400000,1,0,0.031099590999474458,0.30086,0.465915,0.233225
serial,400000,1,1,0.031073993999598315,0.301395,0.465195,0.23341
serial,400000,1,2,0.030981775000327616,0.301485,0.4657475,0.2327675
serial,400000,1,3,0.031050446999870474,0.30309,0.464405,0.232505
serial,400000,1,4,0.03110129699962272,0.3021225,0.465675,0.2322025
serial,400000,1,5,0.0308846240004641,0.3012225,0.46647,0.2323075
serial,800000,1,0,0.06126997799947276,0.30107,0.46631375,0.23261625
serial,800000,1,1,0.060523946000103024,0.3013975,0.4653925,0.23321
serial,800000,1,2,0.06126638899968384,0.3012175,0.46583625,0.23294625
serial,800000,1,3,0.060700703999827965,0.30225625,0.46527,0.23247375
serial,800000,1,4,0.06010527499984164,0.3024375,0.464685,0.2328775
serial,800000,1,5,0.0601247839995267,0.30105375,0.46675375,0.2321925
serial,1600000,1,0,0.11932073200023297,0.30163875,0.46586187,0.23249938
serial,1600000,1,1,0.1207654759991783,0.30176313,0.46549,0.23274687
serial,1600000,1,2,0.11923484599992662,0.30126125,0.46590312,0.23283562
serial,1600000,1,3,0.12152639699979773,0.30237313,0.46523437,0.2323925
serial,1600000,1,4,0.12066142999992735,0.3019275,0.4652475,0.232825
serial,1600000,1,5,0.12103266600024654,0.30151187,0.46643125,0.23205687
serial,3200000,1,0,0.23863065100067615,0.30182625,0.46569906,0.23247469
serial,3200000,1,1,0.2403677800002697,0.30158687,0.4656075,0.23280562
serial,3200000,1,2,0.24066731800030539,0.30151844,0.46562219,0.23285938
serial,3200000,1,3,0.238634250999894,0.30206656,0.46527031,0.23266312
serial,3200000,1,4,0.23859605600046052,0.30180187,0.46548281,0.23271531
serial,3200000,1,5,0.23858498800018424,0.30167688,0.46609625,0.23222687
serial,6400000,1,0,0.4801057770000625,0.30204938,0.46543297,0.23251766
serial,6400000,1,1,0.4748213739994753,0.301685,0.46542125,0.23289375
serial,6400000,1,2,0.4821519609995448,0.30176859,0.46539141,0.23284
serial,6400000,1,3,0.47483254199960356,0.30211047,0.46508813,0.23280141
serial,6400000,1,4,0.4808670929996879,0.30174828,0.46542672,0.232825
serial,6400000,1,5,0.47482034399945405,0.30161547,0.46599016,0.23239437
serial,12800000,1,0,0.9489201140004297,0.30192562,0.46554656,0.23252781
serial,12800000,1,1,0.952270858000702,0.30183656,0.46550508,0.23265836
serial,12800000,1,2,0.9597062050006571,0.3017432,0.46553648,0.23272031
serial,12800000,1,3,0.9516375129996959,0.30189086,0.46534031,0.23276883
serial,12800000,1,4,0.9487201700003425,0.30187336,0.46526352,0.23286313
serial,12800000,1,5,0.9481650019997687,0.30173078,0.46581195,0.23245727
serial,25600000,1,0,1.9031637449998016,0.3018273,0.46553957,0.23263312
serial,25600000,1,1,1.8952813180003432,0.30196785,0.46531168,0.23272047
serial,25600000,1,2,1.9039769800001523,0.3016991,0.46567355,0.23262734
serial,25600000,1,3,1.8888326870001038,0.30184461,0.46540078,0.23275461
serial,25600000,1,4,1.9093274699998801,0.30188414,0.46532195,0.23279391
serial,25600000,1,5,1.8996894169995358,0.30175793,0.46567602,0.23256605
serial,51200000,1,0,3.7864512899996043,0.30169953,0.46562686,0.23267361
serial,51200000,1,1,3.803094541000064,0.3017907,0.4655525,0.2326568
serial,51200000,1,2,3.7628025819994946,0.30172119,0.4656057,0.23267311
serial,100000,1,0,0.009205631000440917,0.302,0.46548,0.23252
serial,100000,1,1,0.009579417999702855,0.30147,0.46564,0.23289
serial,100000,1,2,0.00910547100011172,0.30144,0.4647,0.23386
serial,100000,1,3,0.009132600000157254,0.30498,0.46385,0.23117
serial,100000,1,4,0.009070795000297949,0.30111,0.46736,0.23153
serial,100000,1,5,0.009174994000204606,0.30056,0.46726,0.23218
serial,200000,1,0,0.017586170999493334,0.301695,0.465665,0.23264
serial,200000,1,1,0.017363160000058997,0.301375,0.46541,0.233215
serial,200000,1,2,0.017569849999745202,0.30189,0.465085,0.233025
serial,200000,1,3,0.016894438000235823,0.30375,0.463625,0.232625
serial,200000,1,4,0.016705439999896043,0.300615,0.466715,0.23267
serial,200000,1,5,0.015859877999901073,0.301245,0.466695,0.23206
serial,400000,1,0,0.03170362299988483,0.30086,0.465915,0.233225
serial,400000,1,1,0.03163728700019419,0.301395,0.465195,0.23341
serial,400000,1,2,0.030604320999373158,0.301485,0.4657475,0.2327675
serial,400000,1,3,0.030893946000105643,0.30309,0.464405,0.232505
serial,400000,1,4,0.0310964119998971,0.3021225,0.465675,0.2322025
serial,400000,1,5,0.030535064000105194,0.3012225,0.46647,0.2323075
serial,800000,1,0,0.06106656999963889,0.30107,0.46631375,0.23261625
serial,800000,1,1,0.06062258200017823,0.3013975,0.4653925,0.23321
serial,800000,1,2,0.060780970999985584,0.3012175,0.46583625,0.23294625
serial,800000,1,3,0.06171116699988488,0.30225625,0.46527,0.23247375
serial,800000,1,4,0.060336516000461415,0.3024375,0.464685,0.2328775
serial,800000,1,5,0.061348185000497324,0.30105375,0.46675375,0.2321925
serial,1600000,1,0,0.12050433600052202,0.30163875,0.46586187,0.23249938
serial,1600000,1,1,0.11934675799966499,0.30176313,0.46549,0.23274687
serial,1600000,1,2,0.11927535599988914,0.30126125,0.46590312,0.23283562
serial,1600000,1,3,0.12084682299973792,0.30237313,0.46523437,0.2323925
serial,1600000,1,4,0.1203995229998327,0.3019275,0.4652475,0.232825
serial,1600000,1,5,0.12018006000016612,0.30151187,0.46643125,0.23205687
serial,3200000,1,0,0.240263932999369,0.30182625,0.46569906,0.23247469
serial,3200000,1,1,0.23891387000003306,0.30158687,0.4656075,0.23280562
serial,3200000,1,2,0.2387715639997623,0.30151844,0.46562219,0.23285938
serial,3200000,1,3,0.23863405199972476,0.30206656,0.46527031,0.23266312
serial,3200000,1,4,0.24383371899966733,0.30180187,0.46548281,0.23271531
serial,3200000,1,5,0.2385406769999463,0.30167688,0.46609625,0.23222687
serial,6400000,1,0,0.47346339500018075,0.30204938,0.46543297,0.23251766
serial,6400000,1,1,0.47675966499991773,0.301685,0.46542125,0.23289375
serial,6400000,1,2,0.47399740499986365,0.30176859,0.46539141,0.23284
serial,6400000,1,3,0.4801598739995825,0.30211047,0.46508813,0.23280141
serial,6400000,1,4,0.4775497919999907,0.30174828,0.46542672,0.232825
serial,6400000,1,5,0.4890992809996533,0.30161547,0.46599016,0.23239437
serial,12800000,1,0,0.955344774999503,0.30192562,0.46554656,0.23252781
serial,12800000,1,1,0.9554055629996583,0.30183656,0.46550508,0.23265836
serial,12800000,1,2,0.9816243899995243,0.3017432,0.46553648,0.23272031
serial,12800000,1,3,0.9615357040001982,0.30189086,0.46534031,0.23276883
serial,12800000,1,4,0.9596130420004556,0.30187336,0.46526352,0.23286313
serial,12800000,1,5,0.9521394519997557,0.30173078,0.46581195,0.23245727
serial,25600000,1,0,1.944731454000248,0.3018273,0.46553957,0.23263312
serial,25600000,1,1,1.9046729740002775,0.30196785,0.46531168,0.23272047
serial,25600000,1,2,1.8998719600003824,0.3016991,0.46567355,0.23262734
serial,25600000,1,3,1.9012960580002982,0.30184461,0.46540078,0.23275461
serial,25600000,1,4,1.8960477570008152,0.30188414,0.46532195,0.23279391
serial,25600000,1,5,1.9036053010004252,0.30175793,0.46567602,0.23256605
serial,51200000,1,0,3.798308628000086,0.30169953,0.46562686,0.23267361
serial,51200000,1,1,3.8086627490001774,0.3017907,0.4655525,0.2326568
serial,51200000,1,2,3.7829444569997577,0.30172119,0.4656057,0.23267311
serial,51200000,1,3,3.7914358600000924,0.30179887,0.4654941,0.23270703
serial,51200000,1,4,3.781557284999508,0.30183871,0.46537205,0.23278924
serial,51200000,1,5,3.8021440749998874,0.30175814,0.4656449,0.23259695
pthreads,100000,1,0,0.007718832000136899,0.3023,0.46462,0.23308
pthreads,100000,1,1,0.008261683000455378,0.3038,0.46482,0.23138
pthreads,100000,1,2,0.007737851999991108,0.30377,0.46422,0.23201
pthreads,100000,1,3,0.008019421000426519,0.30223,0.4637,0.23407
pthreads,100000,1,4,0.007716568999967421,0.30201,0.46557,0.23242
pthreads,100000,1,5,0.007961825000165845,0.29851,0.46869,0.2328
pthreads,100000,2,0,0.008288201999675948,0.29945,0.46639,0.23416
pthreads,100000,2,1,0.008404791000430123,0.30209,0.46575,0.23216
pthreads,100000,2,2,0.008412573999521555,0.30301,0.46541,0.23158
pthreads,100000,2,3,0.00834067999949184,0.30009,0.4649,0.23501
pthreads,100000,2,4,0.008000695999726304,0.30372,0.46451,0.23177
pthreads,100000,2,5,0.008783496000432933,0.30082,0.468,0.23118
pthreads,100000,3,0,0.009780489000149828,0.30094,0.46602,0.23304
pthreads,100000,3,1,0.009022683000694087,0.30133,0.46526,0.23341
pthreads,100000,3,2,0.00990021799952956,0.30245,0.46553,0.23202
pthreads,100000,3,3,0.010615477000101237,0.30052,0.46611,0.23337
pthreads,100000,3,4,0.009277479000047606,0.30242,0.46528,0.2323
pthreads,100000,3,5,0.008871517999978096,0.30137,0.46779,0.23084
pthreads,100000,4,0,0.009919105000335549,0.30122,0.46598,0.2328
pthreads,100000,4,1,0.010179208000408835,0.30234,0.46649,0.23117
pthreads,100000,4,2,0.010961209000015515,0.302,0.46536,0.23264
pthreads,100000,4,3,0.01001539499975479,0.30188,0.4657,0.23242
pthreads,100000,4,4,0.010036350000518723,0.30307,0.46457,0.23236
pthreads,100000,4,5,0.01033283400010987,0.30001,0.46892,0.23107
pthreads,100000,5,0,0.011068152000007103,0.30325,0.46473,0.23202
pthreads,100000,5,1,0.011095096000644844,0.30302,0.4654,0.23158
pthreads,100000,5,2,0.012242365000020072,0.30061,0.46635,0.23304
pthreads,100000,5,3,0.012333894000221335,0.30158,0.46618,0.23224
pthreads,100000,5,4,0.011416489000112051,0.30353,0.46395,0.23252
pthreads,100000,5,5,0.010739342000306351,0.30055,0.46867,0.23078
pthreads,100000,6,0,0.011992423000265262,0.30142,0.46506,0.23352
pthreads,100000,6,1,0.011985083000581653,0.30303,0.4653,0.23167
pthreads,100000,6,2,0.011653426000520994,0.3009,0.46679,0.23231
pthreads,100000,6,3,0.011872361000314413,0.30139,0.46629,0.23232
pthreads,100000,6,4,0.013358346999666537,0.30476,0.46327,0.23197
pthreads,100000,6,5,0.012661097999625781,0.30148,0.46928,0.22924
pthreads,100000,7,0,0.014630436000516056,0.30077,0.46511,0.23412
pthreads,100000,7,1,0.016356952999558416,0.30268,0.46527,0.23205
pthreads,100000,7,2,0.015836927999771433,0.30008,0.4663,0.23362
pthreads,100000,7,3,0.01521012899956986,0.30226,0.46561,0.23213
pthreads,100000,7,4,0.015480213000046206,0.30457,0.46485,0.23058
pthreads,100000,7,5,0.015568921000522096,0.30218,0.46896,0.22886
pthreads,100000,8,0,0.018466720000105852,0.30229,0.46325,0.23446
pthreads,100000,8,1,0.01934214500033704,0.30315,0.46598,0.23087
pthreads,100000,8,2,0.01925570700041135,0.30002,0.46582,0.23416
pthreads,100000,8,3,0.01887213600002724,0.30223,0.46673,0.23104
pthreads,100000,8,4,0.018631797000125516,0.30577,0.46458,0.22965
pthreads,100000,8,5,0.01874137699996936,0.30252,0.4677,0.22978
pthreads,100000,9,0,0.019251036000241584,0.30193,0.46396,0.23411
pthreads,100000,9,1,0.020366660000036063,0.30325,0.46565,0.2311
pthreads,100000,9,2,0.019673632999911206,0.30067,0.46538,0.23395
pthreads,100000,9,3,0.019426056999691355,0.30213,0.46688,0.23099
pthreads,100000,9,4,0.01996229399992444,0.30511,0.46448,0.23041
pthreads,100000,9,5,0.020413643999745545,0.30209,0.46684,0.23107
pthreads,100000,10,0,0.020936387999427097,0.30225,0.46433,0.23342
pthreads,100000,10,1,0.02053232999969623,0.30305,0.46504,0.23191
pthreads,100000,10,2,0.020837320999817166,0.30068,0.46607,0.23325
pthreads,100000,10,3,0.0207984700000452,0.3022,0.46662,0.23118
pthreads,100000,10,4,0.020591665000210924,0.30494,0.46462,0.23044
pthreads,100000,10,5,0.019718747999831976,0.302,0.46648,0.23152
pthreads,100000,11,0,0.021285433000230114,0.30254,0.46437,0.23309
pthreads,100000,11,1,0.021472766999977466,0.303,0.46467,0.23233
pthreads,100000,11,2,0.020860239999819896,0.30045,0.4659,0.23365
pthreads,100000,11,3,0.020958111999789253,0.3028,0.46591,0.23129
pthreads,100000,11,4,0.020929328999955032,0.30431,0.4646,0.23109
pthreads,100000,11,5,0.021110789999511326,0.30123,0.46715,0.23162
pthreads,100000,12,0,0.02113234900025418,0.30302,0.46422,0.23276
pthreads,100000,12,1,0.021649766000336967,0.30303,0.46438,0.23259
pthreads,100000,12,2,0.021240536999357573,0.301,0.46556,0.23344
pthreads,100000,12,3,0.02111577799951192,0.3023,0.46608,0.23162
pthreads,100000,12,4,0.02039338900067378,0.3026,0.46567,0.23173
pthreads,100000,12,5,0.02083135199973185,0.30035,0.46793,0.23172
pthreads,200000,1,0,0.014411040999220859,0.301555,0.46547,0.232975
pthreads,200000,1,1,0.014854249999189051,0.302645,0.46438,0.232975
pthreads,200000,1,2,0.014826361999439541,0.302755,0.46481,0.232435
pthreads,200000,1,3,0.01502059399990685,0.301055,0.46473,0.234215
pthreads,200000,1,4,0.014312672999949427,0.30147,0.465715,0.232815
pthreads,200000,1,5,0.014606796000407485,0.300405,0.46723,0.232365
pthreads,200000,2,0,0.015079347999744641,0.30162,0.46515,0.23323
pthreads,200000,2,1,0.015912853999907384,0.302875,0.464875,0.23225
pthreads,200000,2,2,0.015890364999904705,0.303915,0.464365,0.23172
pthreads,200000,2,3,0.01562869600002159,0.30108,0.46444,0.23448
pthreads,200000,2,4,0.016897524000341946,0.303155,0.465015,0.23183
pthreads,200000,2,5,0.015366349000032642,0.3003,0.46781,0.23189
pthreads,200000,3,0,0.017264209000131814,0.301585,0.465435,0.23298
pthreads,200000,3,1,0.01791374800086487,0.30236,0.465225,0.232415
pthreads,200000,3,2,0.017103579999456997,0.30307,0.46438,0.23255
pthreads,200000,3,3,0.017638190999605285,0.300025,0.465435,0.23454
pthreads,200000,3,4,0.017925776000083715,0.302885,0.46476,0.232355
pthreads,200000,3,5,0.018896233000305074,0.3009,0.466835,0.232265
pthreads,200000,4,0,0.019011161999515025,0.30052,0.466995,0.232485
pthreads,200000,4,1,0.02057739300016692,0.30177,0.4655,0.23273
pthreads,200000,4,2,0.020442961000298965,0.3029,0.464275,0.232825
pthreads,200000,4,3,0.01885391699943284,0.301655,0.46472,0.233625
pthreads,200000,4,4,0.01868214000023727,0.302755,0.464365,0.23288
pthreads,200000,4,5,0.01902793999943242,0.300915,0.46703,0.232055
pthreads,200000,5,0,0.023906262000309653,0.301475,0.465595,0.23293
pthreads,200000,5,1,0.021587102999546914,0.30213,0.465125,0.232745
pthreads,200000,5,2,0.021634646000165958,0.301775,0.464735,0.23349
pthreads,200000,5,3,0.020253097999557212,0.302095,0.46562,0.232285
pthreads,200000,5,4,0.02042029999938677,0.303205,0.463715,0.23308
pthreads,200000,5,5,0.023133398999561905,0.30091,0.46744,0.23165
pthreads,200000,6,0,0.023154491999775928,0.301605,0.465465,0.23293
pthreads,200000,6,1,0.02377658099976543,0.30172,0.46531,0.23297
pthreads,200000,6,2,0.022760718999961682,0.30165,0.465465,0.232885
pthreads,200000,6,3,0.02210255799946026,0.301585,0.465665,0.23275
pthreads,200000,6,4,0.022770218000005116,0.303515,0.46396,0.232525
pthreads,200000,6,5,0.02370727200013789,0.301715,0.467425,0.23086
pthreads,200000,7,0,0.029807705999701284,0.30175,0.46518,0.23307
pthreads,200000,7,1,0.02971970999988116,0.301545,0.465925,0.23253
pthreads,200000,7,2,0.029823081000358798,0.30069,0.465975,0.233335
pthreads,200000,7,3,0.027741701000195462,0.301735,0.465955,0.23231
pthreads,200000,7,4,0.02759029200024088,0.304035,0.464385,0.23158
pthreads,200000,7,5,0.03131248799945752,0.302055,0.46649,0.231455
pthreads,200000,8,0,0.03556705699975282,0.302105,0.46432,0.233575
pthreads,200000,8,1,0.03661113100042712,0.301605,0.467,0.231395
pthreads,200000,8,2,0.036308103000010306,0.300815,0.465995,0.23319
pthreads,200000,8,3,0.037800083999172784,0.30187,0.466785,0.231345
pthreads,200000,8,4,0.03562857300039468,0.304275,0.46403,0.231695
pthreads,200000,8,5,0.03753483699983917,0.301835,0.4671,0.231065
pthreads,200000,9,0,0.03888287900008436,0.301825,0.464155,0.23402
pthreads,200000,9,1,0.03830599000048096,0.301715,0.466535,0.23175
pthreads,200000,9,2,0.03973641399988992,0.301205,0.46574,0.233055
pthreads,200000,9,3,0.03644436600006884,0.30168,0.467035,0.231285
pthreads,200000,9,4,0.03932368099958694,0.304685,0.46326,0.232055
pthreads,200000,9,5,0.03822590199979459,0.301305,0.46697,0.231725
pthreads,200000,10,0,0.03813644399997429,0.302495,0.463905,0.2336
pthreads,200000,10,1,0.041828853999504645,0.30228,0.466115,0.231605
pthreads,200000,10,2,0.03908298099941021,0.300765,0.4662,0.233035
pthreads,200000,10,3,0.04044627999974182,0.301305,0.466825,0.23187
pthreads,200000,10,4,0.04042398699948535,0.304675,0.463235,0.23209
pthreads,200000,10,5,0.04057111600013741,0.301015,0.467275,0.23171
pthreads,200000,11,0,0.04027437399963674,0.302605,0.46398,0.233415
pthreads,200000,11,1,0.040613784000015585,0.302385,0.46573,0.231885
pthreads,200000,11,2,0.04022428999996919,0.30094,0.46559,0.23347
pthreads,200000,11,3,0.040823308000653924,0.30161,0.46651,0.23188
pthreads,200000,11,4,0.03810178399999131,0.304625,0.463065,0.23231
pthreads,200000,11,5,0.03927391300021554,0.301295,0.46752,0.231185
pthreads,200000,12,0,0.04175081799985492,0.303025,0.463865,0.23311
pthreads,200000,12,1,0.03835471799993684,0.302655,0.465805,0.23154
pthreads,200000,12,2,0.04104808400006732,0.300985,0.465875,0.23314
pthreads,200000,12,3,0.04055456199967011,0.301145,0.46709,0.231765
pthreads,200000,12,4,0.040632805000313965,0.3044,0.463365,0.232235
pthreads,200000,12,5,0.041995911999947566,0.30107,0.46742,0.23151
pthreads,400000,1,0,0.02864258899990091,0.3021475,0.4652225,0.23263
pthreads,400000,1,1,0.028493671999967773,0.302245,0.4652525,0.2325025
pthreads,400000,1,2,0.02816200300003402,0.30214,0.4648625,0.2329975
pthreads,400000,1,3,0.0280177079994246,0.30183,0.46524,0.23293
pthreads,400000,1,4,0.028366359000756347,0.3009575,0.465745,0.2332975
pthreads,400000,1,5,0.028069660999790358,0.30021,0.466435,0.233355
pthreads,400000,2,0,0.030934632999560563,0.3016025,0.4644825,0.233915
pthreads,400000,2,1,0.029725311999754922,0.3021975,0.46477,0.2330325
pthreads,400000,2,2,0.030031788000087545,0.3031675,0.4650825,0.23175
pthreads,400000,2,3,0.029800102000081097,0.300055,0.466075,0.23387
pthreads,400000,2,4,0.02949077099947317,0.3027325,0.4647125,0.232555
pthreads,400000,2,5,0.029432905000248866,0.300855,0.4670125,0.2321325
pthreads,400000,3,0,0.032992213999932574,0.3027075,0.464805,0.2324875
pthreads,400000,3,1,0.03308409999954165,0.3025125,0.46459,0.2328975
pthreads,400000,3,2,0.033227816999897186,0.3025625,0.4659425,0.231495
pthreads,400000,3,3,0.033536349999849335,0.300585,0.4655925,0.2338225
pthreads,400000,3,4,0.03350526699978218,0.302415,0.4648025,0.2327825
pthreads,400000,3,5,0.0341580280000926,0.300675,0.466775,0.23255
pthreads,400000,4,0,0.03914903500026412,0.3022375,0.4657675,0.231995
pthreads,400000,4,1,0.03840854899954138,0.30268,0.464655,0.232665
pthreads,400000,4,2,0.037424823999572254,0.302835,0.4641075,0.2330575
pthreads,400000,4,3,0.03665909000028478,0.30173,0.46497,0.2333
pthreads,400000,4,4,0.03844118199958757,0.30244,0.4648775,0.2326825
pthreads,400000,4,5,0.0378953810004532,0.3011925,0.4664325,0.232375
pthreads,400000,5,0,0.041080961000261595,0.30164,0.465975,0.232385
pthreads,400000,5,1,0.041450725999311544,0.3025275,0.46545,0.2320225
pthreads,400000,5,2,0.040346867999687674,0.30288,0.4639025,0.2332175
pthreads,400000,5,3,0.041687435999847366,0.30135,0.465395,0.233255
pthreads,400000,5,4,0.04026250100014295,0.302595,0.46484,0.232565
pthreads,400000,5,5,0.044220718999895325,0.3010875,0.466,0.2329125
pthreads,400000,6,0,0.044155141999908665,0.3016375,0.46552,0.2328425
pthreads,400000,6,1,0.0478401219997977,0.3022175,0.46517,0.2326125
pthreads,400000,6,2,0.04772049200073525,0.3024875,0.46405,0.2334625
pthreads,400000,6,3,0.04666111400001682,0.300865,0.46539,0.233745
pthreads,400000,6,4,0.0495797270004914,0.302815,0.464705,0.23248
pthreads,400000,6,5,0.04579098900012468,0.301455,0.46623,0.232315
pthreads,400000,7,0,0.06523927899979753,0.3013875,0.4659475,0.232665
pthreads,400000,7,1,0.06056904199976998,0.30139,0.4657975,0.2328125
pthreads,400000,7,2,0.0642758310004865,0.301735,0.46447,0.233795
pthreads,400000,7,3,0.07017898400044942,0.301535,0.465285,0.23318
pthreads,400000,7,4,0.061660514999857696,0.302625,0.4647525,0.2326225
pthreads,400000,7,5,0.06544948899954761,0.30157,0.46599,0.23244
pthreads,400000,8,0,0.0716720760001408,0.30169,0.4653675,0.2329425
pthreads,400000,8,1,0.07415120899986505,0.301725,0.46569,0.232585
pthreads,400000,8,2,0.075300731000425,0.30136,0.464915,0.233725
pthreads,400000,8,3,0.074046726999768,0.3014225,0.4657975,0.23278
pthreads,400000,8,4,0.0744385930001954,0.302785,0.4645825,0.2326325
pthreads,400000,8,5,0.07419747699987056,0.30216,0.4657525,0.2320875
pthreads,400000,9,0,0.07793422300073871,0.3014825,0.4652075,0.23331
pthreads,400000,9,1,0.07812254100008431,0.3018525,0.4658625,0.232285
pthreads,400000,9,2,0.0796052489995418,0.301765,0.46444,0.233795
pthreads,400000,9,3,0.0781242029997884,0.30147,0.466395,0.232135
pthreads,400000,9,4,0.07688963599957788,0.30266,0.463885,0.233455
pthreads,400000,9,5,0.07890481399954297,0.30204,0.4657275,0.2322325
pthreads,400000,10,0,0.07754348199978267,0.3016925,0.4652525,0.233055
pthreads,400000,10,1,0.07912854699952732,0.302035,0.4655025,0.2324625
pthreads,400000,10,2,0.07389525899998262,0.301455,0.464695,0.23385
pthreads,400000,10,3,0.07930811699952756,0.3017275,0.466425,0.2318475
pthreads,400000,10,4,0.07929224599956797,0.30316,0.46382,0.23302
pthreads,400000,10,5,0.07997225700000854,0.302,0.46598,0.23202
pthreads,400000,11,0,0.07882970899936481,0.301815,0.4650525,0.2331325
pthreads,400000,11,1,0.07688860300004308,0.3021025,0.4654025,0.232495
pthreads,400000,11,2,0.0751735000003464,0.3013375,0.46481,0.2338525
pthreads,400000,11,3,0.08275402099934581,0.30181,0.4665775,0.2316125
pthreads,400000,11,4,0.07849645900023461,0.302595,0.4643,0.233105
pthreads,400000,11,5,0.08085384399964823,0.3019725,0.4662575,0.23177
pthreads,400000,12,0,0.0802394420006749,0.3020925,0.4650425,0.232865
pthreads,400000,12,1,0.07529726499979006,0.3022575,0.4651575,0.232585
pthreads,400000,12,2,0.0793309290002071,0.301285,0.4648175,0.2338975
pthreads,400000,12,3,0.08197297900005651,0.3014675,0.466575,0.2319575
pthreads,400000,12,4,0.08476410799994483,0.3031225,0.4642225,0.232655
pthreads,400000,12,5,0.08412516899988987,0.3023575,0.466075,0.2315675
pthreads,800000,1,0,0.055669055999715056,0.302055,0.465475,0.23247
pthreads,800000,1,1,0.055533579000439204,0.302545,0.46566625,0.23178875
pthreads,800000,1,2,0.05600370100000873,0.30242,0.46414875,0.23343125
pthreads,800000,1,3,0.055210446000273805,0.30171625,0.46583,0.23245375
pthreads,800000,1,4,0.05625113399946713,0.3007925,0.4657075,0.2335
pthreads,800000,1,5,0.05515508000007685,0.30113125,0.4656725,0.23319625
pthreads,800000,2,0,0.059120299999449344,0.3017525,0.46473625,0.23351125
pthreads,800000,2,1,0.05743428000005224,0.3020425,0.46550875,0.23244875
pthreads,800000,2,2,0.05981990200052678,0.30287375,0.4650325,0.23209375
pthreads,800000,2,3,0.05816007199973683,0.30110625,0.46563125,0.2332625
pthreads,800000,2,4,0.05765334799980337,0.30203625,0.4650525,0.23291125
pthreads,800000,2,5,0.05750835399976495,0.30111375,0.46607375,0.2328125
pthreads,800000,3,0,0.0656421470002897,0.30212125,0.46486,0.23301875
pthreads,800000,3,1,0.06650265100051911,0.30196375,0.46562,0.23241625
pthreads,800000,3,2,0.06612537199998769,0.3028475,0.465475,0.2316775
pthreads,800000,3,3,0.06502057099987724,0.30079125,0.46615125,0.2330575
pthreads,800000,3,4,0.06586499700006243,0.30201,0.464815,0.233175
pthreads,800000,3,5,0.06833744300001854,0.30149,0.4659625,0.2325475
pthreads,800000,4,0,0.0742781630005993,0.302065,0.464925,0.23301
pthreads,800000,4,1,0.07232311900042987,0.30246125,0.46496625,0.2325725
pthreads,800000,4,2,0.07263025100019149,0.30230375,0.46512875,0.2325675
pthreads,800000,4,3,0.07264491600017209,0.3011375,0.46588,0.2329825
pthreads,800000,4,4,0.07325496199973713,0.30209,0.46475875,0.23315125
pthreads,800000,4,5,0.07314596899959724,0.3015825,0.46600375,0.23241375
pthreads,800000,5,0,0.08397562600021047,0.30192625,0.46529875,0.232775
pthreads,800000,5,1,0.08048011399932875,0.3025075,0.46495125,0.23254125
pthreads,800000,5,2,0.08775821500057646,0.30185875,0.46536125,0.23278
pthreads,800000,5,3,0.08499552400007815,0.30112625,0.465935,0.23293875
pthreads,800000,5,4,0.08311034899998049,0.3017975,0.465275,0.2329275
pthreads,800000,5,5,0.07900224600052752,0.301505,0.46589125,0.23260375
pthreads,800000,6,0,0.09092018100000132,0.302025,0.46528625,0.23268875
pthreads,800000,6,1,0.0878898079999999,0.302235,0.46512,0.232645
pthreads,800000,6,2,0.09978991399930237,0.30225625,0.4648625,0.23288125
pthreads,800000,6,3,0.09126285399997869,0.3011625,0.46549375,0.23334375
pthreads,800000,6,4,0.09353058699980465,0.30229,0.46487875,0.23283125
pthreads,800000,6,5,0.0937308580005265,0.30139625,0.4660075,0.23259625
pthreads,800000,7,0,0.13491443600014463,0.3020125,0.465265,0.2327225
pthreads,800000,7,1,0.12926391899964074,0.30198125,0.4651875,0.23283125
pthreads,800000,7,2,0.1272670089992971,0.30212125,0.46477,0.23310875
pthreads,800000,7,3,0.13228112000069814,0.301245,0.465615,0.23314
pthreads,800000,7,4,0.13291784199918766,0.30223125,0.46531875,0.23245
pthreads,800000,7,5,0.14552897799967468,0.30171375,0.46586375,0.2324225
pthreads,800000,8,0,0.1505087679997814,0.302255,0.46506375,0.23268125
pthreads,800000,8,1,0.14843341800042253,0.30233375,0.46522,0.23244625
pthreads,800000,8,2,0.1477963900006216,0.3022475,0.4643875,0.233365
pthreads,800000,8,3,0.1466678269998738,0.30155,0.46574625,0.23270375
pthreads,800000,8,4,0.14660865600035322,0.3024625,0.465325,0.2322125
pthreads,800000,8,5,0.1443752389996007,0.3020475,0.46548,0.2324725
pthreads,800000,9,0,0.15281895200041617,0.30212875,0.4653525,0.23251875
pthreads,800000,9,1,0.15245321299971692,0.30198375,0.46584625,0.23217
pthreads,800000,9,2,0.15515262899953086,0.3025625,0.4640475,0.23339
pthreads,800000,9,3,0.15635869200013985,0.3011575,0.466035,0.2328075
pthreads,800000,9,4,0.15132387799985736,0.302605,0.46499875,0.23239625
pthreads,800000,9,5,0.1506975539996347,0.30232625,0.46531,0.23236375
pthreads,800000,10,0,0.15989303200058202,0.30198875,0.46567875,0.2323325
pthreads,800000,10,1,0.15545236700017995,0.30202875,0.46574125,0.23223
pthreads,800000,10,2,0.15737926499969035,0.3024725,0.46428625,0.23324125
pthreads,800000,10,3,0.1558015290002004,0.3009875,0.466245,0.2327675
pthreads,800000,10,4,0.15710458699959418,0.302425,0.46495,0.232625
pthreads,800000,10,5,0.1565375350000977,0.3020225,0.46546125,0.23251625
pthreads,800000,11,0,0.15380404100051237,0.30225875,0.465635,0.23210625
pthreads,800000,11,1,0.16202236800018,0.3019475,0.4653,0.2327525
pthreads,800000,11,2,0.159966440000062,0.302355,0.4640875,0.2335575
pthreads,800000,11,3,0.15649439200024062,0.30119625,0.4661875,0.23261625
pthreads,800000,11,4,0.16289405499992426,0.30238,0.4650175,0.2326025
pthreads,800000,11,5,0.16004017500017653,0.3020575,0.4654575,0.232485
pthreads,800000,12,0,0.15213863400003902,0.3021125,0.4654675,0.23242
pthreads,800000,12,1,0.16228703200067685,0.302085,0.465,0.232915
pthreads,800000,12,2,0.16014996699959738,0.30212375,0.46416625,0.23371
pthreads,800000,12,3,0.1599908170001072,0.30112875,0.46612125,0.23275
pthreads,800000,12,4,0.1606105529999695,0.30265375,0.4648975,0.23244875
pthreads,800000,12,5,0.16054646199972922,0.30217375,0.4656025,0.23222375
pthreads,1600000,1,0,0.10998733900032676,0.30205188,0.46525688,0.23269125
pthreads,1600000,1,1,0.11066167500030133,0.30189625,0.46593375,0.23217
pthreads,1600000,1,2,0.10922089399991819,0.30236438,0.46446437,0.23317125
pthreads,1600000,1,3,0.1105620309999722,0.3022875,0.465425,0.2322875
pthreads,1600000,1,4,0.10910351299935428,0.30135375,0.46535312,0.23329312
pthreads,1600000,1,5,0.10956744099985372,0.30166,0.46555812,0.23278187
pthreads,1600000,2,0,0.11530480300007184,0.30167813,0.46523687,0.233085
pthreads,1600000,2,1,0.11428010199961136,0.302225,0.46568688,0.23208813
pthreads,1600000,2,2,0.1168505389996426,0.30278187,0.46460937,0.23260875
pthreads,1600000,2,3,0.11518867299946578,0.30129375,0.46546562,0.23324063
pthreads,1600000,2,4,0.1164073259997167,0.30182188,0.46495,0.23322813
pthreads,1600000,2,5,0.11461262900047586,0.30148687,0.4655775,0.23293563
pthreads,1600000,3,0,0.13256428100066842,0.30204063,0.46499187,0.2329675
pthreads,1600000,3,1,0.1312225990004663,0.30266,0.46543937,0.23190062
pthreads,1600000,3,2,0.12996945600025356,0.30268187,0.46483687,0.23248125
pthreads,1600000,3,3,0.12931782999930874,0.30145,0.46554438,0.23300562
pthreads,1600000,3,4,0.13056297000002814,0.30130187,0.46535312,0.233345
pthreads,1600000,3,5,0.12963603499974852,0.30147438,0.46567375,0.23285188
pthreads,1600000,4,0,0.1466894040004263,0.30212438,0.46486312,0.2330125
pthreads,1600000,4,1,0.14655054600007134,0.30257937,0.46536187,0.23205875
pthreads,1600000,4,2,0.1457881139995152,0.30265938,0.46471313,0.2326275
pthreads,1600000,4,3,0.14477019500009192,0.30167312,0.46577125,0.23255562
pthreads,1600000,4,4,0.14778288100023929,0.30190312,0.4648225,0.23327438
pthreads,1600000,4,5,0.14570014699984313,0.30173062,0.46563625,0.23263312
pthreads,1600000,5,0,0.1621018899995761,0.30166562,0.46531625,0.23301812
pthreads,1600000,5,1,0.1632415719996061,0.30227562,0.46556687,0.2321575
pthreads,1600000,5,2,0.16085798499989323,0.30238312,0.46486125,0.23275562
pthreads,1600000,5,3,0.16320792399983475,0.30148938,0.46601562,0.232495
pthreads,1600000,5,4,0.15927680999993754,0.30162187,0.4650925,0.23328562
pthreads,1600000,5,5,0.16244954000012513,0.30144938,0.46571187,0.23283875
pthreads,1600000,6,0,0.18473081200045272,0.30146812,0.46527875,0.23325313
pthreads,1600000,6,1,0.1863937400003124,0.30184937,0.46572313,0.2324275
pthreads,1600000,6,2,0.1837267739992967,0.30242812,0.46513187,0.23244
pthreads,1600000,6,3,0.18338756000048306,0.30121,0.46594687,0.23284313
pthreads,1600000,6,4,0.18392196199965838,0.30195125,0.46483062,0.23321812
pthreads,1600000,6,5,0.17786219699974026,0.30154938,0.46556938,0.23288125
pthreads,1600000,7,0,0.27577608399951714,0.301285,0.46559,0.233125
pthreads,1600000,7,1,0.2665405930001725,0.3018125,0.46579375,0.23239375
pthreads,1600000,7,2,0.24841979000029824,0.30190187,0.46518813,0.23291
pthreads,1600000,7,3,0.2751982660001886,0.30142562,0.46574312,0.23283125
pthreads,1600000,7,4,0.25670150200039643,0.30206625,0.46514187,0.23279188
pthreads,1600000,7,5,0.26477847499972995,0.301805,0.46549,0.232705
pthreads,1600000,8,0,0.30114531599974725,0.30162625,0.4651725,0.23320125
pthreads,1600000,8,1,0.29391475200009154,0.30209875,0.46540437,0.23249687
pthreads,1600000,8,2,0.30072499600009905,0.3017875,0.46529063,0.23292188
pthreads,1600000,8,3,0.29513919900000474,0.30108812,0.46609,0.23282188
pthreads,1600000,8,4,0.2938967149993914,0.3020775,0.46524688,0.23267562
pthreads,1600000,8,5,0.29621659700023883,0.3018475,0.4655,0.2326525
pthreads,1600000,9,0,0.3108369580004364,0.30149875,0.46534063,0.23316063
pthreads,1600000,9,1,0.3092689489994882,0.302055,0.46566625,0.23227875
pthreads,1600000,9,2,0.3084886839997125,0.3018675,0.46506,0.2330725
pthreads,1600000,9,3,0.3126226399999723,0.30093562,0.46608,0.23298437
pthreads,1600000,9,4,0.30616894400009187,0.30202937,0.46512562,0.232845
pthreads,1600000,9,5,0.3086173769997913,0.30202,0.46534875,0.23263125
pthreads,1600000,10,0,0.3101943219999157,0.3017875,0.46534687,0.23286562
pthreads,1600000,10,1,0.31586363800033723,0.30215063,0.46544687,0.2324025
pthreads,1600000,10,2,0.30763133199980075,0.30172625,0.465105,0.23316875
pthreads,1600000,10,3,0.31451294499947835,0.30094375,0.4662275,0.23282875
pthreads,1600000,10,4,0.30790252100086946,0.30183375,0.46548688,0.23267937
pthreads,1600000,10,5,0.3092309879993991,0.30181313,0.46547,0.23271687
pthreads,1600000,11,0,0.32868405699991854,0.30179062,0.46524562,0.23296375
pthreads,1600000,11,1,0.3214286570000695,0.30213937,0.46546562,0.232395
pthreads,1600000,11,2,0.3175810930006264,0.30166688,0.46494937,0.23338375
pthreads,1600000,11,3,0.3218865899998491,0.30121938,0.46590312,0.2328775
pthreads,1600000,11,4,0.3220788270000412,0.30204188,0.46527375,0.23268437
pthreads,1600000,11,5,0.31655304600008094,0.30168625,0.46552813,0.23278562
pthreads,1600000,12,0,0.3201092509998489,0.30177687,0.46527,0.23295313
pthreads,1600000,12,1,0.32002117299998645,0.30221125,0.46531625,0.2324725
pthreads,1600000,12,2,0.3146336780000638,0.30185062,0.46479312,0.23335625
pthreads,1600000,12,3,0.31407686100010324,0.30113688,0.46597312,0.23289
pthreads,1600000,12,4,0.322900949000541,0.30219438,0.46515625,0.23264937
pthreads,1600000,12,5,0.3238457110001036,0.30192062,0.46540562,0.23267375
pthreads,3200000,1,0,0.21796351200009667,0.30188219,0.46519625,0.23292156
pthreads,3200000,1,1,0.21682452699951682,0.30166562,0.46626469,0.23206969
pthreads,3200000,1,2,0.2200205660001302,0.30199531,0.46506938,0.23293531
pthreads,3200000,1,3,0.21952384899941535,0.3015975,0.46569531,0.23270719
pthreads,3200000,1,4,0.2170007370004896,0.30161594,0.46577344,0.23261062
pthreads,3200000,1,5,0.2201429669994468,0.30189813,0.46541594,0.23268594
pthreads,3200000,2,0,0.22873433899985685,0.30186687,0.46536281,0.23277031
pthreads,3200000,2,1,0.22756102999937866,0.301885,0.4656825,0.2324325
pthreads,3200000,2,2,0.22940847700010636,0.30217656,0.464855,0.23296844
pthreads,3200000,2,3,0.22857374900013383,0.30184281,0.46548187,0.23267531
pthreads,3200000,2,4,0.23006489100043837,0.30189156,0.46516344,0.232945
pthreads,3200000,2,5,0.22818475800067972,0.30184531,0.4651725,0.23298219
pthreads,3200000,3,0,0.258067356000538,0.30185375,0.46513344,0.23301281
pthreads,3200000,3,1,0.2577506289999292,0.30228719,0.46557688,0.23213594
pthreads,3200000,3,2,0.25853297499998007,0.30227094,0.46501625,0.23271281
pthreads,3200000,3,3,0.2605754850001176,0.30160281,0.465445,0.23295219
pthreads,3200000,3,4,0.262957359000211,0.30166312,0.46535938,0.2329775
pthreads,3200000,3,5,0.26189756199983094,0.30160938,0.46558906,0.23280156
pthreads,3200000,4,0,0.2907862390002265,0.30193437,0.46497781,0.23308781
pthreads,3200000,4,1,0.2899627369997688,0.3025325,0.46551219,0.23195531
pthreads,3200000,4,2,0.28856605300006777,0.30245625,0.464705,0.23283875
pthreads,3200000,4,3,0.28849352300039754,0.30160687,0.46547969,0.23291344
pthreads,3200000,4,4,0.28751522899983684,0.30174781,0.46517625,0.23307594
pthreads,3200000,4,5,0.290862085000299,0.30190594,0.46547469,0.23261937
pthreads,3200000,5,0,0.3151336849996369,0.3017275,0.46518375,0.23308875
pthreads,3200000,5,1,0.32152631000008114,0.30244625,0.46537656,0.23217719
pthreads,3200000,5,2,0.3194120739999562,0.30218406,0.46498531,0.23283063
pthreads,3200000,5,3,0.3171687939993717,0.30167688,0.46568906,0.23263406
pthreads,3200000,5,4,0.31795107899961295,0.30159438,0.46528656,0.23311906
pthreads,3200000,5,5,0.32311249899976247,0.30190406,0.46522281,0.23287312
pthreads,3200000,6,0,0.38590178600043146,0.30176969,0.46529312,0.23293719
pthreads,3200000,6,1,0.3641915299995162,0.30244875,0.46557656,0.23197469
pthreads,3200000,6,2,0.37864859199999046,0.30221031,0.4650375,0.23275219
pthreads,3200000,6,3,0.3716973640002834,0.30174906,0.46557406,0.23267688
pthreads,3200000,6,4,0.3762873270006821,0.30155531,0.46513781,0.23330687
pthreads,3200000,6,5,0.3609427230003348,0.30167406,0.46522969,0.23309625
pthreads,3200000,7,0,0.5200586279997879,0.30165656,0.46543937,0.23290406
pthreads,3200000,7,1,0.5286314380000476,0.30213375,0.46579906,0.23206719
pthreads,3200000,7,2,0.527339072000359,0.30212344,0.46509187,0.23278469
pthreads,3200000,7,3,0.5327078609998352,0.30166281,0.46567969,0.2326575
pthreads,3200000,7,4,0.5187536309995266,0.3016575,0.46517031,0.23317219
pthreads,3200000,7,5,0.5377019130000917,0.30184563,0.46517562,0.23297875
pthreads,3200000,8,0,0.5879117530002986,0.30171188,0.46526219,0.23302594
pthreads,3200000,8,1,0.5826029609997931,0.30226125,0.46564187,0.23209688
pthreads,3200000,8,2,0.6122334090005097,0.30207375,0.46517562,0.23275062
pthreads,3200000,8,3,0.5914471669993873,0.3015525,0.46589156,0.23255594
pthreads,3200000,8,4,0.5874410369997349,0.30178281,0.46532594,0.23289125
pthreads,3200000,8,5,0.5866270959995745,0.30185563,0.46527438,0.23287
pthreads,3200000,9,0,0.6048196250003457,0.30141625,0.4656,0.23298375
pthreads,3200000,9,1,0.6039176149997729,0.30206281,0.46585375,0.23208344
pthreads,3200000,9,2,0.6013349780005228,0.30210469,0.46509438,0.23280094
pthreads,3200000,9,3,0.6121987730002729,0.30141687,0.4658375,0.23274563
pthreads,3200000,9,4,0.6078539990003264,0.30165812,0.46532906,0.23301281
pthreads,3200000,9,5,0.614540651000425,0.30188344,0.46522438,0.23289219
pthreads,3200000,10,0,0.6148748589994284,0.30154031,0.46549656,0.23296312
pthreads,3200000,10,1,0.6297468570001001,0.302015,0.46587906,0.23210594
pthreads,3200000,10,2,0.6314621520004948,0.30203031,0.46511344,0.23285625
pthreads,3200000,10,3,0.6239419739995355,0.30129531,0.46590437,0.23280031
pthreads,3200000,10,4,0.6326633759999822,0.30176406,0.4652625,0.23297344
pthreads,3200000,10,5,0.6208576990002257,0.30178125,0.46534125,0.2328775
pthreads,3200000,11,0,0.6376230310006576,0.30153062,0.46536625,0.23310312
pthreads,3200000,11,1,0.597716073999436,0.30195187,0.46580594,0.23224219
pthreads,3200000,11,2,0.6297451180007556,0.30190219,0.46504187,0.23305594
pthreads,3200000,11,3,0.6342388119992393,0.30141969,0.46582219,0.23275813
pthreads,3200000,11,4,0.642439946000195,0.30200844,0.46510781,0.23288375
pthreads,3200000,11,5,0.6471687149996797,0.30179281,0.46542062,0.23278656
pthreads,3200000,12,0,0.6452072179999959,0.30147219,0.46533844,0.23318938
pthreads,3200000,12,1,0.61946630500006,0.30198469,0.46569719,0.23231812
pthreads,3200000,12,2,0.574670803999652,0.30184187,0.46514031,0.23301781
pthreads,3200000,12,3,0.5940089709993117,0.30148063,0.46576469,0.23275469
pthreads,3200000,12,4,0.5377478469999915,0.30198156,0.46511188,0.23290656
pthreads,3200000,12,5,0.6133156539999618,0.30191344,0.46540375,0.23268281
pthreads,6400000,1,0,0.43762445699940145,0.30172766,0.46577844,0.23249391
pthreads,6400000,1,1,0.4316779869996026,0.30174797,0.46584969,0.23240234
pthreads,6400000,1,2,0.43253475800065644,0.30191937,0.46516547,0.23291516
pthreads,6400000,1,3,0.4377682519998416,0.30190203,0.46536344,0.23273453
pthreads,6400000,1,4,0.4374598929998683,0.30157937,0.46584844,0.23257219
pthreads,6400000,1,5,0.43735546700008854,0.30174156,0.46565812,0.23260031
pthreads,6400000,2,0,0.4521415059998617,0.30194906,0.46505812,0.23299281
pthreads,6400000,2,1,0.4556282339999598,0.30175297,0.46582766,0.23241938
pthreads,6400000,2,2,0.4597936110003502,0.30201187,0.46527391,0.23271422
pthreads,6400000,2,3,0.45306792099927407,0.30164031,0.46543969,0.23292
pthreads,6400000,2,4,0.4557928929998525,0.30185109,0.46551063,0.23263828
pthreads,6400000,2,5,0.4514689389998239,0.3019125,0.46528156,0.23280594
pthreads,6400000,3,0,0.5129333200002293,0.30193938,0.46535578,0.23270484
pthreads,6400000,3,1,0.5197345540000242,0.30189922,0.465615,0.23248578
pthreads,6400000,3,2,0.5145431700002518,0.3021175,0.46504703,0.23283547
pthreads,6400000,3,3,0.5178261480004949,0.30174937,0.46557047,0.23268016
pthreads,6400000,3,4,0.5118204439995679,0.3018725,0.46534828,0.23277922
pthreads,6400000,3,5,0.5179058000003351,0.30179375,0.46535859,0.23284766
pthreads,6400000,4,0,0.5796728400000575,0.30198234,0.46509875,0.23291891
pthreads,6400000,4,1,0.583156229999986,0.30182656,0.46563891,0.23253453
pthreads,6400000,4,2,0.5742137400002321,0.30215703,0.46489766,0.23294531
pthreads,6400000,4,3,0.5743155870004557,0.30183078,0.46535609,0.23281313
pthreads,6400000,4,4,0.5840602790003686,0.30181469,0.46535813,0.23282719
pthreads,6400000,4,5,0.5740190140004415,0.30182656,0.46552016,0.23265328
pthreads,6400000,5,0,0.6821455600002082,0.30174953,0.46529984,0.23295062
pthreads,6400000,5,1,0.6381747369996447,0.30193359,0.46562234,0.23244406
pthreads,6400000,5,2,0.6607202020004479,0.30194391,0.46523422,0.23282188
pthreads,6400000,5,3,0.6436182420002297,0.30174141,0.46561562,0.23264297
pthreads,6400000,5,4,0.6557071899997027,0.30175969,0.46549641,0.23274391
pthreads,6400000,5,5,0.6561000239998975,0.30203687,0.46517031,0.23279281
pthreads,6400000,6,0,0.7558302099996581,0.30182109,0.46515297,0.23302594
pthreads,6400000,6,1,0.7503160699998261,0.30208281,0.46575156,0.23216562
pthreads,6400000,6,2,0.727887049999481,0.30211,0.46520391,0.23268609
pthreads,6400000,6,3,0.725739866999902,0.30166359,0.46567313,0.23266328
pthreads,6400000,6,4,0.8223748870004783,0.30181703,0.46522297,0.23296
pthreads,6400000,6,5,0.8365207939996253,0.30197188,0.46525047,0.23277766
pthreads,6400000,7,0,1.1379331719999755,0.30167187,0.46537625,0.23295188
pthreads,6400000,7,1,1.215922755000065,0.3021,0.46587219,0.23202781
pthreads,6400000,7,2,1.1012211940005727,0.30200578,0.46529672,0.2326975
pthreads,6400000,7,3,1.0559424619996207,0.30163672,0.46565266,0.23271063
pthreads,6400000,7,4,1.0680901080004332,0.30186969,0.46528422,0.23284609
pthreads,6400000,7,5,1.0736399930001426,0.3019225,0.46527516,0.23280234
pthreads,6400000,8,0,1.182074072999967,0.30173984,0.46519516,0.233065
pthreads,6400000,8,1,1.1624427859997013,0.30203203,0.46580047,0.2321675
pthreads,6400000,8,2,1.1836321370001315,0.30195484,0.46538844,0.23265672
pthreads,6400000,8,3,1.171866396999576,0.30168062,0.46567656,0.23264281
pthreads,6400000,8,4,1.1776883659995292,0.30179094,0.46529016,0.23291891
pthreads,6400000,8,5,1.1827682480006843,0.30194234,0.46524844,0.23280922
pthreads,6400000,9,0,1.2157085680000819,0.30159391,0.46534641,0.23305969
pthreads,6400000,9,1,1.2273371769997539,0.30195094,0.46589594,0.23215312
pthreads,6400000,9,2,1.2221590469998773,0.30198812,0.46521125,0.23280063
pthreads,6400000,9,3,1.2115806860001612,0.30166813,0.46564984,0.23268203
pthreads,6400000,9,4,1.2124573909995888,0.30173734,0.46526297,0.23299969
pthreads,6400000,9,5,1.2305174880002596,0.30190172,0.46524516,0.23285312
pthreads,6400000,10,0,1.2543624079989968,0.30181516,0.46531906,0.23286578
pthreads,6400000,10,1,1.273076082999978,0.30200766,0.46583594,0.23215641
pthreads,6400000,10,2,1.2528582569993887,0.30195359,0.46514625,0.23290016
pthreads,6400000,10,3,1.2381399879996025,0.30164687,0.46563109,0.23272203
pthreads,6400000,10,4,1.2525058860010176,0.3016575,0.46545422,0.23288828
pthreads,6400000,10,5,1.2523120940004446,0.30200875,0.46520484,0.23278641
pthreads,6400000,11,0,1.2443808230000286,0.30176266,0.46532031,0.23291703
pthreads,6400000,11,1,1.265919189001579,0.30219844,0.46570078,0.23210078
pthreads,6400000,11,2,1.273247569999512,0.30190469,0.46508375,0.23301156
pthreads,6400000,11,3,1.262831661000746,0.3017425,0.46551219,0.23274531
pthreads,6400000,11,4,1.2855979439991643,0.30161203,0.46547453,0.23291344
pthreads,6400000,11,5,1.269413968999288,0.30190953,0.46528578,0.23280469
pthreads,6400000,12,0,1.1967857360014023,0.30174313,0.46530625,0.23295062
pthreads,6400000,12,1,1.2627838160005922,0.30225781,0.46555172,0.23219047
pthreads,6400000,12,2,1.2839754100004939,0.30194281,0.46507797,0.23297922
pthreads,6400000,12,3,1.2226931679997506,0.30174734,0.46547375,0.23277891
pthreads,6400000,12,4,1.1734609539998928,0.30152656,0.46554984,0.23292359
pthreads,6400000,12,5,1.1887060690005455,0.30190719,0.46540594,0.23268687
pthreads,12800000,1,0,0.8654276720008056,0.301795,0.46563547,0.23256953
pthreads,12800000,1,1,0.8623116870003287,0.30172148,0.46575703,0.23252148
pthreads,12800000,1,2,0.8646509820009669,0.30182641,0.46551406,0.23265953
pthreads,12800000,1,3,0.8620746879987564,0.30182195,0.46551336,0.23266469
pthreads,12800000,1,4,0.8624064560008264,0.30162875,0.46573578,0.23263547
pthreads,12800000,1,5,0.8626056760003848,0.30169859,0.4656532,0.2326482
pthreads,12800000,2,0,0.9140984620007657,0.30178828,0.46550789,0.23270383
pthreads,12800000,2,1,0.9086344229999668,0.30178828,0.46579539,0.23241633
pthreads,12800000,2,2,0.9121109080006136,0.30186641,0.46543758,0.23269602
pthreads,12800000,2,3,0.9040925209992565,0.30185297,0.46532969,0.23281734
pthreads,12800000,2,4,0.9051217850010289,0.30177742,0.46556242,0.23266016
pthreads,12800000,2,5,0.9027587199998379,0.30184453,0.46543812,0.23271734
pthreads,12800000,3,0,1.0288185409990547,0.30191203,0.46531273,0.23277523
pthreads,12800000,3,1,1.0281258089999028,0.30186969,0.4657068,0.23242352
pthreads,12800000,3,2,1.0280546829999366,0.30188172,0.46550648,0.2326118
pthreads,12800000,3,3,1.033212979999007,0.30178187,0.46546781,0.23275031
pthreads,12800000,3,4,1.040738442001384,0.30180289,0.46553273,0.23266438
pthreads,12800000,3,5,1.0507327859995712,0.30175906,0.4654918,0.23274914
pthreads,12800000,4,0,1.1583576049997646,0.30191102,0.46513641,0.23295258
pthreads,12800000,4,1,1.1784751680006593,0.30178539,0.46574023,0.23247438
pthreads,12800000,4,2,1.164124445998823,0.301935,0.46531766,0.23274734
pthreads,12800000,4,3,1.1641513960003067,0.30171008,0.4654957,0.23279422
pthreads,12800000,4,4,1.158306385999822,0.3018968,0.46538594,0.23271727
pthreads,12800000,4,5,1.1528140369991888,0.30185508,0.46549281,0.23265211
pthreads,12800000,5,0,1.2734660059995804,0.30184883,0.46537477,0.23277641
pthreads,12800000,5,1,1.3019774919994234,0.30193273,0.46551172,0.23255555
pthreads,12800000,5,2,1.280540515001121,0.30186242,0.46543516,0.23270242
pthreads,12800000,5,3,1.3430925140000909,0.30176703,0.46560789,0.23262508
pthreads,12800000,5,4,1.2815269009988697,0.30181484,0.46548187,0.23270328
pthreads,12800000,5,5,1.2785898060010368,0.30175773,0.46537828,0.23286398
pthreads,12800000,6,0,1.5063835060009296,0.30191336,0.46533172,0.23275492
pthreads,12800000,6,1,1.4662935890009976,0.30181586,0.46558641,0.23259773
pthreads,12800000,6,2,1.491135086000213,0.30188555,0.46541703,0.23269742
pthreads,12800000,6,3,1.4994069149997813,0.3017893,0.46558031,0.23263039
pthreads,12800000,6,4,1.5855951449993881,0.30195125,0.46533391,0.23271484
pthreads,12800000,6,5,1.473209168001631,0.30183047,0.46531555,0.23285398
pthreads,12800000,7,0,2.0920757059993775,0.30186266,0.46537422,0.23276312
pthreads,12800000,7,1,2.1127426120001473,0.30169578,0.46576828,0.23253594
pthreads,12800000,7,2,2.1737321020009404,0.30187102,0.46540523,0.23272375
pthreads,12800000,7,3,2.0718312820008578,0.30174258,0.46560758,0.23264984
pthreads,12800000,7,4,2.1244639359993016,0.30187898,0.46542258,0.23269844
pthreads,12800000,7,5,2.100471630999891,0.30180711,0.46535484,0.23283805
pthreads,12800000,8,0,2.331524260000151,0.30180812,0.46534219,0.23284969
pthreads,12800000,8,1,2.3817830819989467,0.30173148,0.46572016,0.23254836
pthreads,12800000,8,2,2.379681102000177,0.30190125,0.46536617,0.23273258
pthreads,12800000,8,3,2.3778331680005067,0.30175547,0.46559539,0.23264914
pthreads,12800000,8,4,2.3714340509995964,0.30182508,0.4654843,0.23269063
pthreads,12800000,8,5,2.4553669880006055,0.30187352,0.4653218,0.23280469
pthreads,12800000,9,0,2.4309169889984332,0.30172844,0.46539828,0.23287328
pthreads,12800000,9,1,2.4438802690001467,0.30174617,0.46586211,0.23239172
pthreads,12800000,9,2,2.456523726001251,0.30185539,0.46540477,0.23273984
pthreads,12800000,9,3,2.444029098000101,0.30172375,0.46562375,0.2326525
pthreads,12800000,9,4,2.4480545820006228,0.30192227,0.46541305,0.23266469
pthreads,12800000,9,5,2.4711506929997995,0.30193461,0.46534531,0.23272008
pthreads,12800000,10,0,2.4910027890000492,0.30168414,0.46542867,0.23288719
pthreads,12800000,10,1,2.506152171001304,0.30174688,0.46583906,0.23241406
pthreads,12800000,10,2,2.4921552350006095,0.30187289,0.46537109,0.23275602
pthreads,12800000,10,3,2.496203601000161,0.30177148,0.46560875,0.23261977
pthreads,12800000,10,4,2.6124745489996712,0.30184719,0.46551188,0.23264094
pthreads,12800000,10,5,2.5059187740007474,0.30202062,0.46524297,0.23273641
pthreads,12800000,11,0,2.528901345000122,0.30176875,0.46534453,0.23288672
pthreads,12800000,11,1,2.5539503899999545,0.30177344,0.46577812,0.23244844
pthreads,12800000,11,2,2.599222415999975,0.3019032,0.46530305,0.23279375
pthreads,12800000,11,3,2.5250725080004486,0.30171391,0.46558398,0.23270211
pthreads,12800000,11,4,2.4679092549995403,0.3018125,0.46548469,0.23270281
pthreads,12800000,11,5,2.522307625000394,0.30199305,0.465375,0.23263195
pthreads,12800000,12,0,2.2898551219986985,0.30183188,0.46529781,0.23287031
pthreads,12800000,12,1,2.388057176000075,0.30187156,0.46564641,0.23248203
pthreads,12800000,12,2,2.4733110630004376,0.30197375,0.46524922,0.23277703
pthreads,12800000,12,3,2.4290668220000953,0.30164313,0.46556805,0.23278883
pthreads,12800000,12,4,2.426857256999938,0.30176914,0.46551383,0.23271703
pthreads,12800000,12,5,2.545671288999074,0.30192586,0.46544867,0.23262547
pthreads,25600000,1,0,1.745622660000663,0.30177195,0.46562004,0.23260801
pthreads,25600000,1,1,1.721541225000692,0.30175563,0.46563727,0.23260711
pthreads,25600000,1,2,1.7456575699998211,0.30181246,0.46546344,0.2327241
pthreads,25600000,1,3,1.7228679820000252,0.30179113,0.46553254,0.23267633
pthreads,25600000,1,4,1.717868642999747,0.30172676,0.46564664,0.2326266
pthreads,25600000,1,5,1.7255869869986782,0.3017652,0.4655966,0.2326382
pthreads,25600000,2,0,1.8038795159991423,0.30180133,0.4655577,0.23264098
pthreads,25600000,2,1,1.8076235919997998,0.30173531,0.46571488,0.2325498
pthreads,25600000,2,2,1.8110106149997591,0.30178469,0.46560902,0.23260629
pthreads,25600000,2,3,1.8239512370000739,0.30179957,0.46550961,0.23269082
pthreads,25600000,2,4,1.8141793300001154,0.30172523,0.46563437,0.23264039
pthreads,25600000,2,5,1.8029511549993913,0.3017573,0.46558719,0.23265551
pthreads,25600000,3,0,2.055498453000837,0.3017698,0.46551023,0.23271996
pthreads,25600000,3,1,2.0785599570008344,0.30174754,0.46571223,0.23254023
pthreads,25600000,3,2,2.0768583419994684,0.30182066,0.46551664,0.2326627
pthreads,25600000,3,3,2.065284688000247,0.30178859,0.46540512,0.23280629
pthreads,25600000,3,4,2.0342861879998964,0.30181957,0.46551555,0.23266488
pthreads,25600000,3,5,2.0838996279999265,0.30181102,0.46550969,0.2326793
pthreads,25600000,4,0,2.3205108270012715,0.30183652,0.46542383,0.23273965
pthreads,25600000,4,1,2.3055341910003335,0.30178523,0.46568207,0.2325327
pthreads,25600000,4,2,2.326731385999665,0.30182641,0.46542828,0.23274531
pthreads,25600000,4,3,2.4550647659998504,0.30176297,0.46551445,0.23272258
pthreads,25600000,4,4,2.3029323409991775,0.30184465,0.46544738,0.23270797
pthreads,25600000,4,5,2.30015831899982,0.30180258,0.46549141,0.23270602
pthreads,25600000,5,0,2.538298207999105,0.3018027,0.46542953,0.23276777
pthreads,25600000,5,1,2.5852517940002144,0.30180586,0.46558102,0.23261313
pthreads,25600000,5,2,2.561092253999959,0.301855,0.46555848,0.23258652
pthreads,25600000,5,3,2.582176765999975,0.30176953,0.46557961,0.23265086
pthreads,25600000,5,4,2.5439483789996302,0.30180215,0.46550316,0.23269469
pthreads,25600000,5,5,2.5558656829998654,0.30186703,0.46537574,0.23275723
pthreads,25600000,6,0,3.028802717000872,0.30184531,0.46537953,0.23277516
pthreads,25600000,6,1,2.962738629999876,0.30182074,0.46560523,0.23257402
pthreads,25600000,6,2,3.017444496999815,0.30177008,0.46558645,0.23264348
pthreads,25600000,6,3,3.2054248259992164,0.30178242,0.46556883,0.23264875
pthreads,25600000,6,4,3.227093696999873,0.30182539,0.46548187,0.23269273
pthreads,25600000,6,5,3.036372411999764,0.30179273,0.46545625,0.23275102
pthreads,25600000,7,0,4.250177681000423,0.30177141,0.46540668,0.23282191
pthreads,25600000,7,1,4.223528600999998,0.30174824,0.46568656,0.2325652
pthreads,25600000,7,2,4.179143027000464,0.30183988,0.46552699,0.23263312
pthreads,25600000,7,3,4.321784333998949,0.3017841,0.4655327,0.2326832
pthreads,25600000,7,4,4.253005515000041,0.30179379,0.46553066,0.23267555
pthreads,25600000,7,5,4.219052869999359,0.30183922,0.465495,0.23266578
pthreads,25600000,8,0,4.735501895000198,0.3017841,0.46540434,0.23281156
pthreads,25600000,8,1,4.7419487520000985,0.30177605,0.46569371,0.23253023
pthreads,25600000,8,2,4.7196024200002284,0.30189363,0.46544453,0.23266184
pthreads,25600000,8,3,4.7498020059993,0.30173535,0.46552312,0.23274152
pthreads,25600000,8,4,4.757565707001049,0.30181879,0.46553371,0.2326475
pthreads,25600000,8,5,4.777270903001408,0.30187609,0.46542324,0.23270066
pthreads,25600000,9,0,4.934065727000416,0.30176488,0.46552523,0.23270988
pthreads,25600000,9,1,4.940137390000018,0.30182352,0.46567355,0.23250293
pthreads,25600000,9,2,4.88806954300162,0.30191047,0.46540492,0.23268461
pthreads,25600000,9,3,4.8964172520009015,0.30177434,0.46549773,0.23272793
pthreads,25600000,9,4,4.9320992909997585,0.30182078,0.4654518,0.23272742
pthreads,25600000,9,5,4.979280346999076,0.30192129,0.46535359,0.23272512
pthreads,25600000,10,0,4.9402021749992855,0.30182656,0.46549395,0.23267949
pthreads,25600000,10,1,4.9907087510000565,0.30182695,0.46561684,0.23255621
pthreads,25600000,10,2,4.9807775629997195,0.30188355,0.46539633,0.23272012
pthreads,25600000,10,3,5.04141176200028,0.30177934,0.46557719,0.23264348
pthreads,25600000,10,4,5.076982931001112,0.30179328,0.46546918,0.23273754
pthreads,25600000,10,5,5.130034463998527,0.30188039,0.4653448,0.2327748
pthreads,25600000,11,0,5.053461401999812,0.30185305,0.46543914,0.23270781
pthreads,25600000,11,1,5.045091109001078,0.30184234,0.46559414,0.23256352
pthreads,25600000,11,2,5.01976636299878,0.30183742,0.46541398,0.23274859
pthreads,25600000,11,3,4.98963568399995,0.30177406,0.46558305,0.23264289
pthreads,25600000,11,4,4.923250079998979,0.3018402,0.46545699,0.23270281
pthreads,25600000,11,5,5.084037739999985,0.30185285,0.4654266,0.23272055
pthreads,25600000,12,0,5.033988713001236,0.30186145,0.46539371,0.23274484
pthreads,25600000,12,1,4.95013607600049,0.30183449,0.46555824,0.23260727
pthreads,25600000,12,2,4.82201479700052,0.30182254,0.4654043,0.23277316
pthreads,25600000,12,3,4.834414319999269,0.30178027,0.46556453,0.2326552
pthreads,25600000,12,4,4.930415077000362,0.30186148,0.46550777,0.23263074
pthreads,25600000,12,5,4.826835534999191,0.30188102,0.46538734,0.23273164
pthreads,51200000,1,0,3.4473979030008195,0.30178377,0.46558748,0.23262875
pthreads,51200000,1,1,3.466222007999022,0.30176156,0.46560391,0.23263453
pthreads,51200000,1,2,3.4297524520006846,0.30178383,0.46554812,0.23266805
pthreads,51200000,1,3,3.433296592998886,0.30178057,0.465564,0.23265543
pthreads,51200000,1,4,3.6057576240000344,0.30174211,0.46561287,0.23264502
pthreads,51200000,1,5,3.4315447970002424,0.30175457,0.46559527,0.23265016
pthreads,51200000,2,0,3.6252917290003097,0.30178193,0.46554855,0.23266951
pthreads,51200000,2,1,3.6174219920012547,0.30176768,0.46562885,0.23260348
pthreads,51200000,2,2,3.61386764999952,0.30179891,0.46553617,0.23266492
pthreads,51200000,2,3,3.611765216999629,0.30178088,0.46551488,0.23270424
pthreads,51200000,2,4,3.6150657389989647,0.30177742,0.46557367,0.23264891
pthreads,51200000,2,5,3.6116474290010956,0.30178557,0.4655392,0.23267523
pthreads,51200000,3,0,4.093923640000867,0.30180107,0.46550861,0.23269031
pthreads,51200000,3,1,4.088724690000163,0.30176719,0.46560248,0.23263033
pthreads,51200000,3,2,4.095236109000325,0.30177713,0.46558967,0.2326332
pthreads,51200000,3,3,4.128010659000211,0.30177656,0.46555773,0.2326657
pthreads,51200000,3,4,4.0523486160000175,0.30175707,0.46558471,0.23265822
pthreads,51200000,3,5,4.134905120001349,0.30177742,0.46558977,0.23263281
pthreads,51200000,4,0,4.593339028000628,0.30180545,0.46552289,0.23267166
pthreads,51200000,4,1,4.664558943000884,0.30175234,0.4656807,0.23256695
pthreads,51200000,4,2,4.551538985000661,0.30181131,0.46553908,0.23264961
pthreads,51200000,4,3,4.609075373000451,0.3017824,0.46554109,0.2326765
pthreads,51200000,4,4,4.604079235999961,0.30177053,0.46558271,0.23264676
pthreads,51200000,4,5,4.613338889999795,0.30178553,0.46554027,0.2326742
pthreads,51200000,5,0,5.118003638999653,0.30181926,0.4654859,0.23269484
pthreads,51200000,5,1,5.103199582999878,0.30179771,0.46560215,0.23260014
pthreads,51200000,5,2,5.097772323999379,0.30177312,0.46558871,0.23263816
pthreads,51200000,5,3,5.223597158999837,0.30174688,0.46554189,0.23271123
pthreads,51200000,5,4,5.129055147999679,0.30179629,0.46555934,0.23264437
pthreads,51200000,5,5,5.080776151999089,0.30180574,0.46552404,0.23267021
pthreads,51200000,6,0,5.965985220998846,0.30176641,0.46549656,0.23273703
pthreads,51200000,6,1,6.063320418999865,0.30180732,0.46559373,0.23259895
pthreads,51200000,6,2,6.2006983009996475,0.30179305,0.46555135,0.23265561
pthreads,51200000,6,3,6.829264153000622,0.30180693,0.46547656,0.2327165
pthreads,51200000,6,4,5.704487426999549,0.30182814,0.46551852,0.23265334
pthreads,51200000,6,5,5.840698922998854,0.30181135,0.46551512,0.23267354
pthreads,51200000,7,0,8.64663409500099,0.30182797,0.46547891,0.23269313
pthreads,51200000,7,1,8.926947781999843,0.30177334,0.46562518,0.23260148
pthreads,51200000,7,2,8.658427349000704,0.30181627,0.46551092,0.23267281
pthreads,51200000,7,3,8.575232049000988,0.30177068,0.46553029,0.23269902
pthreads,51200000,7,4,8.634230724999725,0.30183125,0.46547086,0.23269789
pthreads,51200000,7,5,8.876028792999932,0.3018125,0.46551354,0.23267396
pthreads,51200000,8,0,9.593753925000783,0.3018007,0.46546795,0.23273135
pthreads,51200000,8,1,9.51327646199934,0.30177402,0.46564402,0.23258195
pthreads,51200000,8,2,9.585371846000271,0.30180008,0.4655116,0.23268832
pthreads,51200000,8,3,9.562320926999746,0.30177854,0.4655357,0.23268576
pthreads,51200000,8,4,9.491911723000158,0.30181779,0.46544053,0.23274168
pthreads,51200000,8,5,9.472376686000644,0.30180918,0.46553049,0.23266033
pthreads,51200000,9,0,9.753315564999866,0.30177771,0.46549432,0.23272797
pthreads,51200000,9,1,9.806413705000523,0.30178916,0.46563176,0.23257908
pthreads,51200000,9,2,9.809967848999804,0.3018018,0.46554092,0.23265729
pthreads,51200000,9,3,9.947381238000162,0.30178391,0.46553072,0.23268537
pthreads,51200000,9,4,9.812762608999037,0.30181947,0.46542662,0.23275391
pthreads,51200000,9,5,10.124632405000739,0.30182654,0.46552697,0.23264648
pthreads,51200000,10,0,10.072094688999641,0.30173752,0.4655542,0.23270828
pthreads,51200000,10,1,9.90101465800035,0.30176467,0.46565172,0.23258361
pthreads,51200000,10,2,10.02059675000055,0.30182461,0.46550289,0.2326725
pthreads,51200000,10,3,9.888124414999766,0.30178182,0.46552207,0.23269611
pthreads,51200000,10,4,10.043118552999658,0.30181834,0.46546396,0.2327177
pthreads,51200000,10,5,10.108162433998586,0.30185037,0.46550611,0.23264352
pthreads,51200000,11,0,10.095406762000493,0.30174975,0.46556129,0.23268896
pthreads,51200000,11,1,10.07987858100023,0.30179563,0.46563674,0.23256764
pthreads,51200000,11,2,10.199837971998932,0.30180602,0.46550902,0.23268496
pthreads,51200000,11,3,10.11708120000003,0.3017625,0.4656074,0.2326301
pthreads,51200000,11,4,9.98531276599897,0.30179484,0.465469,0.23273615
pthreads,51200000,11,5,10.09258774800037,0.30181539,0.46552428,0.23266033
pthreads,51200000,12,0,9.819833834000747,0.30178488,0.46552725,0.23268787
pthreads,51200000,12,1,9.650364183999045,0.30179785,0.46562553,0.23257662
pthreads,51200000,12,2,10.183287308998842,0.30181406,0.46547334,0.2327126
pthreads,51200000,12,3,9.788014613999621,0.30176518,0.46559242,0.2326424
pthreads,51200000,12,4,9.596951389999958,0.30176584,0.46553568,0.23269848
pthreads,51200000,12,5,10.022338793000017,0.30183441,0.46548432,0.23268127
mpi,100000,1,0,0.3191251200005354,0.3023,0.46462,0.23308
mpi,100000,1,1,0.32098256700010097,0.3038,0.46482,0.23138
mpi,100000,1,2,0.31997150399911334,0.30377,0.46422,0.23201
mpi,100000,1,3,0.31933583399950294,0.30223,0.4637,0.23407
mpi,100000,1,4,0.3199910919993272,0.30201,0.46557,0.23242
mpi,100000,1,5,0.31998901599945384,0.29851,0.46869,0.2328
mpi,100000,2,0,0.3186968469999556,0.29994,0.46401,0.23605
mpi,100000,2,1,0.31895135600098,0.30271,0.46636,0.23093
mpi,100000,2,2,0.321184958998856,0.30218,0.46465,0.23317
mpi,100000,2,3,0.31973580500016396,0.29996,0.46507,0.23497
mpi,100000,2,4,0.31889513900023303,0.30207,0.46542,0.23251
mpi,100000,2,5,0.31641991899959976,0.30075,0.46608,0.23317
mpi,100000,3,0,0.3235434090001945,0.30136,0.4648,0.23384
mpi,100000,3,1,0.327771472000677,0.303,0.46566,0.23134
mpi,100000,3,2,0.3233992229997966,0.30087,0.46724,0.23189
mpi,100000,3,3,0.3245687540002109,0.30004,0.4661,0.23386
mpi,100000,3,4,0.3278902870006277,0.30272,0.4644,0.23288
mpi,100000,3,5,0.31915612800003146,0.30392,0.46443,0.23165
mpi,100000,4,0,0.3281250109994289,0.30289,0.46354,0.23357
mpi,100000,4,1,0.3253127400002995,0.30258,0.4677,0.22972
mpi,100000,4,2,0.32826154500071425,0.30113,0.46622,0.23265
mpi,100000,4,3,0.32836949699958495,0.30244,0.46549,0.23207
mpi,100000,4,4,0.32849647699913476,0.30249,0.46364,0.23387
mpi,100000,4,5,0.327443285001209,0.30323,0.46403,0.23274
mpi,100000,5,0,0.32861735400001635,0.30333,0.46459,0.23208
mpi,100000,5,1,0.3318103319998045,0.30333,0.46563,0.23104
mpi,100000,5,2,0.3405872389994329,0.30083,0.46543,0.23374
mpi,100000,5,3,0.33186964100059413,0.30204,0.46598,0.23198
mpi,100000,5,4,0.3334405120003794,0.30314,0.46332,0.23354
mpi,100000,5,5,0.3336246470007609,0.30353,0.46393,0.23254
mpi,100000,6,0,0.3342209439997532,0.30332,0.46578,0.2309
mpi,100000,6,1,0.33796400699975493,0.3042,0.46478,0.23102
mpi,100000,6,2,0.3356608110007073,0.30183,0.46607,0.2321
mpi,100000,6,3,0.335279246999562,0.30218,0.46617,0.23165
mpi,100000,6,4,0.3316572300009284,0.30242,0.46355,0.23403
mpi,100000,6,5,0.3371006800007308,0.30342,0.4638,0.23278
mpi,100000,7,0,0.3370880579986988,0.30165,0.46678,0.23157
mpi,100000,7,1,0.34389405099864234,0.3027,0.46488,0.23242
mpi,100000,7,2,0.3349804870013031,0.30065,0.46616,0.23319
mpi,100000,7,3,0.3361002420006116,0.30185,0.4655,0.23265
mpi,100000,7,4,0.34042422700076713,0.30189,0.46402,0.23409
mpi,100000,7,5,0.34035689899974386,0.30354,0.46406,0.2324
mpi,100000,8,0,0.3483872540000448,0.30138,0.46714,0.23148
mpi,100000,8,1,0.34238341900163505,0.30355,0.46354,0.23291
mpi,100000,8,2,0.345858736000082,0.30056,0.46625,0.23319
mpi,100000,8,3,0.343618566999794,0.30265,0.46475,0.2326
mpi,100000,8,4,0.3458809219991963,0.3025,0.46334,0.23416
mpi,100000,8,5,0.3453278569995746,0.30382,0.46401,0.23217
mpi,100000,9,0,0.34539905000019644,0.30123,0.46692,0.23185
mpi,100000,9,1,0.3463560370000778,0.3028,0.4647,0.2325
mpi,100000,9,2,0.3483756440000434,0.30165,0.46599,0.23236
mpi,100000,9,3,0.3490124830004788,0.30261,0.46413,0.23326
mpi,100000,9,4,0.35205386800043925,0.30223,0.46362,0.23415
mpi,100000,9,5,0.3509481710007094,0.30354,0.46421,0.23225
mpi,100000,10,0,0.3518666449999728,0.30109,0.46723,0.23168
mpi,100000,10,1,0.3594780820003507,0.30239,0.4647,0.23291
mpi,100000,10,2,0.35630999599925417,0.30265,0.46534,0.23201
mpi,100000,10,3,0.3598761249995732,0.30239,0.46581,0.2318
mpi,100000,10,4,0.35155072399902565,0.30219,0.4637,0.23411
mpi,100000,10,5,0.3520385650008393,0.30346,0.46391,0.23263
mpi,100000,11,0,0.37160094599857985,0.30208,0.46602,0.2319
mpi,100000,11,1,0.384608782000214,0.30192,0.46582,0.23226
mpi,100000,11,2,0.4043874550006876,0.30283,0.4648,0.23237
mpi,100000,11,3,0.38308661299925006,0.30283,0.46616,0.23101
mpi,100000,11,4,0.37994154000080016,0.30217,0.46342,0.23441
mpi,100000,11,5,0.3760161219997826,0.3033,0.46345,0.23325
mpi,100000,12,0,0.411164352999549,0.30138,0.46577,0.23285
mpi,100000,12,1,0.3760237030001008,0.30236,0.46529,0.23235
mpi,100000,12,2,0.38374749799913843,0.30275,0.46539,0.23186
mpi,100000,12,3,0.3808412230009708,0.30311,0.46524,0.23165
mpi,100000,12,4,0.37939935400027025,0.303,0.46207,0.23493
mpi,100000,12,5,0.3917080449991772,0.30336,0.46326,0.23338
mpi,200000,1,0,0.32423461899998074,0.301555,0.46547,0.232975
mpi,200000,1,1,0.32801018099962675,0.302645,0.46438,0.232975
mpi,200000,1,2,0.3238564489984128,0.302755,0.46481,0.232435
mpi,200000,1,3,0.3275561399987055,0.301055,0.46473,0.234215
mpi,200000,1,4,0.3239932899996347,0.30147,0.465715,0.232815
mpi,200000,1,5,0.35996077900017553,0.300405,0.46723,0.232365
mpi,200000,2,0,0.32044316599967715,0.30171,0.464145,0.234145
mpi,200000,2,1,0.32368453399976715,0.303385,0.464765,0.23185
mpi,200000,2,2,0.32057076999990386,0.30341,0.464465,0.232125
mpi,200000,2,3,0.32319723699947644,0.30081,0.46566,0.23353
mpi,200000,2,4,0.3204709729998285,0.301935,0.46438,0.233685
mpi,200000,2,5,0.32359106700096163,0.300545,0.466355,0.2331
mpi,200000,3,0,0.32443396400049096,0.30117,0.464275,0.234555
mpi,200000,3,1,0.3239653639993776,0.301375,0.466075,0.23255
mpi,200000,3,2,0.32379746999868075,0.302235,0.464545,0.23322
mpi,200000,3,3,0.3323406920007983,0.300165,0.465975,0.23386
mpi,200000,3,4,0.3235388270004478,0.30198,0.46547,0.23255
mpi,200000,3,5,0.3238177219991485,0.301715,0.465595,0.23269
mpi,200000,4,0,0.3277198589985346,0.3001,0.46562,0.23428
mpi,200000,4,1,0.32845424200058915,0.301895,0.465925,0.23218
mpi,200000,4,2,0.32640219800123305,0.301905,0.4647,0.233395
mpi,200000,4,3,0.32898216899957333,0.301465,0.465385,0.23315
mpi,200000,4,4,0.3276865629995882,0.301595,0.46572,0.232685
mpi,200000,4,5,0.3319545020003716,0.302215,0.46607,0.231715
mpi,200000,5,0,0.32973305499945127,0.3012,0.46551,0.23329
mpi,200000,5,1,0.3295353419998719,0.30222,0.46575,0.23203
mpi,200000,5,2,0.33137960500062036,0.301505,0.46614,0.232355
mpi,200000,5,3,0.33147063899923523,0.302325,0.464835,0.23284
mpi,200000,5,4,0.3323412410009041,0.30243,0.464115,0.233455
mpi,200000,5,5,0.3281277489986678,0.30291,0.46562,0.23147
mpi,200000,6,0,0.3350697890000447,0.301215,0.466475,0.23231
mpi,200000,6,1,0.3369831560012244,0.303065,0.464575,0.23236
mpi,200000,6,2,0.3354434270004276,0.30235,0.46619,0.23146
mpi,200000,6,3,0.33175740399929055,0.30286,0.46467,0.23247
mpi,200000,6,4,0.33565842999996676,0.302145,0.46371,0.234145
mpi,200000,6,5,0.33588856300048064,0.303595,0.46501,0.231395
mpi,200000,7,0,0.34209035899948503,0.301785,0.46623,0.231985
mpi,200000,7,1,0.33997633699982543,0.303615,0.465265,0.23112
mpi,200000,7,2,0.3394168940012605,0.301475,0.465995,0.23253
mpi,200000,7,3,0.34033845200065116,0.30245,0.46433,0.23322
mpi,200000,7,4,0.33988934400076687,0.30195,0.46375,0.2343
mpi,200000,7,5,0.34368530299980193,0.30253,0.465415,0.232055
mpi,200000,8,0,0.34825483900021936,0.30127,0.466585,0.232145
mpi,200000,8,1,0.3436918009992951,0.30317,0.46549,0.23134
mpi,200000,8,2,0.347006825999415,0.3011,0.465705,0.233195
mpi,200000,8,3,0.3450480499996047,0.30258,0.464885,0.232535
mpi,200000,8,4,0.35032514600061404,0.30199,0.463485,0.234525
mpi,200000,8,5,0.34531997199883335,0.302965,0.464595,0.23244
mpi,200000,9,0,0.35127816400017764,0.302115,0.466055,0.23183
mpi,200000,9,1,0.3479738690002705,0.30235,0.465355,0.232295
mpi,200000,9,2,0.3483933869993052,0.3016,0.46507,0.23333
mpi,200000,9,3,0.35110084299958544,0.302295,0.46501,0.232695
mpi,200000,9,4,0.3485143079997215,0.301855,0.46389,0.234255
mpi,200000,9,5,0.3444716630001494,0.30262,0.46437,0.23301
mpi,200000,10,0,0.35305558499931067,0.30226,0.46597,0.23177
mpi,200000,10,1,0.3520096840002225,0.30275,0.465245,0.232005
mpi,200000,10,2,0.3524824090000038,0.302085,0.464405,0.23351
mpi,200000,10,3,0.3508038950003538,0.301755,0.465955,0.23229
mpi,200000,10,4,0.3489204300003621,0.302415,0.46412,0.233465
mpi,200000,10,5,0.3550059270000929,0.30269,0.464175,0.233135
mpi,200000,11,0,0.39124294000066584,0.30233,0.46502,0.23265
mpi,200000,11,1,0.3858772429994133,0.30291,0.46533,0.23176
mpi,200000,11,2,0.3900181089993566,0.30216,0.464665,0.233175
mpi,200000,11,3,0.38404397100021015,0.30177,0.465815,0.232415
mpi,200000,11,4,0.3872954430007667,0.302465,0.46388,0.233655
mpi,200000,11,5,0.39691833600045356,0.30226,0.46343,0.23431
mpi,200000,12,0,0.37477968799976225,0.30208,0.46517,0.23275
mpi,200000,12,1,0.4196022450014425,0.30258,0.4656,0.23182
mpi,200000,12,2,0.3918158680007764,0.30192,0.46462,0.23346
mpi,200000,12,3,0.38091076199998497,0.302135,0.46528,0.232585
mpi,200000,12,4,0.39984981899942795,0.302915,0.46317,0.233915
mpi,200000,12,5,0.3998340489997645,0.302355,0.46311,0.234535
mpi,400000,1,0,0.33931714100071986,0.3021475,0.4652225,0.23263
mpi,400000,1,1,0.34098433700091846,0.302245,0.4652525,0.2325025
mpi,400000,1,2,0.33949014200152305,0.30214,0.4648625,0.2329975
mpi,400000,1,3,0.33584381899891014,0.30183,0.46524,0.23293
mpi,400000,1,4,0.33576456400078314,0.3009575,0.465745,0.2332975
mpi,400000,1,5,0.33999717100050475,0.30021,0.466435,0.233355
mpi,400000,2,0,0.32851153400042676,0.3014825,0.4644775,0.23404
mpi,400000,2,1,0.32733861400083697,0.3029625,0.464485,0.2325525
mpi,400000,2,2,0.3305161610005598,0.3023275,0.46509,0.2325825
mpi,400000,2,3,0.3293327629999112,0.300985,0.465955,0.23306
mpi,400000,2,4,0.328386147000856,0.3012575,0.4649375,0.233805
mpi,400000,2,5,0.32784650800022064,0.3014025,0.465655,0.2329425
mpi,400000,3,0,0.3279358780000621,0.3017575,0.4647,0.2335425
mpi,400000,3,1,0.3350568050009315,0.3020875,0.4653075,0.232605
mpi,400000,3,2,0.33690201500030525,0.3027275,0.46448,0.2327925
mpi,400000,3,3,0.3271882099998038,0.3007675,0.4660825,0.23315
mpi,400000,3,4,0.33260893899932853,0.302,0.46539,0.23261
mpi,400000,3,5,0.33108841300054337,0.30173,0.4657025,0.2325675
mpi,400000,4,0,0.3306659429999854,0.30152,0.464865,0.233615
mpi,400000,4,1,0.3311057030005031,0.3020775,0.4652575,0.232665
mpi,400000,4,2,0.3325980859990523,0.3026575,0.46423,0.2331125
mpi,400000,4,3,0.3359965679992456,0.301225,0.4660925,0.2326825
mpi,400000,4,4,0.33124433100056194,0.302085,0.4649725,0.2329425
mpi,400000,4,5,0.33177243400132284,0.3018325,0.465525,0.2326425
mpi,400000,5,0,0.33939314000053855,0.3011075,0.4658475,0.233045
mpi,400000,5,1,0.3359639039990725,0.3021475,0.4652475,0.232605
mpi,400000,5,2,0.3364564050007175,0.3025475,0.4648075,0.232645
mpi,400000,5,3,0.3350408129990683,0.30087,0.4663125,0.2328175
mpi,400000,5,4,0.33664277600109926,0.3023675,0.46471,0.2329225
mpi,400000,5,5,0.3356816549985524,0.3017775,0.465725,0.2324975
mpi,400000,6,0,0.3397847099986393,0.3012675,0.4658175,0.232915
mpi,400000,6,1,0.3391687679995812,0.3021825,0.4649425,0.232875
mpi,400000,6,2,0.33972567999990133,0.3024375,0.465175,0.2323875
mpi,400000,6,3,0.3408626260006713,0.3014525,0.46571,0.2328375
mpi,400000,6,4,0.3396352109994041,0.3014525,0.46574,0.2328075
mpi,400000,6,5,0.3392084999995859,0.301815,0.4662675,0.2319175
mpi,400000,7,0,0.3435292700014543,0.3007825,0.465905,0.2333125
mpi,400000,7,1,0.3414461129996198,0.30191,0.46525,0.23284
mpi,400000,7,2,0.34429453799930343,0.3018675,0.465285,0.2328475
mpi,400000,7,3,0.34194462500090594,0.3015175,0.46565,0.2328325
mpi,400000,7,4,0.3457427760004066,0.301415,0.46536,0.233225
mpi,400000,7,5,0.33805021599982865,0.301845,0.466895,0.23126
mpi,400000,8,0,0.3435301810004603,0.300255,0.466775,0.23297
mpi,400000,8,1,0.3483174089997192,0.3023425,0.4652125,0.232445
mpi,400000,8,2,0.3476153159990645,0.3016425,0.4656575,0.2327
mpi,400000,8,3,0.3473204160000023,0.3019175,0.46555,0.2325325
mpi,400000,8,4,0.3492728380006156,0.3016225,0.46504,0.2333375
mpi,400000,8,5,0.3516279180003039,0.30168,0.466465,0.231855
mpi,400000,9,0,0.3518956710013299,0.3009575,0.46621,0.2328325
mpi,400000,9,1,0.3521631899984641,0.3028725,0.464595,0.2325325
mpi,400000,9,2,0.34883072700176854,0.3015975,0.46585,0.2325525
mpi,400000,9,3,0.3558619640007237,0.302275,0.46513,0.232595
mpi,400000,9,4,0.34717901700059883,0.3016275,0.46475,0.2336225
mpi,400000,9,5,0.3564524449993769,0.3018475,0.4659575,0.232195
mpi,400000,10,0,0.3608717210008763,0.3012325,0.4659275,0.23284
mpi,400000,10,1,0.35498043699953996,0.3026275,0.46461,0.2327625
mpi,400000,10,2,0.355542883000453,0.301605,0.46599,0.232405
mpi,400000,10,3,0.3613055030000396,0.3024325,0.4651475,0.23242
mpi,400000,10,4,0.3545232529995701,0.3016625,0.464515,0.2338225
mpi,400000,10,5,0.35769589400115365,0.301985,0.465755,0.23226
mpi,400000,11,0,0.38861191700016207,0.30176,0.46526,0.23298
mpi,400000,11,1,0.37099719300022116,0.3028425,0.4644,0.2327575
mpi,400000,11,2,0.3829726969997864,0.301935,0.465665,0.2324
mpi,400000,11,3,0.39276857300137635,0.3025725,0.4648975,0.23253
mpi,400000,11,4,0.3758133100000123,0.3016,0.4645225,0.2338775
mpi,400000,11,5,0.40001289500105486,0.302255,0.4649975,0.2327475
mpi,400000,12,0,0.38390366100065876,0.301665,0.465265,0.23307
mpi,400000,12,1,0.39584307499899296,0.3028675,0.4645275,0.232605
mpi,400000,12,2,0.39168802100175526,0.3017275,0.4659375,0.232335
mpi,400000,12,3,0.38410561199998483,0.3028075,0.4646125,0.23258
mpi,400000,12,4,0.3874125570000615,0.3016775,0.4644525,0.23387
mpi,400000,12,5,0.4000156849997438,0.3023925,0.464915,0.2326925
mpi,800000,1,0,0.3600172749993362,0.302055,0.465475,0.23247
mpi,800000,1,1,0.3636099630002718,0.302545,0.46566625,0.23178875
mpi,800000,1,2,0.3686835690004955,0.30242,0.46414875,0.23343125
mpi,800000,1,3,0.36345955800061347,0.30171625,0.46583,0.23245375
mpi,800000,1,4,0.36418321000019205,0.3007925,0.4657075,0.2335
mpi,800000,1,5,0.3636393480010156,0.30113125,0.4656725,0.23319625
mpi,800000,2,0,0.3391087449999759,0.301325,0.465005,0.23367
mpi,800000,2,1,0.33999751600094896,0.30266375,0.46493625,0.2324
mpi,800000,2,2,0.3407078130003356,0.301635,0.46560125,0.23276375
mpi,800000,2,3,0.3397395329993742,0.30125125,0.46568,0.23306875
mpi,800000,2,4,0.33993301699956646,0.30083,0.4653275,0.2338425
mpi,800000,2,5,0.3394016689999262,0.30122875,0.4655,0.23327125
mpi,800000,3,0,0.33635889799916185,0.3015225,0.4655325,0.232945
mpi,800000,3,1,0.3374474520005606,0.302235,0.465295,0.23247
mpi,800000,3,2,0.3372603399984655,0.30214375,0.4649425,0.23291375
mpi,800000,3,3,0.3361420189994533,0.30111,0.466005,0.232885
mpi,800000,3,4,0.3405281320010545,0.302265,0.46491875,0.23281625
mpi,800000,3,5,0.33989489499981573,0.302015,0.4653025,0.2326825
mpi,800000,4,0,0.3403099459992518,0.30128875,0.46521625,0.233495
mpi,800000,4,1,0.34088710700052616,0.302545,0.46487875,0.23257625
mpi,800000,4,2,0.33846436299972993,0.3017025,0.465075,0.2332225
mpi,800000,4,3,0.33928910800023004,0.3010675,0.465975,0.2329575
mpi,800000,4,4,0.3420531480005593,0.301725,0.46527875,0.23299625
mpi,800000,4,5,0.33420088899947586,0.30212125,0.46488375,0.232995
mpi,800000,5,0,0.33844090700040397,0.3013725,0.4654275,0.2332
mpi,800000,5,1,0.3374920269998256,0.3025575,0.46489625,0.23254625
mpi,800000,5,2,0.34324032699987583,0.30215875,0.46515875,0.2326825
mpi,800000,5,3,0.34161040900107764,0.30090375,0.4663525,0.23274375
mpi,800000,5,4,0.3421083630000794,0.30222,0.465145,0.232635
mpi,800000,5,5,0.339217175000158,0.3016575,0.46546,0.2328825
mpi,800000,6,0,0.3388421469990135,0.301785,0.46549625,0.23271875
mpi,800000,6,1,0.3457490509990748,0.30225125,0.46454375,0.233205
mpi,800000,6,2,0.3439705450000474,0.30257625,0.4652025,0.23222125
mpi,800000,6,3,0.341439193000042,0.3013975,0.466325,0.2322775
mpi,800000,6,4,0.34176506599942513,0.30181625,0.46574625,0.2324375
mpi,800000,6,5,0.3423650969998562,0.3013325,0.46612,0.2325475
mpi,800000,7,0,0.3521289929994964,0.301345,0.466095,0.23256
mpi,800000,7,1,0.34550943700014614,0.30258625,0.46448875,0.232925
mpi,800000,7,2,0.34471842399943853,0.30248625,0.46516875,0.232345
mpi,800000,7,3,0.34543385799952375,0.30135125,0.46628375,0.232365
mpi,800000,7,4,0.34293081299983896,0.30191375,0.46540875,0.2326775
mpi,800000,7,5,0.3453095430013491,0.30071125,0.46671,0.23257875
mpi,800000,8,0,0.3544057619983505,0.30142875,0.46616,0.23241125
mpi,800000,8,1,0.346109845000683,0.30233375,0.46458625,0.23308
mpi,800000,8,2,0.35156075499980943,0.3018525,0.46552375,0.23262375
mpi,800000,8,3,0.3494958619994577,0.30142625,0.4660425,0.23253125
mpi,800000,8,4,0.35073431500131846,0.3021975,0.46484,0.2329625
mpi,800000,8,5,0.34741386600035185,0.30114,0.46600375,0.23285625
mpi,800000,9,0,0.35604360700017423,0.301475,0.46593125,0.23259375
mpi,800000,9,1,0.3513964579997264,0.302645,0.4645025,0.2328525
mpi,800000,9,2,0.3527318489996105,0.30205375,0.4652175,0.23272875
mpi,800000,9,3,0.35034415399968566,0.30143875,0.465575,0.23298625
mpi,800000,9,4,0.3493013320003229,0.3020875,0.46508875,0.23282375
mpi,800000,9,5,0.3561344889985776,0.3011375,0.46590125,0.23296125
mpi,800000,10,0,0.35173587200006295,0.3011475,0.466165,0.2326875
mpi,800000,10,1,0.3608644630003255,0.30248625,0.46480125,0.2327125
mpi,800000,10,2,0.36000007999973604,0.30205,0.46543625,0.23251375
mpi,800000,10,3,0.35573760099941865,0.30163,0.46566125,0.23270875
mpi,800000,10,4,0.3604097730003559,0.3018075,0.46522,0.2329725
mpi,800000,10,5,0.35551129799932824,0.30147125,0.4656675,0.23286125
mpi,800000,11,0,0.380847750000612,0.3014175,0.4656125,0.23297
mpi,800000,11,1,0.3869993099997373,0.3026275,0.4647825,0.23259
mpi,800000,11,2,0.38172759799999767,0.30219375,0.46539875,0.2324075
mpi,800000,11,3,0.3983775060005428,0.30172,0.4656175,0.2326625
mpi,800000,11,4,0.3962579069993808,0.3017225,0.4653575,0.23292
mpi,800000,11,5,0.384499842999503,0.30144,0.4657,0.23286
mpi,800000,12,0,0.39552363400071044,0.3011375,0.46576125,0.23310125
mpi,800000,12,1,0.4242363800003659,0.302285,0.465195,0.23252
mpi,800000,12,2,0.3995632360001764,0.30178,0.4655375,0.2326825
mpi,800000,12,3,0.40355297999849427,0.30193375,0.46530625,0.23276
mpi,800000,12,4,0.40142578900122317,0.3016475,0.465575,0.2327775
mpi,800000,12,5,0.4030021830003534,0.30170875,0.4656475,0.23264375
mpi,1600000,1,0,0.4081441210000776,0.30205188,0.46525688,0.23269125
mpi,1600000,1,1,0.40789319000032265,0.30189625,0.46593375,0.23217
mpi,1600000,1,2,0.40775916799975676,0.30236438,0.46446437,0.23317125
mpi,1600000,1,3,0.41193539000050805,0.3022875,0.465425,0.2322875
mpi,1600000,1,4,0.4125598659993557,0.30135375,0.46535312,0.23329312
mpi,1600000,1,5,0.4109275489990978,0.30166,0.46555812,0.23278187
mpi,1600000,2,0,0.3872139070008416,0.30173125,0.46534813,0.23292062
mpi,1600000,2,1,0.36792605799928424,0.30258875,0.46537125,0.23204
mpi,1600000,2,2,0.3684475649988599,0.30193063,0.4651375,0.23293188
mpi,1600000,2,3,0.36702964500000235,0.3015125,0.465845,0.2326425
mpi,1600000,2,4,0.3641833180008689,0.30108187,0.46547187,0.23344625
mpi,1600000,2,5,0.36447784600022715,0.30158313,0.46549125,0.23292562
mpi,1600000,3,0,0.35468406499967386,0.30160313,0.46565125,0.23274563
mpi,1600000,3,1,0.35634732200014696,0.3026325,0.46545625,0.23191125
mpi,1600000,3,2,0.3561693709998508,0.30180875,0.46493563,0.23325562
mpi,1600000,3,3,0.35572928299916384,0.3012075,0.46612687,0.23266562
mpi,1600000,3,4,0.3551441319996229,0.301445,0.46567313,0.23288187
mpi,1600000,3,5,0.3517846159993496,0.30173125,0.46533625,0.2329325
mpi,1600000,4,0,0.35295426799893903,0.3012925,0.46566062,0.23304687
mpi,1600000,4,1,0.35499097899992194,0.30246,0.46516937,0.23237062
mpi,1600000,4,2,0.352106537000509,0.3013375,0.46542875,0.23323375
mpi,1600000,4,3,0.3530009730002348,0.30153625,0.46580938,0.23265437
mpi,1600000,4,4,0.35870675099977234,0.30160938,0.46548125,0.23290938
mpi,1600000,4,5,0.3562399190013821,0.30184,0.4650075,0.2331525
mpi,1600000,5,0,0.35694988400064176,0.30164062,0.46559375,0.23276563
mpi,1600000,5,1,0.3544639270003245,0.30208062,0.46525563,0.23266375
mpi,1600000,5,2,0.3580134959993302,0.3015125,0.46518437,0.23330313
mpi,1600000,5,3,0.34969087399986165,0.30155625,0.4658175,0.23262625
mpi,1600000,5,4,0.3473076509999373,0.30217625,0.46504187,0.23278187
mpi,1600000,5,5,0.3470877629988536,0.30181938,0.46517562,0.233005
mpi,1600000,6,0,0.3531709020007838,0.3018325,0.46562188,0.23254563
mpi,1600000,6,1,0.3499492619994271,0.3020375,0.46515625,0.23280625
mpi,1600000,6,2,0.35611812499882944,0.30176063,0.4654825,0.23275688
mpi,1600000,6,3,0.35746876299890573,0.30174625,0.46607125,0.2321825
mpi,1600000,6,4,0.35528015900126775,0.30199625,0.46507938,0.23292437
mpi,1600000,6,5,0.3585643410006014,0.30160188,0.46553187,0.23286625
mpi,1600000,7,0,0.3578433879993099,0.30162062,0.46584687,0.2325325
mpi,1600000,7,1,0.35431550099929154,0.30211875,0.46523375,0.2326475
mpi,1600000,7,2,0.35368935100086674,0.30175937,0.46553937,0.23270125
mpi,1600000,7,3,0.3541088830006629,0.30146875,0.46616687,0.23236438
mpi,1600000,7,4,0.3555823970000347,0.30211063,0.46493125,0.23295812
mpi,1600000,7,5,0.35778209999989485,0.30147438,0.46564312,0.2328825
mpi,1600000,8,0,0.35639542000171787,0.30167375,0.46595188,0.23237437
mpi,1600000,8,1,0.3551237659994513,0.30226125,0.46512562,0.23261313
mpi,1600000,8,2,0.36029066600167425,0.30151875,0.46579625,0.232685
mpi,1600000,8,3,0.3595452360004856,0.30143562,0.46619187,0.2323725
mpi,1600000,8,4,0.35648687399952905,0.30192,0.46514187,0.23293812
mpi,1600000,8,5,0.36374331600018195,0.30138687,0.46553813,0.233075
mpi,1600000,9,0,0.36147141400033433,0.30140937,0.46593563,0.232655
mpi,1600000,9,1,0.3626637529996515,0.30229688,0.4649825,0.23272062
mpi,1600000,9,2,0.3609413520007365,0.30162312,0.46574562,0.23263125
mpi,1600000,9,3,0.36349334999977145,0.30152563,0.46590562,0.23256875
mpi,1600000,9,4,0.3635499250012799,0.302125,0.46520438,0.23267062
mpi,1600000,9,5,0.36072824000075343,0.30149437,0.46552437,0.23298125
mpi,1600000,10,0,0.3650192439999955,0.30154125,0.4658825,0.23257625
mpi,1600000,10,1,0.3673706209992815,0.30238813,0.46493375,0.23267813
mpi,1600000,10,2,0.36300679099986155,0.30170063,0.46586875,0.23243063
mpi,1600000,10,3,0.3645690070006822,0.30151563,0.46578188,0.2327025
mpi,1600000,10,4,0.3676994069992361,0.30216938,0.46528375,0.23254687
mpi,1600000,10,5,0.36763337400043383,0.30158625,0.46569875,0.232715
mpi,1600000,11,0,0.3986039619994699,0.30152563,0.46587937,0.232595
mpi,1600000,11,1,0.3914006760005577,0.30239125,0.46490813,0.23270062
mpi,1600000,11,2,0.3889625330011768,0.30185688,0.46559312,0.23255
mpi,1600000,11,3,0.39532350300032704,0.30163875,0.4655975,0.23276375
mpi,1600000,11,4,0.39214066800013825,0.30176562,0.465545,0.23268938
mpi,1600000,11,5,0.3808020470005431,0.3015925,0.46579312,0.23261438
mpi,1600000,12,0,0.41192299100111995,0.30148562,0.4659975,0.23251688
mpi,1600000,12,1,0.4034607159992447,0.302115,0.46498812,0.23289688
mpi,1600000,12,2,0.3833852690004278,0.30182562,0.46564875,0.23252563
mpi,1600000,12,3,0.3918426920008642,0.30143562,0.46579813,0.23276625
mpi,1600000,12,4,0.40802910400088876,0.301855,0.46542625,0.23271875
mpi,1600000,12,5,0.39598750799996196,0.30174688,0.46579938,0.23245375
mpi,3200000,1,0,0.5036198010002408,0.30188219,0.46519625,0.23292156
mpi,3200000,1,1,0.5079638930001238,0.30166562,0.46626469,0.23206969
mpi,3200000,1,2,0.5080629229996703,0.30199531,0.46506938,0.23293531
mpi,3200000,1,3,0.5194263690009393,0.3015975,0.46569531,0.23270719
mpi,3200000,1,4,0.5042864099996223,0.30161594,0.46577344,0.23261062
mpi,3200000,1,5,0.5078559400008089,0.30189813,0.46541594,0.23268594
mpi,3200000,2,0,0.4163227490007557,0.3018875,0.46538281,0.23272969
mpi,3200000,2,1,0.41563543299889716,0.30183031,0.46597531,0.23219438
mpi,3200000,2,2,0.4115719560013531,0.30209656,0.46507,0.23283344
mpi,3200000,2,3,0.412304581999706,0.30197406,0.46535031,0.23267562
mpi,3200000,2,4,0.4118911309997202,0.30152406,0.46548375,0.23299219
mpi,3200000,2,5,0.4201456689988845,0.30185125,0.46547594,0.23267281
mpi,3200000,3,0,0.38482940399990184,0.30174688,0.46580875,0.23244438
mpi,3200000,3,1,0.38800454100055504,0.30240312,0.46583594,0.23176094
mpi,3200000,3,2,0.38776873599999817,0.30195125,0.46514437,0.23290437
mpi,3200000,3,3,0.3886953099990933,0.30184719,0.46554594,0.23260687
mpi,3200000,3,4,0.3866273350013216,0.30163812,0.4656225,0.23273937
mpi,3200000,3,5,0.3880515729997569,0.3018475,0.46526469,0.23288781
mpi,3200000,4,0,0.3759396559999004,0.3016175,0.46592031,0.23246219
mpi,3200000,4,1,0.3762192739995953,0.30246563,0.46553719,0.23199719
mpi,3200000,4,2,0.3757944230001158,0.30176531,0.46513656,0.23309812
mpi,3200000,4,3,0.3741474569997081,0.30189656,0.46567531,0.23242813
mpi,3200000,4,4,0.3727013990010164,0.30152937,0.46554031,0.23293031
mpi,3200000,4,5,0.3718667220000498,0.30193031,0.465135,0.23293469
mpi,3200000,5,0,0.376242104000994,0.30163969,0.46589875,0.23246156
mpi,3200000,5,1,0.36796464399958495,0.30230125,0.46554969,0.23214906
mpi,3200000,5,2,0.3671910539997043,0.30150906,0.46533625,0.23315469
mpi,3200000,5,3,0.36979899700054375,0.30173062,0.46576156,0.23250781
mpi,3200000,5,4,0.3700255099993228,0.30168062,0.46557125,0.23274813
mpi,3200000,5,5,0.3684689210003853,0.30186656,0.46508688,0.23304656
mpi,3200000,6,0,0.3698522809991118,0.30187812,0.46566344,0.23245844
mpi,3200000,6,1,0.3690584569994826,0.3022325,0.46535031,0.23241719
mpi,3200000,6,2,0.3737988110005972,0.30138125,0.46556219,0.23305656
mpi,3200000,6,3,0.36732966199997463,0.30188531,0.46589094,0.23222375
mpi,3200000,6,4,0.3766828930001793,0.30170344,0.46545281,0.23284375
mpi,3200000,6,5,0.36678792299971974,0.30169406,0.46541938,0.23288656
mpi,3200000,7,0,0.3682739389987546,0.30189813,0.46556,0.23254188
mpi,3200000,7,1,0.3760108959995705,0.30220406,0.46535469,0.23244125
mpi,3200000,7,2,0.36718727399966156,0.30146625,0.46575219,0.23278156
mpi,3200000,7,3,0.36738932299886073,0.30186438,0.46590781,0.23222781
mpi,3200000,7,4,0.3683031970012962,0.30180375,0.46541688,0.23277938
mpi,3200000,7,5,0.3683464890000323,0.30146031,0.46556406,0.23297562
mpi,3200000,8,0,0.37084933599908254,0.30190719,0.46568219,0.23241063
mpi,3200000,8,1,0.37036435900154174,0.30228344,0.46525406,0.2324625
mpi,3200000,8,2,0.3681960829999298,0.30104125,0.46609906,0.23285969
mpi,3200000,8,3,0.37241542100127845,0.30177906,0.46592031,0.23230063
mpi,3200000,8,4,0.3677583359985874,0.30182844,0.46531406,0.2328575
mpi,3200000,8,5,0.3719560779991298,0.30125375,0.46553219,0.23321406
mpi,3200000,9,0,0.37107568299870763,0.30202875,0.46542813,0.23254312
mpi,3200000,9,1,0.37155838900071103,0.30222625,0.46514875,0.232625
mpi,3200000,9,2,0.37180740800067724,0.30135062,0.46573844,0.23291094
mpi,3200000,9,3,0.37267484400035755,0.30170188,0.46576406,0.23253406
mpi,3200000,9,4,0.3711973499994201,0.30188281,0.46538094,0.23273625
mpi,3200000,9,5,0.37265275200115866,0.30143844,0.46540375,0.23315781
mpi,3200000,10,0,0.38427543100078765,0.30199344,0.46551094,0.23249563
mpi,3200000,10,1,0.37836634799896274,0.30206937,0.4652575,0.23267313
mpi,3200000,10,2,0.3770303250003053,0.30152594,0.46565563,0.23281844
mpi,3200000,10,3,0.3795392600004561,0.30195563,0.4655275,0.23251688
mpi,3200000,10,4,0.37604205400020874,0.30206719,0.46520375,0.23272906
mpi,3200000,10,5,0.37591884099856543,0.30154344,0.46554969,0.23290688
mpi,3200000,11,0,0.39667530800034,0.30197125,0.46553531,0.23249344
mpi,3200000,11,1,0.4047888900004182,0.30215469,0.46531906,0.23252625
mpi,3200000,11,2,0.4149649209994095,0.3016075,0.46576937,0.23262312
mpi,3200000,11,3,0.40342285899896524,0.30185125,0.465575,0.23257375
mpi,3200000,11,4,0.3921952179989603,0.30224125,0.46520625,0.2325525
mpi,3200000,11,5,0.41675268699873413,0.30158563,0.46554781,0.23286656
mpi,3200000,12,0,0.4162089060009748,0.30186812,0.46566844,0.23246344
mpi,3200000,12,1,0.39567017300032603,0.30187469,0.46560563,0.23251969
mpi,3200000,12,2,0.3955648190003558,0.30165188,0.46559719,0.23275094
mpi,3200000,12,3,0.40027174199894944,0.30185375,0.46552437,0.23262188
mpi,3200000,12,4,0.4080737420008518,0.30218438,0.46527,0.23254563
mpi,3200000,12,5,0.4240862089991424,0.30175969,0.46544094,0.23279938
mpi,6400000,1,0,0.7047801400003664,0.30172766,0.46577844,0.23249391
mpi,6400000,1,1,0.6997575069999584,0.30174797,0.46584969,0.23240234
mpi,6400000,1,2,0.6996874979995482,0.30191937,0.46516547,0.23291516
mpi,6400000,1,3,0.695972700999846,0.30190203,0.46536344,0.23273453
mpi,6400000,1,4,0.6984968419983488,0.30157937,0.46584844,0.23257219
mpi,6400000,1,5,0.697298809998756,0.30174156,0.46565812,0.23260031
mpi,6400000,2,0,0.512424058999386,0.30196047,0.46507359,0.23296594
mpi,6400000,2,1,0.5113956160002999,0.30168563,0.46598187,0.2323325
mpi,6400000,2,2,0.5078217280006356,0.30187234,0.46531422,0.23281344
mpi,6400000,2,3,0.507893261999925,0.30162062,0.46562297,0.23275641
mpi,6400000,2,4,0.5118336010000348,0.30183266,0.46535422,0.23281313
mpi,6400000,2,5,0.5117540449991793,0.30191625,0.46536109,0.23272266
mpi,6400000,3,0,0.4558078600002773,0.30187531,0.46558906,0.23253562
mpi,6400000,3,1,0.4504074180003954,0.30173109,0.46604219,0.23222672
mpi,6400000,3,2,0.45394804699935776,0.30188531,0.46526734,0.23284734
mpi,6400000,3,3,0.45492793999983405,0.30176406,0.46555797,0.23267797
mpi,6400000,3,4,0.452568765000251,0.30173672,0.46579375,0.23246953
mpi,6400000,3,5,0.45177013399916177,0.30171016,0.46545469,0.23283516
mpi,6400000,4,0,0.4238338519990066,0.30164375,0.46599969,0.23235656
mpi,6400000,4,1,0.42332363099922077,0.30185234,0.46591063,0.23223703
mpi,6400000,4,2,0.42344270100147696,0.30189938,0.46525187,0.23284875
mpi,6400000,4,3,0.4204662050015031,0.30183328,0.46561453,0.23255219
mpi,6400000,4,4,0.42445063299965113,0.30167516,0.46556969,0.23275516
mpi,6400000,4,5,0.42363249299887684,0.30187516,0.46539938,0.23272547
mpi,6400000,5,0,0.40814002899969637,0.301595,0.46594062,0.23246438
mpi,6400000,5,1,0.40827875200011476,0.30199016,0.46584359,0.23216625
mpi,6400000,5,2,0.40711794500020915,0.30178641,0.46522594,0.23298766
mpi,6400000,5,3,0.41008705200147233,0.30186969,0.46569344,0.23243687
mpi,6400000,5,4,0.4148046679983963,0.30163344,0.46553,0.23283656
mpi,6400000,5,5,0.40787358799934736,0.30185781,0.46524609,0.23289609
mpi,6400000,6,0,0.4023851879992435,0.30178203,0.46581,0.23240797
mpi,6400000,6,1,0.4036041669987753,0.30214078,0.46562375,0.23223547
mpi,6400000,6,2,0.4007535730015661,0.30164641,0.4653475,0.23300609
mpi,6400000,6,3,0.4025627989994973,0.30193469,0.46570594,0.23235938
mpi,6400000,6,4,0.400177650999467,0.30171797,0.46531266,0.23296938
mpi,6400000,6,5,0.40375194100124645,0.30176734,0.46535156,0.23288109
mpi,6400000,7,0,0.39582153000083053,0.30175344,0.46578188,0.23246469
mpi,6400000,7,1,0.41249787000015203,0.30205984,0.46566687,0.23227328
mpi,6400000,7,2,0.405192521000572,0.30167906,0.46547563,0.23284531
mpi,6400000,7,3,0.39610474499932025,0.30195734,0.46582187,0.23222078
mpi,6400000,7,4,0.40159598299942445,0.30171891,0.46536547,0.23291562
mpi,6400000,7,5,0.39626662800037593,0.30167516,0.46545016,0.23287469
mpi,6400000,8,0,0.39826162900135387,0.30178172,0.46585312,0.23236516
mpi,6400000,8,1,0.39881100400089053,0.30213594,0.46558719,0.23227687
mpi,6400000,8,2,0.3967434910009615,0.30152406,0.46561266,0.23286328
mpi,6400000,8,3,0.40821293000044534,0.30190109,0.46583391,0.232265
mpi,6400000,8,4,0.3943828390001727,0.30164875,0.46545734,0.23289391
mpi,6400000,8,5,0.40081737199943746,0.30162219,0.46537859,0.23299922
mpi,6400000,9,0,0.4099771220007824,0.30186297,0.46571875,0.23241828
mpi,6400000,9,1,0.39955501800068305,0.30226297,0.46534156,0.23239547
mpi,6400000,9,2,0.39527328700023645,0.30151422,0.46570609,0.23277969
mpi,6400000,9,3,0.3981793879993347,0.3019175,0.46577047,0.23231203
mpi,6400000,9,4,0.4007948140006192,0.30160844,0.46563703,0.23275453
mpi,6400000,9,5,0.40447675900031754,0.30155437,0.46529953,0.23314609
mpi,6400000,10,0,0.4088458869991882,0.30190438,0.46570797,0.23238766
mpi,6400000,10,1,0.41158088200063503,0.30226172,0.46536172,0.23237656
mpi,6400000,10,2,0.4123624519997975,0.30146078,0.46582828,0.23271094
mpi,6400000,10,3,0.4109059629990952,0.30196,0.46568172,0.23235828
mpi,6400000,10,4,0.40025696700104163,0.30176766,0.46550844,0.23272391
mpi,6400000,10,5,0.4032918499997322,0.30163328,0.46538906,0.23297766
mpi,6400000,11,0,0.4201426290001109,0.30178031,0.46576688,0.23245281
mpi,6400000,11,1,0.4318380789991352,0.30219016,0.46545484,0.232355
mpi,6400000,11,2,0.4195380909986852,0.30149984,0.46578594,0.23271422
mpi,6400000,11,3,0.42403775900129403,0.30193359,0.46552953,0.23253688
mpi,6400000,11,4,0.43196748300033505,0.30174703,0.46564203,0.23261094
mpi,6400000,11,5,0.4315678709990607,0.30159812,0.46546297,0.23293891
mpi,6400000,12,0,0.44733696700131986,0.30190312,0.46557047,0.23252641
mpi,6400000,12,1,0.43706019400087825,0.30203891,0.46551625,0.23244484
mpi,6400000,12,2,0.44040409500121314,0.30144344,0.46569172,0.23286484
mpi,6400000,12,3,0.4457240350002394,0.30191187,0.46547,0.23261813
mpi,6400000,12,4,0.42433262600025046,0.30180438,0.46559812,0.2325975
mpi,6400000,12,5,0.4320368869994127,0.30165,0.4654475,0.2329025
mpi,12800000,1,0,1.207906762998391,0.301795,0.46563547,0.23256953
mpi,12800000,1,1,1.07977695199952,0.30172148,0.46575703,0.23252148
mpi,12800000,1,2,1.0799323990013363,0.30182641,0.46551406,0.23265953
mpi,12800000,1,3,1.0840001739998115,0.30182195,0.46551336,0.23266469
mpi,12800000,1,4,1.115169386001071,0.30162875,0.46573578,0.23263547
mpi,12800000,1,5,1.0723445299991,0.30169859,0.4656532,0.2326482
mpi,12800000,2,0,0.7155748919994949,0.30178328,0.46551375,0.23270297
mpi,12800000,2,1,0.7119269459999487,0.30178063,0.46560375,0.23261562
mpi,12800000,2,2,0.7076303449994157,0.30180242,0.46542461,0.23277297
mpi,12800000,2,3,0.716057057999933,0.30178109,0.46548031,0.23273859
mpi,12800000,2,4,0.7041326929993375,0.30171047,0.46554656,0.23274297
mpi,12800000,2,5,0.7066825259989855,0.3017768,0.46565984,0.23256336
mpi,12800000,3,0,0.5840330170012749,0.30182211,0.46552594,0.23265195
mpi,12800000,3,1,0.5799448890011263,0.30176477,0.46580266,0.23243258
mpi,12800000,3,2,0.5788874209993082,0.30177289,0.46554398,0.23268312
mpi,12800000,3,3,0.580833039000936,0.3017082,0.46557711,0.23271469
mpi,12800000,3,4,0.5799186189997272,0.30170914,0.46575266,0.2325382
mpi,12800000,3,5,0.5879440270000487,0.3018032,0.46534273,0.23285406
mpi,12800000,4,0,0.5926064920004137,0.301795,0.46549141,0.23271359
mpi,12800000,4,1,0.5197144419998949,0.301735,0.46590945,0.23235555
mpi,12800000,4,2,0.5205091510015336,0.301805,0.46553008,0.23266492
mpi,12800000,4,3,0.5213835239992477,0.30166797,0.46563539,0.23269664
mpi,12800000,4,4,0.52164004900078,0.30175742,0.46564227,0.23260031
mpi,12800000,4,5,0.5324044860008144,0.3018693,0.46541406,0.23271664
mpi,12800000,5,0,0.4884342559998913,0.30174367,0.46561641,0.23263992
mpi,12800000,5,1,0.49402583300070546,0.30180398,0.46590406,0.23229195
mpi,12800000,5,2,0.4935545939988515,0.30177437,0.46543406,0.23279156
mpi,12800000,5,3,0.4886648600004264,0.30172172,0.46567875,0.23259953
mpi,12800000,5,4,0.49103053100043326,0.30173867,0.46563109,0.23263023
mpi,12800000,5,5,0.48497560400028306,0.30175977,0.46549281,0.23274742
mpi,12800000,6,0,0.47160302700103784,0.30183125,0.46562391,0.23254484
mpi,12800000,6,1,0.4801393320012721,0.30181094,0.46571742,0.23247164
mpi,12800000,6,2,0.4809312809993571,0.30171734,0.46547086,0.2328118
mpi,12800000,6,3,0.4778315930016106,0.30174438,0.46576828,0.23248734
mpi,12800000,6,4,0.4711989019997418,0.30185383,0.46547945,0.23266672
mpi,12800000,6,5,0.46553043000130856,0.30175516,0.46553297,0.23271188
mpi,12800000,7,0,0.4643055100004858,0.30185445,0.46552539,0.23262016
mpi,12800000,7,1,0.4630351929990866,0.30181883,0.46572586,0.23245531
mpi,12800000,7,2,0.46002543900067394,0.3017507,0.46542352,0.23282578
mpi,12800000,7,3,0.46318900199912605,0.30181547,0.46572375,0.23246078
mpi,12800000,7,4,0.461202480000793,0.30178516,0.46545219,0.23276266
mpi,12800000,7,5,0.4668592609996267,0.30177141,0.46549805,0.23273055
mpi,12800000,8,0,0.4535220469988417,0.30170141,0.46575227,0.23254633
mpi,12800000,8,1,0.44713578700066137,0.3019007,0.46571117,0.23238813
mpi,12800000,8,2,0.47077294300106587,0.30163859,0.46544281,0.23291859
mpi,12800000,8,3,0.45352408300095703,0.30183469,0.46567781,0.2324875
mpi,12800000,8,4,0.45984433500052546,0.30173398,0.46545188,0.23281414
mpi,12800000,8,5,0.45052383999973244,0.30182148,0.46546227,0.23271625
mpi,12800000,9,0,0.4544316739993519,0.30180219,0.46567883,0.23251898
mpi,12800000,9,1,0.44110015200021735,0.30196117,0.46561086,0.23242797
mpi,12800000,9,2,0.4559138980002899,0.30168008,0.46537633,0.23294359
mpi,12800000,9,3,0.45982042600007844,0.30185844,0.46566,0.23248156
mpi,12800000,9,4,0.4674909010009287,0.30171297,0.46549352,0.23279352
mpi,12800000,9,5,0.44818843600114633,0.30172883,0.46544406,0.23282711
mpi,12800000,10,0,0.445177720999709,0.30172875,0.465735,0.23253625
mpi,12800000,10,1,0.5118339359996753,0.30201039,0.46561047,0.23237914
mpi,12800000,10,2,0.45944844099904003,0.30159055,0.46557922,0.23283023
mpi,12800000,10,3,0.47383441800047876,0.3018525,0.46571297,0.23243453
mpi,12800000,10,4,0.4658688910003548,0.30172766,0.46546938,0.23280297
mpi,12800000,10,5,0.4640221059999021,0.30177164,0.46544734,0.23278102
mpi,12800000,11,0,0.48769251799967606,0.30176867,0.46570375,0.23252758
mpi,12800000,11,1,0.47173768000175187,0.30200984,0.46559133,0.23239883
mpi,12800000,11,2,0.4754360219994851,0.30166344,0.46557148,0.23276508
mpi,12800000,11,3,0.5012475460007408,0.30194453,0.46553883,0.23251664
mpi,12800000,11,4,0.47848619599972153,0.30173273,0.46554789,0.23271938
mpi,12800000,11,5,0.47787802800121426,0.30176078,0.46542727,0.23281195
mpi,12800000,12,0,0.48120058799941035,0.30185734,0.46570164,0.23244102
mpi,12800000,12,1,0.492176001000189,0.30192445,0.46555555,0.23252
mpi,12800000,12,2,0.4705921049990138,0.30171656,0.46550313,0.23278031
mpi,12800000,12,3,0.49634736299958604,0.30202781,0.46551094,0.23246125
mpi,12800000,12,4,0.49123335299918836,0.30172297,0.46563281,0.23264422
mpi,12800000,12,5,0.49331586999869614,0.30179422,0.46537125,0.23283453
mpi,25600000,1,0,1.8496637680000276,0.30177195,0.46562004,0.23260801
mpi,25600000,1,1,1.8676050640005997,0.30175563,0.46563727,0.23260711
mpi,25600000,1,2,1.8360984880000615,0.30181246,0.46546344,0.2327241
mpi,25600000,1,3,1.8478026259999751,0.30179113,0.46553254,0.23267633
mpi,25600000,1,4,1.8402465550007037,0.30172676,0.46564664,0.2326266
mpi,25600000,1,5,1.8598043870006222,0.3017652,0.4655966,0.2326382
mpi,25600000,2,0,1.096257428998797,0.30180469,0.46556406,0.23263125
mpi,25600000,2,1,1.0961377159983385,0.30176309,0.46566188,0.23257504
mpi,25600000,2,2,1.095356145999176,0.3018043,0.46550004,0.23269566
mpi,25600000,2,3,1.10410014000081,0.30178273,0.46549598,0.23272129
mpi,25600000,2,4,1.0996161040002335,0.30172027,0.4656157,0.23266402
mpi,25600000,2,5,1.1035355940002773,0.30172852,0.46564285,0.23262863
mpi,25600000,3,0,0.8397005389997503,0.30180645,0.46556227,0.23263129
mpi,25600000,3,1,0.8438953660006518,0.30174773,0.46565641,0.23259586
mpi,25600000,3,2,0.8479557730006491,0.30179926,0.46549219,0.23270855
mpi,25600000,3,3,0.8398251899998286,0.30173062,0.46552637,0.23274301
mpi,25600000,3,4,0.8392757530000381,0.30175336,0.46558832,0.23265832
mpi,25600000,3,5,0.8480840299998817,0.30176035,0.46562945,0.2326102
mpi,25600000,4,0,0.7155203869988327,0.3017318,0.46562348,0.23264473
mpi,25600000,4,1,0.8436544420001155,0.30177246,0.4656759,0.23255164
mpi,25600000,4,2,0.7192306189990632,0.30172898,0.46559609,0.23267492
mpi,25600000,4,3,0.7245870709994051,0.30175141,0.46550191,0.23274668
mpi,25600000,4,4,0.7245893760009494,0.30170281,0.46564457,0.23265262
mpi,25600000,4,5,0.7907005649994971,0.30178684,0.46561762,0.23259555
mpi,25600000,5,0,0.6557817419998173,0.30176906,0.46561539,0.23261555
mpi,25600000,5,1,0.6609267160001764,0.30177398,0.46568043,0.23254559
mpi,25600000,5,2,0.6929325209985109,0.30178512,0.46554828,0.2326666
mpi,25600000,5,3,0.652974897000604,0.30179922,0.46552387,0.23267691
mpi,25600000,5,4,0.6480238519998238,0.30173965,0.46563383,0.23262652
mpi,25600000,5,5,0.6936466530005418,0.301765,0.46554809,0.23268691
mpi,25600000,6,0,0.6232610639999621,0.3017927,0.46563961,0.2325677
mpi,25600000,6,1,0.6157278219998261,0.30178992,0.4656425,0.23256758
mpi,25600000,6,2,0.6941058989996236,0.30172473,0.46556266,0.23271262
mpi,25600000,6,3,0.6136639050000667,0.30169531,0.46566594,0.23263875
mpi,25600000,6,4,0.6117576640008338,0.30179465,0.46556902,0.23263633
mpi,25600000,6,5,0.6087384840011509,0.30176285,0.4655418,0.23269535
mpi,25600000,7,0,0.6541408280008909,0.30180543,0.46551656,0.23267801
mpi,25600000,7,1,0.5824410090008314,0.30173664,0.46571988,0.23254348
mpi,25600000,7,2,0.5818777029999183,0.30180277,0.46549141,0.23270582
mpi,25600000,7,3,0.6142270250002184,0.30173152,0.46566285,0.23260563
mpi,25600000,7,4,0.6330426839995198,0.30184953,0.46548816,0.2326623
mpi,25600000,7,5,0.5742244610009948,0.30177715,0.46548984,0.23273301
mpi,25600000,8,0,0.5624231539986795,0.30180023,0.46551285,0.23268691
mpi,25600000,8,1,0.5784973299996636,0.30175082,0.46572598,0.2325232
mpi,25600000,8,2,0.5924382709999918,0.30176602,0.46546676,0.23276723
mpi,25600000,8,3,0.5668693909992726,0.30171883,0.46570262,0.23257855
mpi,25600000,8,4,0.5560865980005474,0.30179746,0.46548922,0.23271332
mpi,25600000,8,5,0.5610609080013091,0.30182391,0.46543461,0.23274148
mpi,25600000,9,0,0.5759352599998238,0.30183938,0.46548617,0.23267445
mpi,25600000,9,1,0.5481690420001541,0.30179004,0.46571895,0.23249102
mpi,25600000,9,2,0.5754593050005496,0.3017627,0.46545527,0.23278203
mpi,25600000,9,3,0.5801646769996296,0.30176301,0.46561559,0.23262141
mpi,25600000,9,4,0.583611996999025,0.3017457,0.46550043,0.23275387
mpi,25600000,9,5,0.5766690389991709,0.3017948,0.46549414,0.23271105
mpi,25600000,10,0,0.5751042520005285,0.30184047,0.46552059,0.23263895
mpi,25600000,10,1,0.5740715350002574,0.30185996,0.46563957,0.23250047
mpi,25600000,10,2,0.5494978019996779,0.30173668,0.46552227,0.23274105
mpi,25600000,10,3,0.5562018049986364,0.30176613,0.46561047,0.2326234
mpi,25600000,10,4,0.5517472410010669,0.3017941,0.46549266,0.23271324
mpi,25600000,10,5,0.5650029759999597,0.30174543,0.46553031,0.23272426
mpi,25600000,11,0,0.5571415100002923,0.30183199,0.46548961,0.2326784
mpi,25600000,11,1,0.5839875380006561,0.30187773,0.46555738,0.23256488
mpi,25600000,11,2,0.5719274019993463,0.30176254,0.46552691,0.23271055
mpi,25600000,11,3,0.5599939519997861,0.30177988,0.46555484,0.23266527
mpi,25600000,11,4,0.5831317209995177,0.30179668,0.4655209,0.23268242
mpi,25600000,11,5,0.5922536250000121,0.30176043,0.46550359,0.23273598
mpi,25600000,12,0,0.5715973879996454,0.30186988,0.46553312,0.23259699
mpi,25600000,12,1,0.5714370370005781,0.30185316,0.46552719,0.23261965
mpi,25600000,12,2,0.5674101730000984,0.30176469,0.46549527,0.23274004
mpi,25600000,12,3,0.5847766429997137,0.30180078,0.46558621,0.23261301
mpi,25600000,12,4,0.583669211000597,0.3017566,0.46559504,0.23264836
mpi,25600000,12,5,0.5886269000002358,0.30176566,0.46551395,0.23272039
mpi,51200000,1,0,3.360068287998729,0.30178377,0.46558748,0.23262875
mpi,51200000,1,1,3.4034957790008775,0.30176156,0.46560391,0.23263453
mpi,51200000,1,2,3.376185302999147,0.30178383,0.46554812,0.23266805
mpi,51200000,1,3,3.3994342449987016,0.30178057,0.465564,0.23265543
mpi,51200000,1,4,3.3723383659998944,0.30174211,0.46561287,0.23264502
mpi,51200000,1,5,3.343303419998847,0.30175457,0.46559527,0.23265016
mpi,51200000,2,0,1.8641363389997423,0.30178572,0.46555398,0.23266029
mpi,51200000,2,1,1.872286420999444,0.30176807,0.46558086,0.23265107
mpi,51200000,2,2,2.104278916000112,0.30177811,0.46552783,0.23269406
mpi,51200000,2,3,1.8917639199989935,0.30177285,0.46555029,0.23267686
mpi,51200000,2,4,1.8678728319991933,0.30176199,0.46556785,0.23267016
mpi,51200000,2,5,1.8754383709983813,0.30177895,0.46559387,0.23262719
mpi,51200000,3,0,1.3759568280001986,0.30177447,0.46554758,0.23267795
mpi,51200000,3,1,1.3680311600001005,0.30176836,0.46557988,0.23265176
mpi,51200000,3,2,1.3641616479999357,0.30178258,0.46557791,0.23263951
mpi,51200000,3,3,1.3759918449995894,0.30178822,0.46553844,0.23267334
mpi,51200000,3,4,1.3626954490009666,0.30175299,0.46558389,0.23266312
mpi,51200000,3,5,1.3769474369983072,0.30175994,0.46557516,0.2326649
mpi,51200000,4,0,1.1074636530011048,0.30177221,0.46557943,0.23264836
mpi,51200000,4,1,1.124722832999396,0.30174793,0.46567881,0.23257326
mpi,51200000,4,2,1.1158181930004503,0.30175918,0.46554166,0.23269916
mpi,51200000,4,3,1.1073872340002708,0.30180291,0.46550461,0.23269248
mpi,51200000,4,4,1.1402819230006571,0.30173676,0.46559559,0.23266766
mpi,51200000,4,5,1.3494714250009565,0.30176234,0.46553908,0.23269857
mpi,51200000,5,0,0.9680794089999836,0.3017377,0.4655982,0.2326641
mpi,51200000,5,1,0.9762858869999036,0.30179668,0.46561434,0.23258898
mpi,51200000,5,2,0.9722654340002919,0.30176096,0.46556035,0.23267869
mpi,51200000,5,3,0.9718511220016808,0.3017841,0.46547143,0.23274447
mpi,51200000,5,4,0.9992758480002522,0.30174879,0.46562896,0.23262225
mpi,51200000,5,5,1.0979264180004975,0.30177705,0.46554516,0.23267779
mpi,51200000,6,0,1.0118707880010334,0.30178125,0.46559666,0.23262209
mpi,51200000,6,1,0.8849567430006573,0.30177406,0.46562004,0.2326059
mpi,51200000,6,2,0.8801929979999841,0.30174482,0.46552744,0.23272773
mpi,51200000,6,3,1.080385851999381,0.3017499,0.46555625,0.23269385
mpi,51200000,6,4,1.004910022000331,0.30177893,0.46554359,0.23267748
mpi,51200000,6,5,0.9610388309993141,0.3017793,0.46555025,0.23267045
mpi,51200000,7,0,0.9711463419989741,0.30176336,0.46557822,0.23265842
mpi,51200000,7,1,0.909834502999729,0.3017957,0.46559418,0.23261012
mpi,51200000,7,2,0.8854680719996395,0.30179371,0.46550086,0.23270543
mpi,51200000,7,3,0.9626717579994875,0.30180176,0.46553051,0.23266773
mpi,51200000,7,4,0.8707821110001532,0.30179916,0.46554873,0.23265211
mpi,51200000,7,5,0.8130577409992839,0.30173945,0.46564846,0.23261209
mpi,51200000,8,0,0.8524393539992161,0.30175266,0.46559754,0.2326498
mpi,51200000,8,1,0.8800248759998794,0.30178158,0.46560629,0.23261213
mpi,51200000,8,2,0.9115562329989189,0.3017668,0.46550348,0.23272973
mpi,51200000,8,3,0.8344916109999758,0.30177455,0.46553512,0.23269033
mpi,51200000,8,4,0.8349483649999456,0.30175859,0.46556836,0.23267305
mpi,51200000,8,5,0.8328073770007904,0.30176711,0.46557172,0.23266117
mpi,51200000,9,0,0.7960210199998983,0.3018026,0.46555002,0.23264738
mpi,51200000,9,1,0.7731230549998145,0.30180221,0.46556641,0.23263139
mpi,51200000,9,2,0.8086078640008054,0.30176049,0.46547732,0.23276219
mpi,51200000,9,3,0.8216748949998873,0.30178512,0.46552336,0.23269152
mpi,51200000,9,4,0.8001964689992747,0.3018074,0.46554422,0.23264838
mpi,51200000,9,5,0.7918061079999461,0.30175732,0.46555574,0.23268693
mpi,51200000,10,0,0.8040395040006842,0.30179371,0.46558918,0.23261711
mpi,51200000,10,1,0.7715847570016194,0.30181279,0.46556709,0.23262012
mpi,51200000,10,2,0.7743205489987304,0.30179344,0.4654791,0.23272746
mpi,51200000,10,3,0.7643018609996943,0.30181373,0.46551734,0.23266893
mpi,51200000,10,4,0.7629594299996825,0.30176643,0.46554852,0.23268506
mpi,51200000,10,5,0.7854621760016016,0.30176646,0.46554814,0.23268539
mpi,51200000,11,0,0.7854183420004119,0.30181305,0.46557025,0.2326167
mpi,51200000,11,1,0.7904305930005648,0.30185645,0.46552451,0.23261904
mpi,51200000,11,2,0.7916378139998415,0.30180461,0.46548672,0.23270867
mpi,51200000,11,3,0.792444364999028,0.30180309,0.46550164,0.23269527
mpi,51200000,11,4,0.7638169159999961,0.30175469,0.46558643,0.23265889
mpi,51200000,11,5,0.7926305909986695,0.30177066,0.46554953,0.2326798
mpi,51200000,12,0,0.7739184580004803,0.30182199,0.46555682,0.23262119
mpi,51200000,12,1,0.7665848510005162,0.30185029,0.46549471,0.232655
mpi,51200000,12,2,0.766212684000493,0.30180285,0.46546025,0.23273689
mpi,51200000,12,3,0.7528808139995817,0.30178514,0.46553588,0.23267898
mpi,51200000,12,4,0.7685437740001362,0.30177322,0.46556033,0.23266645
mpi,51200000,12,5,0.7272965540014411,0.30178232,0.4655266,0.23269107
serial,100000,1,0,0.009470798000620562,0.302,0.46548,0.23252
serial,100000,1,1,0.009510785001111799,0.30147,0.46564,0.23289
serial,100000,1,2,0.009131677999903332,0.30144,0.4647,0.23386
serial,100000,1,3,0.009285414000260062,0.30498,0.46385,0.23117
serial,100000,1,4,0.009057654000571347,0.30111,0.46736,0.23153
serial,100000,1,5,0.00904557000103523,0.30056,0.46726,0.23218
serial,200000,1,0,0.017422921999241225,0.301695,0.465665,0.23264
serial,200000,1,1,0.017367315998853883,0.301375,0.46541,0.233215
serial,200000,1,2,0.017289712999627227,0.30189,0.465085,0.233025
serial,200000,1,3,0.017273557999942568,0.30375,0.463625,0.232625
serial,200000,1,4,0.017013444999975036,0.300615,0.466715,0.23267
serial,200000,1,5,0.015696581000156584,0.301245,0.466695,0.23206
serial,400000,1,0,0.03142640000078245,0.30086,0.465915,0.233225
serial,400000,1,1,0.030903794000550988,0.301395,0.465195,0.23341
serial,400000,1,2,0.030918172999008675,0.301485,0.4657475,0.2327675
serial,400000,1,3,0.030657360000986955,0.30309,0.464405,0.232505
serial,400000,1,4,0.030950379001296824,0.3021225,0.465675,0.2322025
serial,400000,1,5,0.030266595998909906,0.3012225,0.46647,0.2323075
serial,800000,1,0,0.06033256699993217,0.30107,0.46631375,0.23261625
serial,800000,1,1,0.06035835800139466,0.3013975,0.4653925,0.23321
serial,800000,1,2,0.06028508499912277,0.3012175,0.46583625,0.23294625
serial,800000,1,3,0.06126788900110114,0.30225625,0.46527,0.23247375
serial,800000,1,4,0.060360548999597086,0.3024375,0.464685,0.2328775
serial,800000,1,5,0.061381591000099434,0.30105375,0.46675375,0.2321925
serial,1600000,1,0,0.11908488500012027,0.30163875,0.46586187,0.23249938
serial,1600000,1,1,0.11913271899902611,0.30176313,0.46549,0.23274687
serial,1600000,1,2,0.11911805599993386,0.30126125,0.46590312,0.23283562
serial,1600000,1,3,0.1190984959994239,0.30237313,0.46523437,0.2323925
serial,1600000,1,4,0.11877679900135263,0.3019275,0.4652475,0.232825
serial,1600000,1,5,0.11913214000014705,0.30151187,0.46643125,0.23205687
serial,3200000,1,0,0.2381394560015906,0.30182625,0.46569906,0.23247469
serial,3200000,1,1,0.24047431100007088,0.30158687,0.4656075,0.23280562
serial,3200000,1,2,0.2392790750000131,0.30151844,0.46562219,0.23285938
serial,3200000,1,3,0.24073494000003848,0.30206656,0.46527031,0.23266312
serial,3200000,1,4,0.23626102500020352,0.30180187,0.46548281,0.23271531
serial,3200000,1,5,0.23804699200081814,0.30167688,0.46609625,0.23222687
serial,6400000,1,0,0.47119499600012205,0.30204938,0.46543297,0.23251766
serial,6400000,1,1,0.4732877449987427,0.301685,0.46542125,0.23289375
serial,6400000,1,2,0.4723213550005312,0.30176859,0.46539141,0.23284
serial,6400000,1,3,0.4787986989995261,0.30211047,0.46508813,0.23280141
serial,6400000,1,4,0.47987955499957025,0.30174828,0.46542672,0.232825
serial,6400000,1,5,0.4726243169989175,0.30161547,0.46599016,0.23239437
serial,12800000,1,0,0.9449699119995785,0.30192562,0.46554656,0.23252781
serial,12800000,1,1,0.9446448770013376,0.30183656,0.46550508,0.23265836
serial,12800000,1,2,0.9484314179990179,0.3017432,0.46553648,0.23272031
serial,12800000,1,3,0.9459945460002928,0.30189086,0.46534031,0.23276883
serial,12800000,1,4,0.9461149449998629,0.30187336,0.46526352,0.23286313
serial,12800000,1,5,0.9445060449997982,0.30173078,0.46581195,0.23245727
pthreads,100000,1,0,0.007621712000400294,0.3023,0.46462,0.23308
pthreads,100000,1,1,0.007180171000072733,0.3038,0.46482,0.23138
pthreads,100000,1,2,0.007013661999735632,0.30377,0.46422,0.23201
pthreads,100000,1,3,0.007678640000449377,0.30223,0.4637,0.23407
pthreads,100000,1,4,0.007741518000329961,0.30201,0.46557,0.23242
pthreads,100000,1,5,0.006954399999813177,0.29851,0.46869,0.2328
pthreads,100000,2,0,0.004408521999721415,0.29945,0.46639,0.23416
pthreads,100000,2,1,0.0052054250008950476,0.30209,0.46575,0.23216
pthreads,100000,2,2,0.004608934999851044,0.30301,0.46541,0.23158
pthreads,100000,2,3,0.004791954001120757,0.30009,0.4649,0.23501
pthreads,100000,2,4,0.004576604000249063,0.30372,0.46451,0.23177
pthreads,100000,2,5,0.004698063999967417,0.30082,0.468,0.23118
pthreads,100000,3,0,0.0036126369996054564,0.30094,0.46602,0.23304
pthreads,100000,3,1,0.003491607998512336,0.30133,0.46526,0.23341
pthreads,100000,3,2,0.003224641000997508,0.30245,0.46553,0.23202
pthreads,100000,3,3,0.004507280998950591,0.30052,0.46611,0.23337
pthreads,100000,3,4,0.004268733000571956,0.30242,0.46528,0.2323
pthreads,100000,3,5,0.003549433000443969,0.30137,0.46779,0.23084
pthreads,100000,4,0,0.003682710999783012,0.30122,0.46598,0.2328
pthreads,100000,4,1,0.00393512600021495,0.30234,0.46649,0.23117
pthreads,100000,4,2,0.003875853999488754,0.302,0.46536,0.23264
pthreads,100000,4,3,0.003047316999072791,0.30188,0.4657,0.23242
pthreads,100000,4,4,0.003882118999172235,0.30307,0.46457,0.23236
pthreads,100000,4,5,0.0031388220013468526,0.30001,0.46892,0.23107
pthreads,100000,5,0,0.003986563000580645,0.30325,0.46473,0.23202
pthreads,100000,5,1,0.0036217180004314287,0.30302,0.4654,0.23158
pthreads,100000,5,2,0.003863660000206437,0.30061,0.46635,0.23304
pthreads,100000,5,3,0.003890345000399975,0.30158,0.46618,0.23224
pthreads,100000,5,4,0.0037318449994927505,0.30353,0.46395,0.23252
pthreads,100000,5,5,0.0036431070002436172,0.30055,0.46867,0.23078
pthreads,100000,6,0,0.003570635999494698,0.30142,0.46506,0.23352
pthreads,100000,6,1,0.003969903998950031,0.30303,0.4653,0.23167
pthreads,100000,6,2,0.003792268000324839,0.3009,0.46679,0.23231
pthreads,100000,6,3,0.003568415999325225,0.30139,0.46629,0.23232
pthreads,100000,6,4,0.003492776999337366,0.30476,0.46327,0.23197
pthreads,100000,6,5,0.003745012998479069,0.30148,0.46928,0.22924
pthreads,100000,7,0,0.0037102870010130573,0.30077,0.46511,0.23412
pthreads,100000,7,1,0.0037993030000507133,0.30268,0.46527,0.23205
pthreads,100000,7,2,0.0037568869993265253,0.30008,0.4663,0.23362
pthreads,100000,7,3,0.0038388250013667857,0.30226,0.46561,0.23213
pthreads,100000,7,4,0.0037907469995843712,0.30457,0.46485,0.23058
pthreads,100000,7,5,0.003914969000106794,0.30218,0.46896,0.22886
pthreads,100000,8,0,0.0038618469989160076,0.30229,0.46325,0.23446
pthreads,100000,8,1,0.0037638060002791462,0.30315,0.46598,0.23087
pthreads,100000,8,2,0.0037667159995180555,0.30002,0.46582,0.23416
pthreads,100000,8,3,0.003639820000898908,0.30223,0.46673,0.23104
pthreads,100000,8,4,0.003771244000745355,0.30577,0.46458,0.22965
pthreads,100000,8,5,0.004085450000275159,0.30252,0.4677,0.22978
pthreads,200000,1,0,0.013473266000801232,0.301555,0.46547,0.232975
pthreads,200000,1,1,0.013157100998796523,0.302645,0.46438,0.232975
pthreads,200000,1,2,0.012954318000993226,0.302755,0.46481,0.232435
pthreads,200000,1,3,0.014189490999342524,0.301055,0.46473,0.234215
pthreads,200000,1,4,0.013552958000218496,0.30147,0.465715,0.232815
pthreads,200000,1,5,0.013388391000262345,0.300405,0.46723,0.232365
pthreads,200000,2,0,0.007949822000227869,0.30162,0.46515,0.23323
pthreads,200000,2,1,0.008354632998816669,0.302875,0.464875,0.23225
pthreads,200000,2,2,0.007521211999119259,0.303915,0.464365,0.23172
pthreads,200000,2,3,0.007987819999470958,0.30108,0.46444,0.23448
pthreads,200000,2,4,0.008076084001004347,0.303155,0.465015,0.23183
pthreads,200000,2,5,0.007888117999755195,0.3003,0.46781,0.23189
pthreads,200000,3,0,0.005675020000126096,0.301585,0.465435,0.23298
pthreads,200000,3,1,0.0063089230006880825,0.30236,0.465225,0.232415
pthreads,200000,3,2,0.006029747000866337,0.30307,0.46438,0.23255
pthreads,200000,3,3,0.00600667899925611,0.300025,0.465435,0.23454
pthreads,200000,3,4,0.006081169000026421,0.302885,0.46476,0.232355
pthreads,200000,3,5,0.006808746999013238,0.3009,0.466835,0.232265
pthreads,200000,4,0,0.00538319500083162,0.30052,0.466995,0.232485
pthreads,200000,4,1,0.005718570000681211,0.30177,0.4655,0.23273
pthreads,200000,4,2,0.005738948999351123,0.3029,0.464275,0.232825
pthreads,200000,4,3,0.006062907999876188,0.301655,0.46472,0.233625
pthreads,200000,4,4,0.006070221999834757,0.302755,0.464365,0.23288
pthreads,200000,4,5,0.006245581998882699,0.300915,0.46703,0.232055
pthreads,200000,5,0,0.00553294700148399,0.301475,0.465595,0.23293
pthreads,200000,5,1,0.005636518000756041,0.30213,0.465125,0.232745
pthreads,200000,5,2,0.005524493999473634,0.301775,0.464735,0.23349
pthreads,200000,5,3,0.005519383999853744,0.302095,0.46562,0.232285
pthreads,200000,5,4,0.005619434999971418,0.303205,0.463715,0.23308
pthreads,200000,5,5,0.005590108999967924,0.30091,0.46744,0.23165
pthreads,200000,6,0,0.006332733999443008,0.301605,0.465465,0.23293
pthreads,200000,6,1,0.005307318000632222,0.30172,0.46531,0.23297
pthreads,200000,6,2,0.005596907998551615,0.30165,0.465465,0.232885
pthreads,200000,6,3,0.0054572579992964165,0.301585,0.465665,0.23275
pthreads,200000,6,4,0.005312146999131073,0.303515,0.46396,0.232525
pthreads,200000,6,5,0.005356773999665165,0.301715,0.467425,0.23086
pthreads,200000,7,0,0.006607455999983358,0.30175,0.46518,0.23307
pthreads,200000,7,1,0.006490450999990571,0.301545,0.465925,0.23253
pthreads,200000,7,2,0.0066612050013645785,0.30069,0.465975,0.233335
pthreads,200000,7,3,0.006445570999858319,0.301735,0.465955,0.23231
pthreads,200000,7,4,0.006090430999392993,0.304035,0.464385,0.23158
pthreads,200000,7,5,0.006314240999927279,0.302055,0.46649,0.231455
pthreads,200000,8,0,0.005914675000894931,0.302105,0.46432,0.233575
pthreads,200000,8,1,0.006266038999456214,0.301605,0.467,0.231395
pthreads,200000,8,2,0.006398405001164065,0.300815,0.465995,0.23319
pthreads,200000,8,3,0.006499707998955273,0.30187,0.466785,0.231345
pthreads,200000,8,4,0.0067297460009285714,0.304275,0.46403,0.231695
pthreads,200000,8,5,0.006902834000356961,0.301835,0.4671,0.231065
pthreads,400000,1,0,0.026662377998945885,0.3021475,0.4652225,0.23263
pthreads,400000,1,1,0.02595408199886151,0.302245,0.4652525,0.2325025
pthreads,400000,1,2,0.0257952159990964,0.30214,0.4648625,0.2329975
pthreads,400000,1,3,0.02544368599956215,0.30183,0.46524,0.23293
pthreads,400000,1,4,0.02580116100034502,0.3009575,0.465745,0.2332975
pthreads,400000,1,5,0.02499048999925435,0.30021,0.466435,0.233355
pthreads,400000,2,0,0.014090311000472866,0.3016025,0.4644825,0.233915
pthreads,400000,2,1,0.014191607999237021,0.3021975,0.46477,0.2330325
pthreads,400000,2,2,0.014270408999436768,0.3031675,0.4650825,0.23175
pthreads,400000,2,3,0.014457231000051252,0.300055,0.466075,0.23387
pthreads,400000,2,4,0.013705532999665593,0.3027325,0.4647125,0.232555
pthreads,400000,2,5,0.013692197000636952,0.300855,0.4670125,0.2321325
pthreads,400000,3,0,0.010733565999544226,0.3027075,0.464805,0.2324875
pthreads,400000,3,1,0.010520296998947742,0.3025125,0.46459,0.2328975
pthreads,400000,3,2,0.010710169000958558,0.3025625,0.4659425,0.231495
pthreads,400000,3,3,0.010650566999174771,0.300585,0.4655925,0.2338225
pthreads,400000,3,4,0.010598412998660933,0.302415,0.4648025,0.2327825
pthreads,400000,3,5,0.011157206001371378,0.300675,0.466775,0.23255
pthreads,400000,4,0,0.008874134000507183,0.3022375,0.4657675,0.231995
pthreads,400000,4,1,0.00969469499978004,0.30268,0.464655,0.232665
pthreads,400000,4,2,0.010589871999400202,0.302835,0.4641075,0.2330575
pthreads,400000,4,3,0.009292410999478307,0.30173,0.46497,0.2333
pthreads,400000,4,4,0.00929606800127658,0.30244,0.4648775,0.2326825
pthreads,400000,4,5,0.00981273700017482,0.3011925,0.4664325,0.232375
pthreads,400000,5,0,0.011947224000323331,0.30164,0.465975,0.232385
pthreads,400000,5,1,0.00957866599856061,0.3025275,0.46545,0.2320225
pthreads,400000,5,2,0.00925351700061583,0.30288,0.4639025,0.2332175
pthreads,400000,5,3,0.009217775999786681,0.30135,0.465395,0.233255
pthreads,400000,5,4,0.009448675000385265,0.302595,0.46484,0.232565
pthreads,400000,5,5,0.009258946000045398,0.3010875,0.466,0.2329125
pthreads,400000,6,0,0.01271375099895522,0.3016375,0.46552,0.2328425
pthreads,400000,6,1,0.00903782599925762,0.3022175,0.46517,0.2326125
pthreads,400000,6,2,0.009021121000841958,0.3024875,0.46405,0.2334625
pthreads,400000,6,3,0.010792492999826209,0.300865,0.46539,0.233745
pthreads,400000,6,4,0.00977587799934554,0.302815,0.464705,0.23248
pthreads,400000,6,5,0.008873449000020628,0.301455,0.46623,0.232315
pthreads,400000,7,0,0.011269697000898304,0.3013875,0.4659475,0.232665
pthreads,400000,7,1,0.0114891789999092,0.30139,0.4657975,0.2328125
pthreads,400000,7,2,0.011187547001100029,0.301735,0.46447,0.233795
pthreads,400000,7,3,0.011442167999121011,0.301535,0.465285,0.23318
pthreads,400000,7,4,0.012319703000684967,0.302625,0.4647525,0.2326225
pthreads,400000,7,5,0.012444611000319128,0.30157,0.46599,0.23244
pthreads,400000,8,0,0.010683933000109391,0.30169,0.4653675,0.2329425
pthreads,400000,8,1,0.011240287998589338,0.301725,0.46569,0.232585
pthreads,400000,8,2,0.011476358000436448,0.30136,0.464915,0.233725
pthreads,400000,8,3,0.011515394000525703,0.3014225,0.4657975,0.23278
pthreads,400000,8,4,0.011187366999365622,0.302785,0.4645825,0.2326325
pthreads,400000,8,5,0.011529644998518052,0.30216,0.4657525,0.2320875
pthreads,800000,1,0,0.04964768200079561,0.302055,0.465475,0.23247
pthreads,800000,1,1,0.049618090999501874,0.302545,0.46566625,0.23178875
pthreads,800000,1,2,0.04945099799988384,0.30242,0.46414875,0.23343125
pthreads,800000,1,3,0.049230028000238235,0.30171625,0.46583,0.23245375
pthreads,800000,1,4,0.04935841100086691,0.3007925,0.4657075,0.2335
pthreads,800000,1,5,0.04956322900034138,0.30113125,0.4656725,0.23319625
pthreads,800000,2,0,0.02709702600077435,0.3017525,0.46473625,0.23351125
pthreads,800000,2,1,0.027272106999589596,0.3020425,0.46550875,0.23244875
pthreads,800000,2,2,0.026540304999798536,0.30287375,0.4650325,0.23209375
pthreads,800000,2,3,0.02642723200006003,0.30110625,0.46563125,0.2332625
pthreads,800000,2,4,0.027223772000070312,0.30203625,0.4650525,0.23291125
pthreads,800000,2,5,0.027099052000266965,0.30111375,0.46607375,0.2328125
pthreads,800000,3,0,0.020025863999762805,0.30212125,0.46486,0.23301875
pthreads,800000,3,1,0.020358265999675496,0.30196375,0.46562,0.23241625
pthreads,800000,3,2,0.02018552300069132,0.3028475,0.465475,0.2316775
pthreads,800000,3,3,0.019979319999038125,0.30079125,0.46615125,0.2330575
pthreads,800000,3,4,0.019872314000167535,0.30201,0.464815,0.233175
pthreads,800000,3,5,0.019935857999371365,0.30149,0.4659625,0.2325475
pthreads,800000,4,0,0.017516886999146664,0.302065,0.464925,0.23301
pthreads,800000,4,1,0.017188842999530607,0.30246125,0.46496625,0.2325725
pthreads,800000,4,2,0.016966275999948266,0.30230375,0.46512875,0.2325675
pthreads,800000,4,3,0.017189090000101714,0.3011375,0.46588,0.2329825
pthreads,800000,4,4,0.017829093998443568,0.30209,0.46475875,0.23315125
pthreads,800000,4,5,0.018051488001219695,0.3015825,0.46600375,0.23241375
pthreads,800000,5,0,0.016755474000092363,0.30192625,0.46529875,0.232775
pthreads,800000,5,1,0.016942852000283892,0.3025075,0.46495125,0.23254125
pthreads,800000,5,2,0.017050907999873743,0.30185875,0.46536125,0.23278
pthreads,800000,5,3,0.0170558070003608,0.30112625,0.465935,0.23293875
pthreads,800000,5,4,0.01692755000112811,0.3017975,0.465275,0.2329275
pthreads,800000,5,5,0.016878283999176347,0.301505,0.46589125,0.23260375
pthreads,800000,6,0,0.018802701000822708,0.302025,0.46528625,0.23268875
pthreads,800000,6,1,0.01610629499919014,0.302235,0.46512,0.232645
pthreads,800000,6,2,0.01615266700173379,0.30225625,0.4648625,0.23288125
pthreads,800000,6,3,0.016962726000201656,0.3011625,0.46549375,0.23334375
pthreads,800000,6,4,0.016135255000335746,0.30229,0.46487875,0.23283125
pthreads,800000,6,5,0.016179877000467968,0.30139625,0.4660075,0.23259625
pthreads,800000,7,0,0.021858045000044513,0.3020125,0.465265,0.2327225
pthreads,800000,7,1,0.021872031000384595,0.30198125,0.4651875,0.23283125
pthreads,800000,7,2,0.023122651000448968,0.30212125,0.46477,0.23310875
pthreads,800000,7,3,0.02283080999950471,0.301245,0.465615,0.23314
pthreads,800000,7,4,0.022846559000754496,0.30223125,0.46531875,0.23245
pthreads,800000,7,5,0.021388465000200085,0.30171375,0.46586375,0.2324225
pthreads,800000,8,0,0.02257890100008808,0.302255,0.46506375,0.23268125
pthreads,800000,8,1,0.0211594119991787,0.30233375,0.46522,0.23244625
pthreads,800000,8,2,0.019786855998972896,0.3022475,0.4643875,0.233365
pthreads,800000,8,3,0.022997269999905257,0.30155,0.46574625,0.23270375
pthreads,800000,8,4,0.02342083000075945,0.3024625,0.465325,0.2322125
pthreads,800000,8,5,0.021825004001584603,0.3020475,0.46548,0.2324725
pthreads,1600000,1,0,0.09738942199874145,0.30205188,0.46525688,0.23269125
pthreads,1600000,1,1,0.09727619400109688,0.30189625,0.46593375,0.23217
pthreads,1600000,1,2,0.09769876499922248,0.30236438,0.46446437,0.23317125
pthreads,1600000,1,3,0.09834141800092766,0.3022875,0.465425,0.2322875
pthreads,1600000,1,4,0.09773807599958673,0.30135375,0.46535312,0.23329312
pthreads,1600000,1,5,0.09759754599872394,0.30166,0.46555812,0.23278187
pthreads,1600000,2,0,0.0525066970003536,0.30167813,0.46523687,0.233085
pthreads,1600000,2,1,0.05872843500037561,0.302225,0.46568688,0.23208813
pthreads,1600000,2,2,0.052404375001060544,0.30278187,0.46460937,0.23260875
pthreads,1600000,2,3,0.052361844000188285,0.30129375,0.46546562,0.23324063
pthreads,1600000,2,4,0.0524865810002666,0.30182188,0.46495,0.23322813
pthreads,1600000,2,5,0.05327865999970527,0.30148687,0.4655775,0.23293563
pthreads,1600000,3,0,0.03936984200117877,0.30204063,0.46499187,0.2329675
pthreads,1600000,3,1,0.038691783000103896,0.30266,0.46543937,0.23190062
pthreads,1600000,3,2,0.03876365599899145,0.30268187,0.46483687,0.23248125
pthreads,1600000,3,3,0.03857070499907422,0.30145,0.46554438,0.23300562
pthreads,1600000,3,4,0.03848516800098878,0.30130187,0.46535312,0.233345
pthreads,1600000,3,5,0.03881096299846831,0.30147438,0.46567375,0.23285188
pthreads,1600000,4,0,0.03336809300162713,0.30212438,0.46486312,0.2330125
pthreads,1600000,4,1,0.03301611299866636,0.30257937,0.46536187,0.23205875
pthreads,1600000,4,2,0.03334197500043956,0.30265938,0.46471313,0.2326275
pthreads,1600000,4,3,0.03330894300052023,0.30167312,0.46577125,0.23255562
pthreads,1600000,4,4,0.03392183100004331,0.30190312,0.4648225,0.23327438
pthreads,1600000,4,5,0.03329413699975703,0.30173062,0.46563625,0.23263312
pthreads,1600000,5,0,0.0322118309995858,0.30166562,0.46531625,0.23301812
pthreads,1600000,5,1,0.033273742999881506,0.30227562,0.46556687,0.2321575
pthreads,1600000,5,2,0.033048584999050945,0.30238312,0.46486125,0.23275562
pthreads,1600000,5,3,0.031275757999537745,0.30148938,0.46601562,0.232495
pthreads,1600000,5,4,0.03226077100043767,0.30162187,0.4650925,0.23328562
pthreads,1600000,5,5,0.032049270999777946,0.30144938,0.46571187,0.23283875
pthreads,1600000,6,0,0.03084969299925433,0.30146812,0.46527875,0.23325313
pthreads,1600000,6,1,0.030854382001052727,0.30184937,0.46572313,0.2324275
pthreads,1600000,6,2,0.031186782000077073,0.30242812,0.46513187,0.23244
pthreads,1600000,6,3,0.03473579799901927,0.30121,0.46594687,0.23284313
pthreads,1600000,6,4,0.031172654000329203,0.30195125,0.46483062,0.23321812
pthreads,1600000,6,5,0.032942372001343756,0.30154938,0.46556938,0.23288125
pthreads,1600000,7,0,0.042200664998745196,0.301285,0.46559,0.233125
pthreads,1600000,7,1,0.047316485999544966,0.3018125,0.46579375,0.23239375
pthreads,1600000,7,2,0.04217966199939838,0.30190187,0.46518813,0.23291
pthreads,1600000,7,3,0.041776578000281006,0.30142562,0.46574312,0.23283125
pthreads,1600000,7,4,0.044739560999005334,0.30206625,0.46514187,0.23279188
pthreads,1600000,7,5,0.04189709000092989,0.301805,0.46549,0.232705
pthreads,1600000,8,0,0.0394250169993029,0.30162625,0.4651725,0.23320125
pthreads,1600000,8,1,0.041100857000856195,0.30209875,0.46540437,0.23249687
pthreads,1600000,8,2,0.04095785000026808,0.3017875,0.46529063,0.23292188
pthreads,1600000,8,3,0.040995445000589825,0.30108812,0.46609,0.23282188
pthreads,1600000,8,4,0.041004166998391156,0.3020775,0.46524688,0.23267562
pthreads,1600000,8,5,0.041504924000037136,0.3018475,0.4655,0.2326525
pthreads,3200000,1,0,0.19472239300012006,0.30188219,0.46519625,0.23292156
pthreads,3200000,1,1,0.19358717400064052,0.30166562,0.46626469,0.23206969
pthreads,3200000,1,2,0.19422083199970075,0.30199531,0.46506938,0.23293531
pthreads,3200000,1,3,0.19352851900112,0.3015975,0.46569531,0.23270719
pthreads,3200000,1,4,0.1935811929997726,0.30161594,0.46577344,0.23261062
pthreads,3200000,1,5,0.19718858700070996,0.30189813,0.46541594,0.23268594
pthreads,3200000,2,0,0.10342316300011589,0.30186687,0.46536281,0.23277031
pthreads,3200000,2,1,0.10449975300070946,0.301885,0.4656825,0.2324325
pthreads,3200000,2,2,0.10365090300001611,0.30217656,0.464855,0.23296844
pthreads,3200000,2,3,0.1037972340000124,0.30184281,0.46548187,0.23267531
pthreads,3200000,2,4,0.11117649799962237,0.30189156,0.46516344,0.232945
pthreads,3200000,2,5,0.10412810100024217,0.30184531,0.4651725,0.23298219
pthreads,3200000,3,0,0.07612035000056494,0.30185375,0.46513344,0.23301281
pthreads,3200000,3,1,0.07673668999996153,0.30228719,0.46557688,0.23213594
pthreads,3200000,3,2,0.07657492500038643,0.30227094,0.46501625,0.23271281
pthreads,3200000,3,3,0.07761744300114515,0.30160281,0.465445,0.23295219
pthreads,3200000,3,4,0.07639172699964547,0.30166312,0.46535938,0.2329775
pthreads,3200000,3,5,0.07622768500004895,0.30160938,0.46558906,0.23280156
pthreads,3200000,4,0,0.06733449599960295,0.30193437,0.46497781,0.23308781
pthreads,3200000,4,1,0.06698590700034401,0.3025325,0.46551219,0.23195531
pthreads,3200000,4,2,0.06526506699992751,0.30245625,0.464705,0.23283875
pthreads,3200000,4,3,0.0653980959996261,0.30160687,0.46547969,0.23291344
pthreads,3200000,4,4,0.06537635499989847,0.30174781,0.46517625,0.23307594
pthreads,3200000,4,5,0.06630523900093976,0.30190594,0.46547469,0.23261937
pthreads,3200000,5,0,0.062383544998738216,0.3017275,0.46518375,0.23308875
pthreads,3200000,5,1,0.06343235699932848,0.30244625,0.46537656,0.23217719
pthreads,3200000,5,2,0.06370460899961472,0.30218406,0.46498531,0.23283063
pthreads,3200000,5,3,0.06302792399947066,0.30167688,0.46568906,0.23263406
pthreads,3200000,5,4,0.06278337299954728,0.30159438,0.46528656,0.23311906
pthreads,3200000,5,5,0.06267444000150135,0.30190406,0.46522281,0.23287312
pthreads,3200000,6,0,0.061122363000322366,0.30176969,0.46529312,0.23293719
pthreads,3200000,6,1,0.06570263300091028,0.30244875,0.46557656,0.23197469
pthreads,3200000,6,2,0.061907280000014,0.30221031,0.4650375,0.23275219
pthreads,3200000,6,3,0.06170054600079311,0.30174906,0.46557406,0.23267688
pthreads,3200000,6,4,0.06695924000086961,0.30155531,0.46513781,0.23330687
pthreads,3200000,6,5,0.0602989199996955,0.30167406,0.46522969,0.23309625
pthreads,3200000,7,0,0.08305212000050233,0.30165656,0.46543937,0.23290406
pthreads,3200000,7,1,0.06952693899984297,0.30213375,0.46579906,0.23206719
pthreads,3200000,7,2,0.08272874700014654,0.30212344,0.46509187,0.23278469
pthreads,3200000,7,3,0.08309034599915321,0.30166281,0.46567969,0.2326575
pthreads,3200000,7,4,0.08549521699933393,0.3016575,0.46517031,0.23317219
pthreads,3200000,7,5,0.082688402999338,0.30184563,0.46517562,0.23297875
pthreads,3200000,8,0,0.08095159500044247,0.30171188,0.46526219,0.23302594
pthreads,3200000,8,1,0.08234540299963555,0.30226125,0.46564187,0.23209688
pthreads,3200000,8,2,0.08129854499929934,0.30207375,0.46517562,0.23275062
pthreads,3200000,8,3,0.06181363599898759,0.3015525,0.46589156,0.23255594
pthreads,3200000,8,4,0.08287977700092597,0.30178281,0.46532594,0.23289125
pthreads,3200000,8,5,0.06134055300026375,0.30185563,0.46527438,0.23287
pthreads,6400000,1,0,0.3871889950005425,0.30172766,0.46577844,0.23249391
pthreads,6400000,1,1,0.38807369300047867,0.30174797,0.46584969,0.23240234
pthreads,6400000,1,2,0.38889666800059786,0.30191937,0.46516547,0.23291516
pthreads,6400000,1,3,0.38745889300116687,0.30190203,0.46536344,0.23273453
pthreads,6400000,1,4,0.38684822600043844,0.30157937,0.46584844,0.23257219
pthreads,6400000,1,5,0.3863068709997606,0.30174156,0.46565812,0.23260031
pthreads,6400000,2,0,0.20546876099979272,0.30194906,0.46505812,0.23299281
pthreads,6400000,2,1,0.20566881400009152,0.30175297,0.46582766,0.23241938
pthreads,6400000,2,2,0.20524642200143717,0.30201187,0.46527391,0.23271422
pthreads,6400000,2,3,0.2087190099991858,0.30164031,0.46543969,0.23292
pthreads,6400000,2,4,0.20575815700067324,0.30185109,0.46551063,0.23263828
pthreads,6400000,2,5,0.21060575599949516,0.3019125,0.46528156,0.23280594
pthreads,6400000,3,0,0.15952867200030596,0.30193938,0.46535578,0.23270484
pthreads,6400000,3,1,0.1513808700001391,0.30189922,0.465615,0.23248578
pthreads,6400000,3,2,0.15126506999877165,0.3021175,0.46504703,0.23283547
pthreads,6400000,3,3,0.1525339339987113,0.30174937,0.46557047,0.23268016
pthreads,6400000,3,4,0.16074899200066284,0.3018725,0.46534828,0.23277922
pthreads,6400000,3,5,0.15119143199990503,0.30179375,0.46535859,0.23284766
pthreads,6400000,4,0,0.13061404400104948,0.30198234,0.46509875,0.23291891
pthreads,6400000,4,1,0.12918940900090092,0.30182656,0.46563891,0.23253453
pthreads,6400000,4,2,0.13228087999959826,0.30215703,0.46489766,0.23294531
pthreads,6400000,4,3,0.12971622700024454,0.30183078,0.46535609,0.23281313
pthreads,6400000,4,4,0.13653263299966056,0.30181469,0.46535813,0.23282719
pthreads,6400000,4,5,0.13060453600155597,0.30182656,0.46552016,0.23265328
pthreads,6400000,5,0,0.12369677400056389,0.30174953,0.46529984,0.23295062
pthreads,6400000,5,1,0.12404438199882861,0.30193359,0.46562234,0.23244406
pthreads,6400000,5,2,0.12362425200080907,0.30194391,0.46523422,0.23282188
pthreads,6400000,5,3,0.12470296900028188,0.30174141,0.46561562,0.23264297
pthreads,6400000,5,4,0.12382648400125618,0.30175969,0.46549641,0.23274391
pthreads,6400000,5,5,0.12403659299889114,0.30203687,0.46517031,0.23279281
pthreads,6400000,6,0,0.11839270999917062,0.30182109,0.46515297,0.23302594
pthreads,6400000,6,1,0.13700165799855313,0.30208281,0.46575156,0.23216562
pthreads,6400000,6,2,0.11975562999941758,0.30211,0.46520391,0.23268609
pthreads,6400000,6,3,0.10836811499939358,0.30166359,0.46567313,0.23266328
pthreads,6400000,6,4,0.11610380399906717,0.30181703,0.46522297,0.23296
pthreads,6400000,6,5,0.13738108100005775,0.30197188,0.46525047,0.23277766
pthreads,6400000,7,0,0.14532149600017874,0.30167187,0.46537625,0.23295188
pthreads,6400000,7,1,0.16745414000070014,0.3021,0.46587219,0.23202781
pthreads,6400000,7,2,0.16728225800034124,0.30200578,0.46529672,0.2326975
pthreads,6400000,7,3,0.11732261699944502,0.30163672,0.46565266,0.23271063
pthreads,6400000,7,4,0.16662333800013585,0.30186969,0.46528422,0.23284609
pthreads,6400000,7,5,0.12788807400102087,0.3019225,0.46527516,0.23280234
pthreads,6400000,8,0,0.16058347299986053,0.30173984,0.46519516,0.233065
pthreads,6400000,8,1,0.14337261100081378,0.30203203,0.46580047,0.2321675
pthreads,6400000,8,2,0.14695885400033148,0.30195484,0.46538844,0.23265672
pthreads,6400000,8,3,0.12343709200104058,0.30168062,0.46567656,0.23264281
pthreads,6400000,8,4,0.15769731899854378,0.30179094,0.46529016,0.23291891
pthreads,6400000,8,5,0.15570451500025229,0.30194234,0.46524844,0.23280922
pthreads,12800000,1,0,0.7721924529996613,0.301795,0.46563547,0.23256953
pthreads,12800000,1,1,0.7706917630002863,0.30172148,0.46575703,0.23252148
pthreads,12800000,1,2,0.770365424999909,0.30182641,0.46551406,0.23265953
pthreads,12800000,1,3,0.7720838940003887,0.30182195,0.46551336,0.23266469
pthreads,12800000,1,4,0.7815511929984496,0.30162875,0.46573578,0.23263547
pthreads,12800000,1,5,0.769786318000115,0.30169859,0.4656532,0.2326482
pthreads,12800000,2,0,0.4097769939999125,0.30178828,0.46550789,0.23270383
pthreads,12800000,2,1,0.40970618999926955,0.30178828,0.46579539,0.23241633
pthreads,12800000,2,2,0.41005391299950134,0.30186641,0.46543758,0.23269602
pthreads,12800000,2,3,0.4145922129991959,0.30185297,0.46532969,0.23281734
pthreads,12800000,2,4,0.4100452630009386,0.30177742,0.46556242,0.23266016
pthreads,12800000,2,5,0.41516162599873496,0.30184453,0.46543812,0.23271734
pthreads,12800000,3,0,0.3009552379990055,0.30191203,0.46531273,0.23277523
pthreads,12800000,3,1,0.301806483999826,0.30186969,0.4657068,0.23242352
pthreads,12800000,3,2,0.304224917999818,0.30188172,0.46550648,0.2326118
pthreads,12800000,3,3,0.3012477320007747,0.30178187,0.46546781,0.23275031
pthreads,12800000,3,4,0.3015561569991405,0.30180289,0.46553273,0.23266438
pthreads,12800000,3,5,0.30136925100123335,0.30175906,0.4654918,0.23274914
pthreads,12800000,4,0,0.26012174599964055,0.30191102,0.46513641,0.23295258
pthreads,12800000,4,1,0.2580948550003086,0.30178539,0.46574023,0.23247438
pthreads,12800000,4,2,0.26019282400011434,0.301935,0.46531766,0.23274734
pthreads,12800000,4,3,0.2604391040003975,0.30171008,0.4654957,0.23279422
pthreads,12800000,4,4,0.25864000000001397,0.3018968,0.46538594,0.23271727
pthreads,12800000,4,5,0.25793978500041703,0.30185508,0.46549281,0.23265211
pthreads,12800000,5,0,0.24552318200039736,0.30184883,0.46537477,0.23277641
pthreads,12800000,5,1,0.24717558900010772,0.30193273,0.46551172,0.23255555
pthreads,12800000,5,2,0.2455141949994868,0.30186242,0.46543516,0.23270242
pthreads,12800000,5,3,0.2464769950001937,0.30176703,0.46560789,0.23262508
pthreads,12800000,5,4,0.2475577240002167,0.30181484,0.46548187,0.23270328
pthreads,12800000,5,5,0.24695302399959473,0.30175773,0.46537828,0.23286398
pthreads,12800000,6,0,0.23747112700038997,0.30191336,0.46533172,0.23275492
pthreads,12800000,6,1,0.23907971299922792,0.30181586,0.46558641,0.23259773
pthreads,12800000,6,2,0.23708810899915989,0.30188555,0.46541703,0.23269742
pthreads,12800000,6,3,0.2585375149992615,0.3017893,0.46558031,0.23263039
pthreads,12800000,6,4,0.24092739400111896,0.30195125,0.46533391,0.23271484
pthreads,12800000,6,5,0.26042142799997237,0.30183047,0.46531555,0.23285398
pthreads,12800000,7,0,0.34462793300008343,0.30186266,0.46537422,0.23276312
pthreads,12800000,7,1,0.30639511499975924,0.30169578,0.46576828,0.23253594
pthreads,12800000,7,2,0.2689938160001475,0.30187102,0.46540523,0.23272375
pthreads,12800000,7,3,0.3297048009990249,0.30174258,0.46560758,0.23264984
pthreads,12800000,7,4,0.2751688030002697,0.30187898,0.46542258,0.23269844
pthreads,12800000,7,5,0.32493875100044534,0.30180711,0.46535484,0.23283805
pthreads,12800000,8,0,0.3086491689991817,0.30180812,0.46534219,0.23284969
pthreads,12800000,8,1,0.26573822799946356,0.30173148,0.46572016,0.23254836
pthreads,12800000,8,2,0.3027542210002139,0.30190125,0.46536617,0.23273258
pthreads,12800000,8,3,0.31784795399835275,0.30175547,0.46559539,0.23264914
pthreads,12800000,8,4,0.3256335459991533,0.30182508,0.4654843,0.23269063
pthreads,12800000,8,5,0.30639093900026637,0.30187352,0.4653218,0.23280469
mpi,100000,1,0,0.3195091359993967,0.3023,0.46462,0.23308
mpi,100000,1,1,0.32020322999960626,0.3038,0.46482,0.23138
mpi,100000,1,2,0.31931938500019896,0.30377,0.46422,0.23201
mpi,100000,1,3,0.3243773379999766,0.30223,0.4637,0.23407
mpi,100000,1,4,0.3199516399999993,0.30201,0.46557,0.23242
mpi,100000,1,5,0.3199154469984933,0.29851,0.46869,0.2328
mpi,100000,2,0,0.3191610319991014,0.29994,0.46401,0.23605
mpi,100000,2,1,0.32045509400086303,0.30271,0.46636,0.23093
mpi,100000,2,2,0.32031571399966197,0.30218,0.46465,0.23317
mpi,100000,2,3,0.3195019640006649,0.29996,0.46507,0.23497
mpi,100000,2,4,0.3199331039995741,0.30207,0.46542,0.23251
mpi,100000,2,5,0.31512480700075685,0.30075,0.46608,0.23317
mpi,100000,3,0,0.322908379999717,0.30136,0.4648,0.23384
mpi,100000,3,1,0.3203737749990978,0.303,0.46566,0.23134
mpi,100000,3,2,0.32402008099961677,0.30087,0.46724,0.23189
mpi,100000,3,3,0.3237508500005788,0.30004,0.4661,0.23386
mpi,100000,3,4,0.31975279299877,0.30272,0.4644,0.23288
mpi,100000,3,5,0.3245556060010131,0.30392,0.46443,0.23165
mpi,100000,4,0,0.32731005099958566,0.30289,0.46354,0.23357
mpi,100000,4,1,0.3247566829995776,0.30258,0.4677,0.22972
mpi,100000,4,2,0.3281707410005765,0.30113,0.46622,0.23265
mpi,100000,4,3,0.33189099700030056,0.30244,0.46549,0.23207
mpi,100000,4,4,0.33078397899953416,0.30249,0.46364,0.23387
mpi,100000,4,5,0.32869827000104124,0.30323,0.46403,0.23274
mpi,100000,5,0,0.3324371170001541,0.30333,0.46459,0.23208
mpi,100000,5,1,0.33279075199970976,0.30333,0.46563,0.23104
mpi,100000,5,2,0.3309000899989769,0.30083,0.46543,0.23374
mpi,100000,5,3,0.3282226629999059,0.30204,0.46598,0.23198
mpi,100000,5,4,0.3316026079992298,0.30314,0.46332,0.23354
mpi,100000,5,5,0.3279702839990932,0.30353,0.46393,0.23254
mpi,100000,6,0,0.33237651599847595,0.30332,0.46578,0.2309
mpi,100000,6,1,0.3362239900015993,0.3042,0.46478,0.23102
mpi,100000,6,2,0.3412640860005922,0.30183,0.46607,0.2321
mpi,100000,6,3,0.338887888001409,0.30218,0.46617,0.23165
mpi,100000,6,4,0.33460986799946113,0.30242,0.46355,0.23403
mpi,100000,6,5,0.33223740799985535,0.30342,0.4638,0.23278
mpi,100000,7,0,0.3398669289999816,0.30165,0.46678,0.23157
mpi,100000,7,1,0.34285079300025245,0.3027,0.46488,0.23242
mpi,100000,7,2,0.34201020800173865,0.30065,0.46616,0.23319
mpi,100000,7,3,0.3389024150001205,0.30185,0.4655,0.23265
mpi,100000,7,4,0.41647112000100606,0.30189,0.46402,0.23409
mpi,100000,7,5,0.3361077430017758,0.30354,0.46406,0.2324
mpi,100000,8,0,0.34321734399964043,0.30138,0.46714,0.23148
mpi,100000,8,1,0.34335735499917064,0.30355,0.46354,0.23291
mpi,100000,8,2,0.34352969900101016,0.30056,0.46625,0.23319
mpi,100000,8,3,0.34164778100057447,0.30265,0.46475,0.2326
mpi,100000,8,4,0.33890325399988797,0.3025,0.46334,0.23416
mpi,100000,8,5,0.34517254200000025,0.30382,0.46401,0.23217
mpi,200000,1,0,0.3244559240010858,0.301555,0.46547,0.232975
mpi,200000,1,1,0.3283620990005147,0.302645,0.46438,0.232975
mpi,200000,1,2,0.3270547930005705,0.302755,0.46481,0.232435
mpi,200000,1,3,0.3237240529997507,0.301055,0.46473,0.234215
mpi,200000,1,4,0.3240268810004636,0.30147,0.465715,0.232815
mpi,200000,1,5,0.3238054129997181,0.300405,0.46723,0.232365
mpi,200000,2,0,0.32361619000039354,0.30171,0.464145,0.234145
mpi,200000,2,1,0.32405822799955786,0.303385,0.464765,0.23185
mpi,200000,2,2,0.328142806998585,0.30341,0.464465,0.232125
mpi,200000,2,3,0.3229039490015566,0.30081,0.46566,0.23353
mpi,200000,2,4,0.32046551600069506,0.301935,0.46438,0.233685
mpi,200000,2,5,0.3244080059994303,0.300545,0.466355,0.2331
mpi,200000,3,0,0.3279079540006933,0.30117,0.464275,0.234555
mpi,200000,3,1,0.3239456529991003,0.301375,0.466075,0.23255
mpi,200000,3,2,0.32805284799906076,0.302235,0.464545,0.23322
mpi,200000,3,3,0.32750391000081436,0.300165,0.465975,0.23386
mpi,200000,3,4,0.32388173999970604,0.30198,0.46547,0.23255
mpi,200000,3,5,0.327847192000263,0.301715,0.465595,0.23269
mpi,200000,4,0,0.32693400499920244,0.3001,0.46562,0.23428
mpi,200000,4,1,0.32945512700098334,0.301895,0.465925,0.23218
mpi,200000,4,2,0.32683750900105224,0.301905,0.4647,0.233395
mpi,200000,4,3,0.331612732999929,0.301465,0.465385,0.23315
mpi,200000,4,4,0.328888324998843,0.301595,0.46572,0.232685
mpi,200000,4,5,0.32729302900042967,0.302215,0.46607,0.231715
mpi,200000,5,0,0.3420920919998025,0.3012,0.46551,0.23329
mpi,200000,5,1,0.33398009600023215,0.30222,0.46575,0.23203
mpi,200000,5,2,0.3313617929998145,0.301505,0.46614,0.232355
mpi,200000,5,3,0.33295143399845983,0.302325,0.464835,0.23284
mpi,200000,5,4,0.33221121300084633,0.30243,0.464115,0.233455
mpi,200000,5,5,0.3314154009985941,0.30291,0.46562,0.23147
mpi,200000,6,0,0.33849585900134116,0.301215,0.466475,0.23231
mpi,200000,6,1,0.33635479400072654,0.303065,0.464575,0.23236
mpi,200000,6,2,0.3374348289999034,0.30235,0.46619,0.23146
mpi,200000,6,3,0.3343955600012123,0.30286,0.46467,0.23247
mpi,200000,6,4,0.3358104440012539,0.302145,0.46371,0.234145
mpi,200000,6,5,0.3403557340006955,0.303595,0.46501,0.231395
mpi,200000,7,0,0.34430858199993963,0.301785,0.46623,0.231985
mpi,200000,7,1,0.3390097169994988,0.303615,0.465265,0.23112
mpi,200000,7,2,0.34411910900053044,0.301475,0.465995,0.23253
mpi,200000,7,3,0.3365945580007974,0.30245,0.46433,0.23322
mpi,200000,7,4,0.3427863269989757,0.30195,0.46375,0.2343
mpi,200000,7,5,0.3392747030011378,0.30253,0.465415,0.232055
mpi,200000,8,0,0.3435061929994845,0.30127,0.466585,0.232145
mpi,200000,8,1,0.34490410900070856,0.30317,0.46549,0.23134
mpi,200000,8,2,0.34815751099995396,0.3011,0.465705,0.233195
mpi,200000,8,3,0.35489015900020604,0.30258,0.464885,0.232535
mpi,200000,8,4,0.344728819998636,0.30199,0.463485,0.234525
mpi,200000,8,5,0.34827780300111044,0.302965,0.464595,0.23244
mpi,400000,1,0,0.3403483639995102,0.3021475,0.4652225,0.23263
mpi,400000,1,1,0.33933986199917854,0.302245,0.4652525,0.2325025
mpi,400000,1,2,0.33605368499956967,0.30214,0.4648625,0.2329975
mpi,400000,1,3,0.34000302299864416,0.30183,0.46524,0.23293
mpi,400000,1,4,0.33550161799939815,0.3009575,0.465745,0.2332975
mpi,400000,1,5,0.33588694399986707,0.30021,0.466435,0.233355
mpi,400000,2,0,0.327396384000167,0.3014825,0.4644775,0.23404
mpi,400000,2,1,0.3280761859987251,0.3029625,0.464485,0.2325525
mpi,400000,2,2,0.32823399500011874,0.3023275,0.46509,0.2325825
mpi,400000,2,3,0.32759479800006375,0.300985,0.465955,0.23306
mpi,400000,2,4,0.33568858900071064,0.3012575,0.4649375,0.233805
mpi,400000,2,5,0.3279561350009317,0.3014025,0.465655,0.2329425
mpi,400000,3,0,0.32786059099998965,0.3017575,0.4647,0.2335425
mpi,400000,3,1,0.32859359800022503,0.3020875,0.4653075,0.232605
mpi,400000,3,2,0.33117427400065935,0.3027275,0.46448,0.2327925
mpi,400000,3,3,0.32791018599891686,0.3007675,0.4660825,0.23315
mpi,400000,3,4,0.3280762300000788,0.302,0.46539,0.23261
mpi,400000,3,5,0.3283866060010041,0.30173,0.4657025,0.2325675
mpi,400000,4,0,0.3285718139995879,0.30152,0.464865,0.233615
mpi,400000,4,1,0.3314544389995717,0.3020775,0.4652575,0.232665
mpi,400000,4,2,0.3341587859995343,0.3026575,0.46423,0.2331125
mpi,400000,4,3,0.330040562999784,0.301225,0.4660925,0.2326825
mpi,400000,4,4,0.33239547799894353,0.302085,0.4649725,0.2329425
mpi,400000,4,5,0.3306723890000285,0.3018325,0.465525,0.2326425
mpi,400000,5,0,0.3320831649998581,0.3011075,0.4658475,0.233045
mpi,400000,5,1,0.33489432299938926,0.3021475,0.4652475,0.232605
mpi,400000,5,2,0.3318501710000419,0.3025475,0.4648075,0.232645
mpi,400000,5,3,0.3317280120008945,0.30087,0.4663125,0.2328175
mpi,400000,5,4,0.3371282979987882,0.3023675,0.46471,0.2329225
mpi,400000,5,5,0.33960436300003494,0.3017775,0.465725,0.2324975
mpi,400000,6,0,0.34069983399967896,0.3012675,0.4658175,0.232915
mpi,400000,6,1,0.3440672429987899,0.3021825,0.4649425,0.232875
mpi,400000,6,2,0.3348492269997223,0.3024375,0.465175,0.2323875
mpi,400000,6,3,0.33645257099851733,0.3014525,0.46571,0.2328375
mpi,400000,6,4,0.3391440289997263,0.3014525,0.46574,0.2328075
mpi,400000,6,5,0.3363146410010813,0.301815,0.4662675,0.2319175
mpi,400000,7,0,0.34428094400027476,0.3007825,0.465905,0.2333125
mpi,400000,7,1,0.33939296800053853,0.30191,0.46525,0.23284
mpi,400000,7,2,0.3400316389997897,0.3018675,0.465285,0.2328475
mpi,400000,7,3,0.34050882200062915,0.3015175,0.46565,0.2328325
mpi,400000,7,4,0.3446117419989605,0.301415,0.46536,0.233225
mpi,400000,7,5,0.34308614600013243,0.301845,0.466895,0.23126
mpi,400000,8,0,0.3454127269997116,0.300255,0.466775,0.23297
mpi,400000,8,1,0.34359388399934687,0.3023425,0.4652125,0.232445
mpi,400000,8,2,0.3515520850014582,0.3016425,0.4656575,0.2327
mpi,400000,8,3,0.34413293400029943,0.3019175,0.46555,0.2325325
mpi,400000,8,4,0.3477378219995444,0.3016225,0.46504,0.2333375
mpi,400000,8,5,0.3475773809987004,0.30168,0.466465,0.231855
mpi,800000,1,0,0.36085212000034517,0.302055,0.465475,0.23247
mpi,800000,1,1,0.3681665010008146,0.302545,0.46566625,0.23178875
mpi,800000,1,2,0.36364531599974725,0.30242,0.46414875,0.23343125
mpi,800000,1,3,0.364175372000318,0.30171625,0.46583,0.23245375
mpi,800000,1,4,0.3635503890000109,0.3007925,0.4657075,0.2335
mpi,800000,1,5,0.3599353040008282,0.30113125,0.4656725,0.23319625
mpi,800000,2,0,0.3448443400011456,0.301325,0.465005,0.23367
mpi,800000,2,1,0.34326415000032284,0.30266375,0.46493625,0.2324
mpi,800000,2,2,0.3400201090007613,0.301635,0.46560125,0.23276375
mpi,800000,2,3,0.33950336999987485,0.30125125,0.46568,0.23306875
mpi,800000,2,4,0.33945622600003844,0.30083,0.4653275,0.2338425
mpi,800000,2,5,0.34043661400028213,0.30122875,0.4655,0.23327125
mpi,800000,3,0,0.3397003930003848,0.3015225,0.4655325,0.232945
mpi,800000,3,1,0.3360836259998905,0.302235,0.465295,0.23247
mpi,800000,3,2,0.335706633000882,0.30214375,0.4649425,0.23291375
mpi,800000,3,3,0.3363092270010384,0.30111,0.466005,0.232885
mpi,800000,3,4,0.3405346629988344,0.302265,0.46491875,0.23281625
mpi,800000,3,5,0.3354130410007201,0.302015,0.4653025,0.2326825
mpi,800000,4,0,0.3399020839988225,0.30128875,0.46521625,0.233495
mpi,800000,4,1,0.34068382999976166,0.302545,0.46487875,0.23257625
mpi,800000,4,2,0.3435599349995755,0.3017025,0.465075,0.2332225
mpi,800000,4,3,0.33780288900015876,0.3010675,0.465975,0.2329575
mpi,800000,4,4,0.3370788669999456,0.301725,0.46527875,0.23299625
mpi,800000,4,5,0.3366686909994314,0.30212125,0.46488375,0.232995
mpi,800000,5,0,0.3449245899992093,0.3013725,0.4654275,0.2332
mpi,800000,5,1,0.33942926400050055,0.3025575,0.46489625,0.23254625
mpi,800000,5,2,0.34154941199994937,0.30215875,0.46515875,0.2326825
mpi,800000,5,3,0.3414852770001744,0.30090375,0.4663525,0.23274375
mpi,800000,5,4,0.3410864479992597,0.30222,0.465145,0.232635
mpi,800000,5,5,0.33931491899966204,0.3016575,0.46546,0.2328825
mpi,800000,6,0,0.34379957799865224,0.301785,0.46549625,0.23271875
mpi,800000,6,1,0.34591056300087075,0.30225125,0.46454375,0.233205
mpi,800000,6,2,0.3439407139994728,0.30257625,0.4652025,0.23222125
mpi,800000,6,3,0.3430419489995984,0.3013975,0.466325,0.2322775
mpi,800000,6,4,0.33919274499930907,0.30181625,0.46574625,0.2324375
mpi,800000,6,5,0.34179996400052914,0.3013325,0.46612,0.2325475
mpi,800000,7,0,0.34916459300075076,0.301345,0.466095,0.23256
mpi,800000,7,1,0.3448300370000652,0.30258625,0.46448875,0.232925
mpi,800000,7,2,0.34991879200060794,0.30248625,0.46516875,0.232345
mpi,800000,7,3,0.3473809610004537,0.30135125,0.46628375,0.232365
mpi,800000,7,4,0.3483917419998761,0.30191375,0.46540875,0.2326775
mpi,800000,7,5,0.34766811299959954,0.30071125,0.46671,0.23257875
mpi,800000,8,0,0.35508130700145557,0.30142875,0.46616,0.23241125
mpi,800000,8,1,0.3534456109991879,0.30233375,0.46458625,0.23308
mpi,800000,8,2,0.3509426380005607,0.3018525,0.46552375,0.23262375
mpi,800000,8,3,0.3472199220013863,0.30142625,0.4660425,0.23253125
mpi,800000,8,4,0.3531047319993377,0.3021975,0.46484,0.2329625
mpi,800000,8,5,0.3503598039987992,0.30114,0.46600375,0.23285625
mpi,1600000,1,0,0.4088428869999916,0.30205188,0.46525688,0.23269125
mpi,1600000,1,1,0.4113493059994653,0.30189625,0.46593375,0.23217
mpi,1600000,1,2,0.40731184000105713,0.30236438,0.46446437,0.23317125
mpi,1600000,1,3,0.4120025770007487,0.3022875,0.465425,0.2322875
mpi,1600000,1,4,0.41190458300116006,0.30135375,0.46535312,0.23329312
mpi,1600000,1,5,0.40793258899975626,0.30166,0.46555812,0.23278187
mpi,1600000,2,0,0.3633071270014625,0.30173125,0.46534813,0.23292062
mpi,1600000,2,1,0.36344085200107656,0.30258875,0.46537125,0.23204
mpi,1600000,2,2,0.36793865700019524,0.30193063,0.4651375,0.23293188
mpi,1600000,2,3,0.3680201429997396,0.3015125,0.465845,0.2326425
mpi,1600000,2,4,0.36415452800065395,0.30108187,0.46547187,0.23344625
mpi,1600000,2,5,0.36774926600082836,0.30158313,0.46549125,0.23292562
mpi,1600000,3,0,0.35334579200025473,0.30160313,0.46565125,0.23274563
mpi,1600000,3,1,0.3505129189998115,0.3026325,0.46545625,0.23191125
mpi,1600000,3,2,0.3518948239998281,0.30180875,0.46493563,0.23325562
mpi,1600000,3,3,0.3511507219991472,0.3012075,0.46612687,0.23266562
mpi,1600000,3,4,0.3486922810006945,0.301445,0.46567313,0.23288187
mpi,1600000,3,5,0.35156739999911224,0.30173125,0.46533625,0.2329325
mpi,1600000,4,0,0.3444274760004191,0.3012925,0.46566062,0.23304687
mpi,1600000,4,1,0.34788022199973057,0.30246,0.46516937,0.23237062
mpi,1600000,4,2,0.34345022500019695,0.3013375,0.46542875,0.23323375
mpi,1600000,4,3,0.3475887340009649,0.30153625,0.46580938,0.23265437
mpi,1600000,4,4,0.34822465000070224,0.30160938,0.46548125,0.23290938
mpi,1600000,4,5,0.34805915300057677,0.30184,0.4650075,0.2331525
mpi,1600000,5,0,0.34935740499895473,0.30164062,0.46559375,0.23276563
mpi,1600000,5,1,0.3464107640011207,0.30208062,0.46525563,0.23266375
mpi,1600000,5,2,0.34360947300046973,0.3015125,0.46518437,0.23330313
mpi,1600000,5,3,0.343857587000457,0.30155625,0.4658175,0.23262625
mpi,1600000,5,4,0.34796846300014295,0.30217625,0.46504187,0.23278187
mpi,1600000,5,5,0.3476333489998069,0.30181938,0.46517562,0.233005
mpi,1600000,6,0,0.350892639000449,0.3018325,0.46562188,0.23254563
mpi,1600000,6,1,0.3519761940005992,0.3020375,0.46515625,0.23280625
mpi,1600000,6,2,0.35110566900038975,0.30176063,0.4654825,0.23275688
mpi,1600000,6,3,0.3483564150010352,0.30174625,0.46607125,0.2321825
mpi,1600000,6,4,0.3528129980004451,0.30199625,0.46507938,0.23292437
mpi,1600000,6,5,0.3528267269994103,0.30160188,0.46553187,0.23286625
mpi,1600000,7,0,0.34835301999919466,0.30162062,0.46584687,0.2325325
mpi,1600000,7,1,0.35668289400018693,0.30211875,0.46523375,0.2326475
mpi,1600000,7,2,0.35922302099970693,0.30175937,0.46553937,0.23270125
mpi,1600000,7,3,0.35726552099913533,0.30146875,0.46616687,0.23236438
mpi,1600000,7,4,0.3535994400008349,0.30211063,0.46493125,0.23295812
mpi,1600000,7,5,0.3541071510007896,0.30147438,0.46564312,0.2328825
mpi,1600000,8,0,0.35700228400128253,0.30167375,0.46595188,0.23237437
mpi,1600000,8,1,0.35847408900008304,0.30226125,0.46512562,0.23261313
mpi,1600000,8,2,0.35268446400004905,0.30151875,0.46579625,0.232685
mpi,1600000,8,3,0.35451238000132435,0.30143562,0.46619187,0.2323725
mpi,1600000,8,4,0.3575871470002312,0.30192,0.46514187,0.23293812
mpi,1600000,8,5,0.3594281999994564,0.30138687,0.46553813,0.233075
mpi,3200000,1,0,0.5085876939992886,0.30188219,0.46519625,0.23292156
mpi,3200000,1,1,0.503564175000065,0.30166562,0.46626469,0.23206969
mpi,3200000,1,2,0.5078341620010178,0.30199531,0.46506938,0.23293531
mpi,3200000,1,3,0.5041267019987572,0.3015975,0.46569531,0.23270719
mpi,3200000,1,4,0.5118011480008136,0.30161594,0.46577344,0.23261062
mpi,3200000,1,5,0.5038502320003317,0.30189813,0.46541594,0.23268594
mpi,3200000,2,0,0.4116447039996274,0.3018875,0.46538281,0.23272969
mpi,3200000,2,1,0.41117209200092475,0.30183031,0.46597531,0.23219438
mpi,3200000,2,2,0.4116933350014733,0.30209656,0.46507,0.23283344
mpi,3200000,2,3,0.41675820499949623,0.30197406,0.46535031,0.23267562
mpi,3200000,2,4,0.41397894399960933,0.30152406,0.46548375,0.23299219
mpi,3200000,2,5,0.4141013529988413,0.30185125,0.46547594,0.23267281
mpi,3200000,3,0,0.38903738999943016,0.30174688,0.46580875,0.23244438
mpi,3200000,3,1,0.3916209210001398,0.30240312,0.46583594,0.23176094
mpi,3200000,3,2,0.3875115339997137,0.30195125,0.46514437,0.23290437
mpi,3200000,3,3,0.38786529100070766,0.30184719,0.46554594,0.23260687
mpi,3200000,3,4,0.3930170889998408,0.30163812,0.4656225,0.23273937
mpi,3200000,3,5,0.38690807500097435,0.3018475,0.46526469,0.23288781
mpi,3200000,4,0,0.3798617539996485,0.3016175,0.46592031,0.23246219
mpi,3200000,4,1,0.37513569600014307,0.30246563,0.46553719,0.23199719
mpi,3200000,4,2,0.3727578899997752,0.30176531,0.46513656,0.23309812
mpi,3200000,4,3,0.3760726780001278,0.30189656,0.46567531,0.23242813
mpi,3200000,4,4,0.3714790449994325,0.30152937,0.46554031,0.23293031
mpi,3200000,4,5,0.3752235040010419,0.30193031,0.465135,0.23293469
mpi,3200000,5,0,0.3730842569984816,0.30163969,0.46589875,0.23246156
mpi,3200000,5,1,0.37992882000071404,0.30230125,0.46554969,0.23214906
mpi,3200000,5,2,0.3727979699997377,0.30150906,0.46533625,0.23315469
mpi,3200000,5,3,0.3715629429989349,0.30173062,0.46576156,0.23250781
mpi,3200000,5,4,0.3704590380002628,0.30168062,0.46557125,0.23274813
mpi,3200000,5,5,0.3686804219996702,0.30186656,0.46508688,0.23304656
mpi,3200000,6,0,0.37883723699997063,0.30187812,0.46566344,0.23245844
mpi,3200000,6,1,0.36896824600080436,0.3022325,0.46535031,0.23241719
mpi,3200000,6,2,0.3728318400007993,0.30138125,0.46556219,0.23305656
mpi,3200000,6,3,0.36798180199912167,0.30188531,0.46589094,0.23222375
mpi,3200000,6,4,0.366174566999689,0.30170344,0.46545281,0.23284375
mpi,3200000,6,5,0.3679154159999598,0.30169406,0.46541938,0.23288656
mpi,3200000,7,0,0.36747418499908235,0.30189813,0.46556,0.23254188
mpi,3200000,7,1,0.3692304039996088,0.30220406,0.46535469,0.23244125
mpi,3200000,7,2,0.3755727659990953,0.30146625,0.46575219,0.23278156
mpi,3200000,7,3,0.3712373310008843,0.30186438,0.46590781,0.23222781
mpi,3200000,7,4,0.36436764800055244,0.30180375,0.46541688,0.23277938
mpi,3200000,7,5,0.3675552320000861,0.30146031,0.46556406,0.23297562
mpi,3200000,8,0,0.3729605159987841,0.30190719,0.46568219,0.23241063
mpi,3200000,8,1,0.36614845100120874,0.30228344,0.46525406,0.2324625
mpi,3200000,8,2,0.36984890699932294,0.30104125,0.46609906,0.23285969
mpi,3200000,8,3,0.3741686319990549,0.30177906,0.46592031,0.23230063
mpi,3200000,8,4,0.36405798199848505,0.30182844,0.46531406,0.2328575
mpi,3200000,8,5,0.36741049800002656,0.30125375,0.46553219,0.23321406
mpi,6400000,1,0,0.6917125700001634,0.30172766,0.46577844,0.23249391
mpi,6400000,1,1,0.6964078719993267,0.30174797,0.46584969,0.23240234
mpi,6400000,1,2,0.6956150990008609,0.30191937,0.46516547,0.23291516
mpi,6400000,1,3,0.7007054330006213,0.30190203,0.46536344,0.23273453
mpi,6400000,1,4,0.6994100629999593,0.30157937,0.46584844,0.23257219
mpi,6400000,1,5,0.7167571259997203,0.30174156,0.46565812,0.23260031
mpi,6400000,2,0,0.5162169469986111,0.30196047,0.46507359,0.23296594
mpi,6400000,2,1,0.5159044699994411,0.30168563,0.46598187,0.2323325
mpi,6400000,2,2,0.515638721999494,0.30187234,0.46531422,0.23281344
mpi,6400000,2,3,0.5114376860001357,0.30162062,0.46562297,0.23275641
mpi,6400000,2,4,0.5124403099998744,0.30183266,0.46535422,0.23281313
mpi,6400000,2,5,0.5122596390010585,0.30191625,0.46536109,0.23272266
mpi,6400000,3,0,0.4531580479997501,0.30187531,0.46558906,0.23253562
mpi,6400000,3,1,0.45117024399951333,0.30173109,0.46604219,0.23222672
mpi,6400000,3,2,0.4565478410004289,0.30188531,0.46526734,0.23284734
mpi,6400000,3,3,0.4516609319998679,0.30176406,0.46555797,0.23267797
mpi,6400000,3,4,0.4598360939999111,0.30173672,0.46579375,0.23246953
mpi,6400000,3,5,0.451845350999065,0.30171016,0.46545469,0.23283516
mpi,6400000,4,0,0.42450795599870617,0.30164375,0.46599969,0.23235656
mpi,6400000,4,1,0.4237715670005855,0.30185234,0.46591063,0.23223703
mpi,6400000,4,2,0.41976636099934694,0.30189938,0.46525187,0.23284875
mpi,6400000,4,3,0.41969933200016385,0.30183328,0.46561453,0.23255219
mpi,6400000,4,4,0.4239071600004536,0.30167516,0.46556969,0.23275516
mpi,6400000,4,5,0.4188927880004485,0.30187516,0.46539938,0.23272547
mpi,6400000,5,0,0.4057744100009586,0.301595,0.46594062,0.23246438
mpi,6400000,5,1,0.4085298749996582,0.30199016,0.46584359,0.23216625
mpi,6400000,5,2,0.4199379429992405,0.30178641,0.46522594,0.23298766
mpi,6400000,5,3,0.4076801620012702,0.30186969,0.46569344,0.23243687
mpi,6400000,5,4,0.4135635509992426,0.30163344,0.46553,0.23283656
mpi,6400000,5,5,0.40975106899895763,0.30185781,0.46524609,0.23289609
mpi,6400000,6,0,0.40384368400009407,0.30178203,0.46581,0.23240797
mpi,6400000,6,1,0.40195622899955197,0.30214078,0.46562375,0.23223547
mpi,6400000,6,2,0.40000259499902313,0.30164641,0.4653475,0.23300609
mpi,6400000,6,3,0.4016075510007795,0.30193469,0.46570594,0.23235938
mpi,6400000,6,4,0.4024857959993824,0.30171797,0.46531266,0.23296938
mpi,6400000,6,5,0.407189005998589,0.30176734,0.46535156,0.23288109
mpi,6400000,7,0,0.3972928450002655,0.30175344,0.46578188,0.23246469
mpi,6400000,7,1,0.41105172199968365,0.30205984,0.46566687,0.23227328
mpi,6400000,7,2,0.39614543700008653,0.30167906,0.46547563,0.23284531
mpi,6400000,7,3,0.3995087980001699,0.30195734,0.46582187,0.23222078
mpi,6400000,7,4,0.4025197270002536,0.30171891,0.46536547,0.23291562
mpi,6400000,7,5,0.395687407000878,0.30167516,0.46545016,0.23287469
mpi,6400000,8,0,0.40252863299974706,0.30178172,0.46585312,0.23236516
mpi,6400000,8,1,0.40760357299950556,0.30213594,0.46558719,0.23227687
mpi,6400000,8,2,0.4075357570000051,0.30152406,0.46561266,0.23286328
mpi,6400000,8,3,0.3952614910012926,0.30190109,0.46583391,0.232265
mpi,6400000,8,4,0.4010097329992277,0.30164875,0.46545734,0.23289391
mpi,6400000,8,5,0.39863229199909256,0.30162219,0.46537859,0.23299922
mpi,12800000,1,0,1.0728073720001703,0.301795,0.46563547,0.23256953
mpi,12800000,1,1,1.083353846999671,0.30172148,0.46575703,0.23252148
mpi,12800000,1,2,1.0716710340002464,0.30182641,0.46551406,0.23265953
mpi,12800000,1,3,1.0842926500008616,0.30182195,0.46551336,0.23266469
mpi,12800000,1,4,1.0755188830007683,0.30162875,0.46573578,0.23263547
mpi,12800000,1,5,1.0838201939986902,0.30169859,0.4656532,0.2326482
mpi,12800000,2,0,0.7002460479998263,0.30178328,0.46551375,0.23270297
mpi,12800000,2,1,0.7112134479993983,0.30178063,0.46560375,0.23261562
mpi,12800000,2,2,0.7004812889990717,0.30180242,0.46542461,0.23277297
mpi,12800000,2,3,0.6997973670004285,0.30178109,0.46548031,0.23273859
mpi,12800000,2,4,0.7043453890000819,0.30171047,0.46554656,0.23274297
mpi,12800000,2,5,0.7041710729990882,0.3017768,0.46565984,0.23256336
mpi,12800000,3,0,0.5810199449988431,0.30182211,0.46552594,0.23265195
mpi,12800000,3,1,0.61558014000002,0.30176477,0.46580266,0.23243258
mpi,12800000,3,2,0.5804264859998511,0.30177289,0.46554398,0.23268312
mpi,12800000,3,3,0.5753850370001601,0.3017082,0.46557711,0.23271469
mpi,12800000,3,4,0.5762325570012763,0.30170914,0.46575266,0.2325382
mpi,12800000,3,5,0.5795515689987951,0.3018032,0.46534273,0.23285406
mpi,12800000,4,0,0.5240492440007074,0.301795,0.46549141,0.23271359
mpi,12800000,4,1,0.5205293439994421,0.301735,0.46590945,0.23235555
mpi,12800000,4,2,0.519838473001073,0.301805,0.46553008,0.23266492
mpi,12800000,4,3,0.5505062620013632,0.30166797,0.46563539,0.23269664
mpi,12800000,4,4,0.5802218749995518,0.30175742,0.46564227,0.23260031
mpi,12800000,4,5,0.5264544790006767,0.3018693,0.46541406,0.23271664
mpi,12800000,5,0,0.549707104000845,0.30174367,0.46561641,0.23263992
mpi,12800000,5,1,0.4985867089999374,0.30180398,0.46590406,0.23229195
mpi,12800000,5,2,0.4879963229996065,0.30177437,0.46543406,0.23279156
mpi,12800000,5,3,0.4880962429997453,0.30172172,0.46567875,0.23259953
mpi,12800000,5,4,0.4876513740000519,0.30173867,0.46563109,0.23263023
mpi,12800000,5,5,0.4869563219999691,0.30175977,0.46549281,0.23274742
mpi,12800000,6,0,0.46938568299992767,0.30183125,0.46562391,0.23254484
mpi,12800000,6,1,0.471195500000249,0.30181094,0.46571742,0.23247164
mpi,12800000,6,2,0.4708916110012069,0.30171734,0.46547086,0.2328118
mpi,12800000,6,3,0.4742633500009106,0.30174438,0.46576828,0.23248734
mpi,12800000,6,4,0.4669846899996628,0.30185383,0.46547945,0.23266672
mpi,12800000,6,5,0.4844400850015518,0.30175516,0.46553297,0.23271188
mpi,12800000,7,0,0.45778012499977194,0.30185445,0.46552539,0.23262016
mpi,12800000,7,1,0.46452103900082875,0.30181883,0.46572586,0.23245531
mpi,12800000,7,2,0.47025009100070747,0.3017507,0.46542352,0.23282578
mpi,12800000,7,3,0.4846354759993119,0.30181547,0.46572375,0.23246078
mpi,12800000,7,4,0.4586907960001554,0.30178516,0.46545219,0.23276266
mpi,12800000,7,5,0.4564088749993971,0.30177141,0.46549805,0.23273055
mpi,12800000,8,0,0.45486169799914933,0.30170141,0.46575227,0.23254633
mpi,12800000,8,1,0.4542165040002146,0.3019007,0.46571117,0.23238813
mpi,12800000,8,2,0.4755798850001156,0.30163859,0.46544281,0.23291859
mpi,12800000,8,3,0.45159934900038934,0.30183469,0.46567781,0.2324875
mpi,12800000,8,4,0.48413627299851214,0.30173398,0.46545188,0.23281414
mpi,12800000,8,5,0.47563402200103155,0.30182148,0.46546227,0.23271625
serial,100000,1,0,0.00944671200159064,0.302,0.46548,0.23252
serial,100000,1,1,0.009501808999630157,0.30147,0.46564,0.23289
serial,100000,1,2,0.009354097999676014,0.30144,0.4647,0.23386
serial,100000,1,3,0.00940062100016803,0.30498,0.46385,0.23117
serial,100000,1,4,0.009066476999578299,0.30111,0.46736,0.23153
serial,100000,1,5,0.009269688000131282,0.30056,0.46726,0.23218
serial,200000,1,0,0.0174912590009626,0.301695,0.465665,0.23264
serial,200000,1,1,0.017331160999674466,0.301375,0.46541,0.233215
serial,200000,1,2,0.01736908000020776,0.30189,0.465085,0.233025
serial,200000,1,3,0.01740896400042402,0.30375,0.463625,0.232625
serial,200000,1,4,0.01765897500081337,0.300615,0.466715,0.23267
serial,200000,1,5,0.017242838999663945,0.301245,0.466695,0.23206
serial,400000,1,0,0.03133854100087774,0.30086,0.465915,0.233225
serial,400000,1,1,0.030882917999406345,0.301395,0.465195,0.23341
serial,400000,1,2,0.030297236000478733,0.301485,0.4657475,0.2327675
serial,400000,1,3,0.030904870998710976,0.30309,0.464405,0.232505
serial,400000,1,4,0.031110171001273557,0.3021225,0.465675,0.2322025
serial,400000,1,5,0.031768824001119356,0.3012225,0.46647,0.2323075
serial,800000,1,0,0.06083199699969555,0.30107,0.46631375,0.23261625
serial,800000,1,1,0.061071964000802836,0.3013975,0.4653925,0.23321
serial,800000,1,2,0.06007011800102191,0.3012175,0.46583625,0.23294625
serial,800000,1,3,0.060871716001202,0.30225625,0.46527,0.23247375
serial,800000,1,4,0.06032403999961389,0.3024375,0.464685,0.2328775
serial,800000,1,5,0.060576849999051774,0.30105375,0.46675375,0.2321925
serial,1600000,1,0,0.12093461899894464,0.30163875,0.46586187,0.23249938
serial,1600000,1,1,0.12088382699948852,0.30176313,0.46549,0.23274687
serial,1600000,1,2,0.12046386800102482,0.30126125,0.46590312,0.23283562
serial,1600000,1,3,0.11898589200063725,0.30237313,0.46523437,0.2323925
serial,1600000,1,4,0.11969575700095447,0.3019275,0.4652475,0.232825
serial,1600000,1,5,0.12130602299839666,0.30151187,0.46643125,0.23205687
serial,3200000,1,0,0.23693933300091885,0.30182625,0.46569906,0.23247469
serial,3200000,1,1,0.23693361000005098,0.30158687,0.4656075,0.23280562
serial,3200000,1,2,0.24022917600086657,0.30151844,0.46562219,0.23285938
serial,3200000,1,3,0.23701157600044098,0.30206656,0.46527031,0.23266312
serial,3200000,1,4,0.23877938400073617,0.30180187,0.46548281,0.23271531
serial,3200000,1,5,0.23719811999944795,0.30167688,0.46609625,0.23222687
serial,6400000,1,0,0.4782991709998896,0.30204938,0.46543297,0.23251766
serial,6400000,1,1,0.4709606779997557,0.301685,0.46542125,0.23289375
serial,6400000,1,2,0.47248079599921766,0.30176859,0.46539141,0.23284
serial,6400000,1,3,0.47030579000056605,0.30211047,0.46508813,0.23280141
serial,6400000,1,4,0.4773320510012127,0.30174828,0.46542672,0.232825
serial,6400000,1,5,0.47242243799883,0.30161547,0.46599016,0.23239437
serial,12800000,1,0,0.9421544359993277,0.30192562,0.46554656,0.23252781
serial,12800000,1,1,0.9443506089992297,0.30183656,0.46550508,0.23265836
serial,12800000,1,2,0.942765985000733,0.3017432,0.46553648,0.23272031
serial,12800000,1,3,0.9442637520005519,0.30189086,0.46534031,0.23276883
serial,12800000,1,4,0.9405422870004259,0.30187336,0.46526352,0.23286313
serial,12800000,1,5,0.9444271089996619,0.30173078,0.46581195,0.23245727
pthreads,100000,1,0,0.007495559999370016,0.3023,0.46462,0.23308
pthreads,100000,1,1,0.007704382000156329,0.3038,0.46482,0.23138
pthreads,100000,1,2,0.007659249999051099,0.30377,0.46422,0.23201
pthreads,100000,1,3,0.006883379001010326,0.30223,0.4637,0.23407
pthreads,100000,1,4,0.006995110001298599,0.30201,0.46557,0.23242
pthreads,100000,1,5,0.007515483999668504,0.29851,0.46869,0.2328
pthreads,100000,2,0,0.004466207001314615,0.29945,0.46639,0.23416
pthreads,100000,2,1,0.0044767859999410575,0.30209,0.46575,0.23216
pthreads,100000,2,2,0.0041058770002564415,0.30301,0.46541,0.23158
pthreads,100000,2,3,0.0046530599993275246,0.30009,0.4649,0.23501
pthreads,100000,2,4,0.004069105998496525,0.30372,0.46451,0.23177
pthreads,100000,2,5,0.004275029999917024,0.30082,0.468,0.23118
pthreads,100000,3,0,0.003597134000301594,0.30094,0.46602,0.23304
pthreads,100000,3,1,0.0034028010013571475,0.30133,0.46526,0.23341
pthreads,100000,3,2,0.003191216999766766,0.30245,0.46553,0.23202
pthreads,100000,3,3,0.003173901999616646,0.30052,0.46611,0.23337
pthreads,100000,3,4,0.003494611000860459,0.30242,0.46528,0.2323
pthreads,100000,3,5,0.0033514009992359206,0.30137,0.46779,0.23084
pthreads,100000,4,0,0.003162592000080622,0.30122,0.46598,0.2328
pthreads,100000,4,1,0.003965456000514678,0.30234,0.46649,0.23117
pthreads,100000,4,2,0.0030809229992883047,0.302,0.46536,0.23264
pthreads,100000,4,3,0.0029611150002892828,0.30188,0.4657,0.23242
pthreads,100000,4,4,0.0033447329988121055,0.30307,0.46457,0.23236
pthreads,100000,4,5,0.0037055060001875972,0.30001,0.46892,0.23107
pthreads,100000,5,0,0.0038245149989961646,0.30325,0.46473,0.23202
pthreads,100000,5,1,0.0035565679991123034,0.30302,0.4654,0.23158
pthreads,100000,5,2,0.0037383280014182674,0.30061,0.46635,0.23304
pthreads,100000,5,3,0.0030825240010017296,0.30158,0.46618,0.23224
pthreads,100000,5,4,0.003645898999820929,0.30353,0.46395,0.23252
pthreads,100000,5,5,0.0037328580001485534,0.30055,0.46867,0.23078
pthreads,100000,6,0,0.0035214809995522955,0.30142,0.46506,0.23352
pthreads,100000,6,1,0.003550276000169106,0.30303,0.4653,0.23167
pthreads,100000,6,2,0.0037741979995189467,0.3009,0.46679,0.23231
pthreads,100000,6,3,0.003961256999900797,0.30139,0.46629,0.23232
pthreads,100000,6,4,0.0036252039990358753,0.30476,0.46327,0.23197
pthreads,100000,6,5,0.003978680000727763,0.30148,0.46928,0.22924
pthreads,100000,7,0,0.003672185999676003,0.30077,0.46511,0.23412
pthreads,100000,7,1,0.00374874500084843,0.30268,0.46527,0.23205
pthreads,100000,7,2,0.003656700000647106,0.30008,0.4663,0.23362
pthreads,100000,7,3,0.003807895000136341,0.30226,0.46561,0.23213
pthreads,100000,7,4,0.003684871000587009,0.30457,0.46485,0.23058
pthreads,100000,7,5,0.0040190719992097,0.30218,0.46896,0.22886
pthreads,100000,8,0,0.00373203100025421,0.30229,0.46325,0.23446
pthreads,100000,8,1,0.003918795999197755,0.30315,0.46598,0.23087
pthreads,100000,8,2,0.003658196999822394,0.30002,0.46582,0.23416
pthreads,100000,8,3,0.0038660339996567927,0.30223,0.46673,0.23104
pthreads,100000,8,4,0.003810504000284709,0.30577,0.46458,0.22965
pthreads,100000,8,5,0.003639448001194978,0.30252,0.4677,0.22978
pthreads,200000,1,0,0.013514280000890722,0.301555,0.46547,0.232975
pthreads,200000,1,1,0.013148125999578042,0.302645,0.46438,0.232975
pthreads,200000,1,2,0.013827990000208956,0.302755,0.46481,0.232435
pthreads,200000,1,3,0.012971263999133953,0.301055,0.46473,0.234215
pthreads,200000,1,4,0.0135924280002655,0.30147,0.465715,0.232815
pthreads,200000,1,5,0.013738892001128988,0.300405,0.46723,0.232365
pthreads,200000,2,0,0.007851712000046973,0.30162,0.46515,0.23323
pthreads,200000,2,1,0.007756035998681909,0.302875,0.464875,0.23225
pthreads,200000,2,2,0.007412820999888936,0.303915,0.464365,0.23172
pthreads,200000,2,3,0.007871482001064578,0.30108,0.46444,0.23448
pthreads,200000,2,4,0.007833400000890833,0.303155,0.465015,0.23183
pthreads,200000,2,5,0.0071929290006664814,0.3003,0.46781,0.23189
pthreads,200000,3,0,0.005798058000436868,0.301585,0.465435,0.23298
pthreads,200000,3,1,0.005846405998454429,0.30236,0.465225,0.232415
pthreads,200000,3,2,0.005944779000856215,0.30307,0.46438,0.23255
pthreads,200000,3,3,0.006223714999578078,0.300025,0.465435,0.23454
pthreads,200000,3,4,0.0059686209988285555,0.302885,0.46476,0.232355
pthreads,200000,3,5,0.006073292001019581,0.3009,0.466835,0.232265
pthreads,200000,4,0,0.0067082980003760895,0.30052,0.466995,0.232485
pthreads,200000,4,1,0.005414213999756612,0.30177,0.4655,0.23273
pthreads,200000,4,2,0.005544464000195148,0.3029,0.464275,0.232825
pthreads,200000,4,3,0.0060317980005493155,0.301655,0.46472,0.233625
pthreads,200000,4,4,0.005224452999755158,0.302755,0.464365,0.23288
pthreads,200000,4,5,0.005442802999823471,0.300915,0.46703,0.232055
pthreads,200000,5,0,0.006473929999629036,0.301475,0.465595,0.23293
pthreads,200000,5,1,0.0054857979994267225,0.30213,0.465125,0.232745
pthreads,200000,5,2,0.00534486199831008,0.301775,0.464735,0.23349
pthreads,200000,5,3,0.006338776000120561,0.302095,0.46562,0.232285
pthreads,200000,5,4,0.005669405001754058,0.303205,0.463715,0.23308
pthreads,200000,5,5,0.005569771999944351,0.30091,0.46744,0.23165
pthreads,200000,6,0,0.006181213999298052,0.301605,0.465465,0.23293
pthreads,200000,6,1,0.00531939299980877,0.30172,0.46531,0.23297
pthreads,200000,6,2,0.006284380000579404,0.30165,0.465465,0.232885
pthreads,200000,6,3,0.0053539820000878535,0.301585,0.465665,0.23275
pthreads,200000,6,4,0.005329128000084893,0.303515,0.46396,0.232525
pthreads,200000,6,5,0.006195722999109421,0.301715,0.467425,0.23086
pthreads,200000,7,0,0.006153243000881048,0.30175,0.46518,0.23307
pthreads,200000,7,1,0.006219619999683346,0.301545,0.465925,0.23253
pthreads,200000,7,2,0.0064234120000037365,0.30069,0.465975,0.233335
pthreads,200000,7,3,0.006265805999646545,0.301735,0.465955,0.23231
pthreads,200000,7,4,0.006870793000416597,0.304035,0.464385,0.23158
pthreads,200000,7,5,0.006473724999523256,0.302055,0.46649,0.231455
pthreads,200000,8,0,0.006138881000879337,0.302105,0.46432,0.233575
pthreads,200000,8,1,0.006910746998983086,0.301605,0.467,0.231395
pthreads,200000,8,2,0.006200603000252158,0.300815,0.465995,0.23319
pthreads,200000,8,3,0.006220802999450825,0.30187,0.466785,0.231345
pthreads,200000,8,4,0.00646147900079086,0.304275,0.46403,0.231695
pthreads,200000,8,5,0.006288259999564616,0.301835,0.4671,0.231065
pthreads,400000,1,0,0.025734103999639046,0.3021475,0.4652225,0.23263
pthreads,400000,1,1,0.025055864000023575,0.302245,0.4652525,0.2325025
pthreads,400000,1,2,0.025188588000673917,0.30214,0.4648625,0.2329975
pthreads,400000,1,3,0.025159773000268615,0.30183,0.46524,0.23293
pthreads,400000,1,4,0.02492302800055768,0.3009575,0.465745,0.2332975
pthreads,400000,1,5,0.0249114060006832,0.30021,0.466435,0.233355
pthreads,400000,2,0,0.014160792999973637,0.3016025,0.4644825,0.233915
pthreads,400000,2,1,0.014013125999554177,0.3021975,0.46477,0.2330325
pthreads,400000,2,2,0.01411268100127927,0.3031675,0.4650825,0.23175
pthreads,400000,2,3,0.014310391999970307,0.300055,0.466075,0.23387
pthreads,400000,2,4,0.014123795999694266,0.3027325,0.4647125,0.232555
pthreads,400000,2,5,0.014251887001591967,0.300855,0.4670125,0.2321325
pthreads,400000,3,0,0.01061853200008045,0.3027075,0.464805,0.2324875
pthreads,400000,3,1,0.01053427100123372,0.3025125,0.46459,0.2328975
pthreads,400000,3,2,0.010475177999978769,0.3025625,0.4659425,0.231495
pthreads,400000,3,3,0.010331969999242574,0.300585,0.4655925,0.2338225
pthreads,400000,3,4,0.010507574999792268,0.302415,0.4648025,0.2327825
pthreads,400000,3,5,0.01067958099883981,0.300675,0.466775,0.23255
pthreads,400000,4,0,0.009927884000717313,0.3022375,0.4657675,0.231995
pthreads,400000,4,1,0.00987770300162083,0.30268,0.464655,0.232665
pthreads,400000,4,2,0.009115963999647647,0.302835,0.4641075,0.2330575
pthreads,400000,4,3,0.009130164000453078,0.30173,0.46497,0.2333
pthreads,400000,4,4,0.009791054000743316,0.30244,0.4648775,0.2326825
pthreads,400000,4,5,0.009505791000265162,0.3011925,0.4664325,0.232375
pthreads,400000,5,0,0.009385479999764357,0.30164,0.465975,0.232385
pthreads,400000,5,1,0.00932778700007475,0.3025275,0.46545,0.2320225
pthreads,400000,5,2,0.009869790001175716,0.30288,0.4639025,0.2332175
pthreads,400000,5,3,0.009443073000511504,0.30135,0.465395,0.233255
pthreads,400000,5,4,0.009455834000618779,0.302595,0.46484,0.232565
pthreads,400000,5,5,0.009207377999700839,0.3010875,0.466,0.2329125
pthreads,400000,6,0,0.008960486999058048,0.3016375,0.46552,0.2328425
pthreads,400000,6,1,0.008811306999632507,0.3022175,0.46517,0.2326125
pthreads,400000,6,2,0.009980867000194849,0.3024875,0.46405,0.2334625
pthreads,400000,6,3,0.008926115000576829,0.300865,0.46539,0.233745
pthreads,400000,6,4,0.009744204000526224,0.302815,0.464705,0.23248
pthreads,400000,6,5,0.009042597999723512,0.301455,0.46623,0.232315
pthreads,400000,7,0,0.011343898999257362,0.3013875,0.4659475,0.232665
pthreads,400000,7,1,0.011342309999236022,0.30139,0.4657975,0.2328125
pthreads,400000,7,2,0.01134602100137272,0.301735,0.46447,0.233795
pthreads,400000,7,3,0.011157175000334973,0.301535,0.465285,0.23318
pthreads,400000,7,4,0.011700019000272732,0.302625,0.4647525,0.2326225
pthreads,400000,7,5,0.011441762999311322,0.30157,0.46599,0.23244
pthreads,400000,8,0,0.011910327999430592,0.30169,0.4653675,0.2329425
pthreads,400000,8,1,0.011109862000012072,0.301725,0.46569,0.232585
pthreads,400000,8,2,0.011227196000618278,0.30136,0.464915,0.233725
pthreads,400000,8,3,0.011286388000371517,0.3014225,0.4657975,0.23278
pthreads,400000,8,4,0.012306726999668172,0.302785,0.4645825,0.2326325
pthreads,400000,8,5,0.011426469000070938,0.30216,0.4657525,0.2320875
pthreads,800000,1,0,0.04929831800109241,0.302055,0.465475,0.23247
pthreads,800000,1,1,0.049298003999865614,0.302545,0.46566625,0.23178875
pthreads,800000,1,2,0.04925088100026187,0.30242,0.46414875,0.23343125
pthreads,800000,1,3,0.04915606499889691,0.30171625,0.46583,0.23245375
pthreads,800000,1,4,0.049170917000083136,0.3007925,0.4657075,0.2335
pthreads,800000,1,5,0.049166803999469266,0.30113125,0.4656725,0.23319625
pthreads,800000,2,0,0.02718483199896582,0.3017525,0.46473625,0.23351125
pthreads,800000,2,1,0.027119897000375204,0.3020425,0.46550875,0.23244875
pthreads,800000,2,2,0.027134269999805838,0.30287375,0.4650325,0.23209375
pthreads,800000,2,3,0.026903853000476374,0.30110625,0.46563125,0.2332625
pthreads,800000,2,4,0.028027208001731196,0.30203625,0.4650525,0.23291125
pthreads,800000,2,5,0.026475299000594532,0.30111375,0.46607375,0.2328125
pthreads,800000,3,0,0.019932346000132384,0.30212125,0.46486,0.23301875
pthreads,800000,3,1,0.02020943199931935,0.30196375,0.46562,0.23241625
pthreads,800000,3,2,0.019547889000023133,0.3028475,0.465475,0.2316775
pthreads,800000,3,3,0.019778150999627542,0.30079125,0.46615125,0.2330575
pthreads,800000,3,4,0.02024519800033886,0.30201,0.464815,0.233175
pthreads,800000,3,5,0.019864580001012655,0.30149,0.4659625,0.2325475
pthreads,800000,4,0,0.017395097000189708,0.302065,0.464925,0.23301
pthreads,800000,4,1,0.017297513000812614,0.30246125,0.46496625,0.2325725
pthreads,800000,4,2,0.01797204799913743,0.30230375,0.46512875,0.2325675
pthreads,800000,4,3,0.01729328900000837,0.3011375,0.46588,0.2329825
pthreads,800000,4,4,0.01746693399945798,0.30209,0.46475875,0.23315125
pthreads,800000,4,5,0.017272237999350182,0.3015825,0.46600375,0.23241375
pthreads,800000,5,0,0.017166657000416308,0.30192625,0.46529875,0.232775
pthreads,800000,5,1,0.016945996998401824,0.3025075,0.46495125,0.23254125
pthreads,800000,5,2,0.016934141998717678,0.30185875,0.46536125,0.23278
pthreads,800000,5,3,0.016838146000736742,0.30112625,0.465935,0.23293875
pthreads,800000,5,4,0.0168501069983904,0.3017975,0.465275,0.2329275
pthreads,800000,5,5,0.016884282000319217,0.301505,0.46589125,0.23260375
pthreads,800000,6,0,0.016080494000561885,0.302025,0.46528625,0.23268875
pthreads,800000,6,1,0.01628092500141065,0.302235,0.46512,0.232645
pthreads,800000,6,2,0.016471716000523884,0.30225625,0.4648625,0.23288125
pthreads,800000,6,3,0.01724204000129248,0.3011625,0.46549375,0.23334375
pthreads,800000,6,4,0.016068457000073977,0.30229,0.46487875,0.23283125
pthreads,800000,6,5,0.01610126499872422,0.30139625,0.4660075,0.23259625
pthreads,800000,7,0,0.021365051999964635,0.3020125,0.465265,0.2327225
pthreads,800000,7,1,0.021400878998974804,0.30198125,0.4651875,0.23283125
pthreads,800000,7,2,0.021339615999750094,0.30212125,0.46477,0.23310875
pthreads,800000,7,3,0.021741014999861363,0.301245,0.465615,0.23314
pthreads,800000,7,4,0.02164024800003972,0.30223125,0.46531875,0.23245
pthreads,800000,7,5,0.02220682500046678,0.30171375,0.46586375,0.2324225
pthreads,800000,8,0,0.021515479998925002,0.302255,0.46506375,0.23268125
pthreads,800000,8,1,0.021093094001116697,0.30233375,0.46522,0.23244625
pthreads,800000,8,2,0.021098720000736648,0.3022475,0.4643875,0.233365
pthreads,800000,8,3,0.02109848300096928,0.30155,0.46574625,0.23270375
pthreads,800000,8,4,0.021050994999313843,0.3024625,0.465325,0.2322125
pthreads,800000,8,5,0.020680604999142815,0.3020475,0.46548,0.2324725
pthreads,1600000,1,0,0.09745416300029319,0.30205188,0.46525688,0.23269125
pthreads,1600000,1,1,0.09751375999985612,0.30189625,0.46593375,0.23217
pthreads,1600000,1,2,0.09809114100062288,0.30236438,0.46446437,0.23317125
pthreads,1600000,1,3,0.09708910599874798,0.3022875,0.465425,0.2322875
pthreads,1600000,1,4,0.0978403339995566,0.30135375,0.46535312,0.23329312
pthreads,1600000,1,5,0.09725031499874603,0.30166,0.46555812,0.23278187
pthreads,1600000,2,0,0.05204593500093324,0.30167813,0.46523687,0.233085
pthreads,1600000,2,1,0.05253704300048412,0.302225,0.46568688,0.23208813
pthreads,1600000,2,2,0.05265336199954618,0.30278187,0.46460937,0.23260875
pthreads,1600000,2,3,0.052171904000715585,0.30129375,0.46546562,0.23324063
pthreads,1600000,2,4,0.05295054700036417,0.30182188,0.46495,0.23322813
pthreads,1600000,2,5,0.05237733100148034,0.30148687,0.4655775,0.23293563
pthreads,1600000,3,0,0.03892437700051232,0.30204063,0.46499187,0.2329675
pthreads,1600000,3,1,0.038782674999310984,0.30266,0.46543937,0.23190062
pthreads,1600000,3,2,0.040580890999990515,0.30268187,0.46483687,0.23248125
pthreads,1600000,3,3,0.03922319600133051,0.30145,0.46554438,0.23300562
pthreads,1600000,3,4,0.03829756699997233,0.30130187,0.46535312,0.233345
pthreads,1600000,3,5,0.03896387900022091,0.30147438,0.46567375,0.23285188
pthreads,1600000,4,0,0.03442484699917259,0.30212438,0.46486312,0.2330125
pthreads,1600000,4,1,0.035218388999055605,0.30257937,0.46536187,0.23205875
pthreads,1600000,4,2,0.03376441099862859,0.30265938,0.46471313,0.2326275
pthreads,1600000,4,3,0.03403666099984548,0.30167312,0.46577125,0.23255562
pthreads,1600000,4,4,0.033547877999808406,0.30190312,0.4648225,0.23327438
pthreads,1600000,4,5,0.03414441899985832,0.30173062,0.46563625,0.23263312
pthreads,1600000,5,0,0.03188181000041368,0.30166562,0.46531625,0.23301812
pthreads,1600000,5,1,0.03174128200043924,0.30227562,0.46556687,0.2321575
pthreads,1600000,5,2,0.032776783000372234,0.30238312,0.46486125,0.23275562
pthreads,1600000,5,3,0.032179170000745216,0.30148938,0.46601562,0.232495
pthreads,1600000,5,4,0.03251816400006646,0.30162187,0.4650925,0.23328562
pthreads,1600000,5,5,0.03178535799997917,0.30144938,0.46571187,0.23283875
pthreads,1600000,6,0,0.030804631000137306,0.30146812,0.46527875,0.23325313
pthreads,1600000,6,1,0.03318449200014584,0.30184937,0.46572313,0.2324275
pthreads,1600000,6,2,0.03016140600084327,0.30242812,0.46513187,0.23244
pthreads,1600000,6,3,0.03295435099971655,0.30121,0.46594687,0.23284313
pthreads,1600000,6,4,0.030835651999950642,0.30195125,0.46483062,0.23321812
pthreads,1600000,6,5,0.030835219000437064,0.30154938,0.46556938,0.23288125
pthreads,1600000,7,0,0.04152323299967975,0.301285,0.46559,0.233125
pthreads,1600000,7,1,0.04184276300111378,0.3018125,0.46579375,0.23239375
pthreads,1600000,7,2,0.041724025999428704,0.30190187,0.46518813,0.23291
pthreads,1600000,7,3,0.041996907000793726,0.30142562,0.46574312,0.23283125
pthreads,1600000,7,4,0.04152243099997577,0.30206625,0.46514187,0.23279188
pthreads,1600000,7,5,0.04138226000031864,0.301805,0.46549,0.232705
pthreads,1600000,8,0,0.042435279001438175,0.30162625,0.4651725,0.23320125
pthreads,1600000,8,1,0.04308350399878691,0.30209875,0.46540437,0.23249687
pthreads,1600000,8,2,0.041004611000971636,0.3017875,0.46529063,0.23292188
pthreads,1600000,8,3,0.04142317900004855,0.30108812,0.46609,0.23282188
pthreads,1600000,8,4,0.04366085999936331,0.3020775,0.46524688,0.23267562
pthreads,1600000,8,5,0.04069192499991914,0.3018475,0.4655,0.2326525
pthreads,3200000,1,0,0.19320807800067996,0.30188219,0.46519625,0.23292156
pthreads,3200000,1,1,0.19314357400071458,0.30166562,0.46626469,0.23206969
pthreads,3200000,1,2,0.19371339099961915,0.30199531,0.46506938,0.23293531
pthreads,3200000,1,3,0.1937078549999569,0.3015975,0.46569531,0.23270719
pthreads,3200000,1,4,0.1935874570008309,0.30161594,0.46577344,0.23261062
pthreads,3200000,1,5,0.19301432899919746,0.30189813,0.46541594,0.23268594
pthreads,3200000,2,0,0.10319363599955977,0.30186687,0.46536281,0.23277031
pthreads,3200000,2,1,0.1033875689990964,0.301885,0.4656825,0.2324325
pthreads,3200000,2,2,0.10322546800125565,0.30217656,0.464855,0.23296844
pthreads,3200000,2,3,0.10280933399917558,0.30184281,0.46548187,0.23267531
pthreads,3200000,2,4,0.10875306200068735,0.30189156,0.46516344,0.232945
pthreads,3200000,2,5,0.11102790900076798,0.30184531,0.4651725,0.23298219
pthreads,3200000,3,0,0.07609256999967329,0.30185375,0.46513344,0.23301281
pthreads,3200000,3,1,0.07666783500098973,0.30228719,0.46557688,0.23213594
pthreads,3200000,3,2,0.07660284699886688,0.30227094,0.46501625,0.23271281
pthreads,3200000,3,3,0.07600003900006413,0.30160281,0.465445,0.23295219
pthreads,3200000,3,4,0.07607884900062345,0.30166312,0.46535938,0.2329775
pthreads,3200000,3,5,0.07743157999902905,0.30160938,0.46558906,0.23280156
pthreads,3200000,4,0,0.06597271100145008,0.30193437,0.46497781,0.23308781
pthreads,3200000,4,1,0.0655730840007891,0.3025325,0.46551219,0.23195531
pthreads,3200000,4,2,0.06528903199978231,0.30245625,0.464705,0.23283875
pthreads,3200000,4,3,0.0661098740001762,0.30160687,0.46547969,0.23291344
pthreads,3200000,4,4,0.06535241500023403,0.30174781,0.46517625,0.23307594
pthreads,3200000,4,5,0.06561784499899659,0.30190594,0.46547469,0.23261937
pthreads,3200000,5,0,0.06307304200163344,0.3017275,0.46518375,0.23308875
pthreads,3200000,5,1,0.06259524599954602,0.30244625,0.46537656,0.23217719
pthreads,3200000,5,2,0.06226575899927411,0.30218406,0.46498531,0.23283063
pthreads,3200000,5,3,0.06242882500009728,0.30167688,0.46568906,0.23263406
pthreads,3200000,5,4,0.06286106399966229,0.30159438,0.46528656,0.23311906
pthreads,3200000,5,5,0.06241704100102652,0.30190406,0.46522281,0.23287312
pthreads,3200000,6,0,0.05981426499965892,0.30176969,0.46529312,0.23293719
pthreads,3200000,6,1,0.06235413299873471,0.30244875,0.46557656,0.23197469
pthreads,3200000,6,2,0.06004250600017258,0.30221031,0.4650375,0.23275219
pthreads,3200000,6,3,0.06066548299895658,0.30174906,0.46557406,0.23267688
pthreads,3200000,6,4,0.05978800900084025,0.30155531,0.46513781,0.23330687
pthreads,3200000,6,5,0.060714864999681595,0.30167406,0.46522969,0.23309625
pthreads,3200000,7,0,0.09292279500004952,0.30165656,0.46543937,0.23290406
pthreads,3200000,7,1,0.08970487099941238,0.30213375,0.46579906,0.23206719
pthreads,3200000,7,2,0.08249131599950488,0.30212344,0.46509187,0.23278469
pthreads,3200000,7,3,0.08753166099995724,0.30166281,0.46567969,0.2326575
pthreads,3200000,7,4,0.06940084300003946,0.3016575,0.46517031,0.23317219
pthreads,3200000,7,5,0.08257860000048822,0.30184563,0.46517562,0.23297875
pthreads,3200000,8,0,0.0808164760001091,0.30171188,0.46526219,0.23302594
pthreads,3200000,8,1,0.0811593719990924,0.30226125,0.46564187,0.23209688
pthreads,3200000,8,2,0.07891305100019963,0.30207375,0.46517562,0.23275062
pthreads,3200000,8,3,0.07655430799968599,0.3015525,0.46589156,0.23255594
pthreads,3200000,8,4,0.0858430780008348,0.30178281,0.46532594,0.23289125
pthreads,3200000,8,5,0.08545288799905393,0.30185563,0.46527438,0.23287
pthreads,6400000,1,0,0.38683255599971744,0.30172766,0.46577844,0.23249391
pthreads,6400000,1,1,0.38753677000022435,0.30174797,0.46584969,0.23240234
pthreads,6400000,1,2,0.3862100209989876,0.30191937,0.46516547,0.23291516
pthreads,6400000,1,3,0.38853906000076677,0.30190203,0.46536344,0.23273453
pthreads,6400000,1,4,0.38699481599905994,0.30157937,0.46584844,0.23257219
pthreads,6400000,1,5,0.38496321299862757,0.30174156,0.46565812,0.23260031
pthreads,6400000,2,0,0.2056025839992799,0.30194906,0.46505812,0.23299281
pthreads,6400000,2,1,0.20506517899957544,0.30175297,0.46582766,0.23241938
pthreads,6400000,2,2,0.20577286499974434,0.30201187,0.46527391,0.23271422
pthreads,6400000,2,3,0.2055913200001669,0.30164031,0.46543969,0.23292
pthreads,6400000,2,4,0.2053934509985993,0.30185109,0.46551063,0.23263828
pthreads,6400000,2,5,0.20551884099950257,0.3019125,0.46528156,0.23280594
pthreads,6400000,3,0,0.15194137300022703,0.30193938,0.46535578,0.23270484
pthreads,6400000,3,1,0.15184222300013062,0.30189922,0.465615,0.23248578
pthreads,6400000,3,2,0.15084974899946246,0.3021175,0.46504703,0.23283547
pthreads,6400000,3,3,0.15050106899980165,0.30174937,0.46557047,0.23268016
pthreads,6400000,3,4,0.1522337869992043,0.3018725,0.46534828,0.23277922
pthreads,6400000,3,5,0.1643741299994872,0.30179375,0.46535859,0.23284766
pthreads,6400000,4,0,0.13284077899879776,0.30198234,0.46509875,0.23291891
pthreads,6400000,4,1,0.1309398470002634,0.30182656,0.46563891,0.23253453
pthreads,6400000,4,2,0.13284884200038505,0.30215703,0.46489766,0.23294531
pthreads,6400000,4,3,0.1370253679997404,0.30183078,0.46535609,0.23281313
pthreads,6400000,4,4,0.13898997499927646,0.30181469,0.46535813,0.23282719
pthreads,6400000,4,5,0.1302743099986401,0.30182656,0.46552016,0.23265328
pthreads,6400000,5,0,0.12414895000074466,0.30174953,0.46529984,0.23295062
pthreads,6400000,5,1,0.12480857499940612,0.30193359,0.46562234,0.23244406
pthreads,6400000,5,2,0.1240125549993536,0.30194391,0.46523422,0.23282188
pthreads,6400000,5,3,0.12382026599880191,0.30174141,0.46561562,0.23264297
pthreads,6400000,5,4,0.1244040479996329,0.30175969,0.46549641,0.23274391
pthreads,6400000,5,5,0.1240479640000558,0.30203687,0.46517031,0.23279281
pthreads,6400000,6,0,0.13370589100122743,0.30182109,0.46515297,0.23302594
pthreads,6400000,6,1,0.12925896500019007,0.30208281,0.46575156,0.23216562
pthreads,6400000,6,2,0.11890386400045827,0.30211,0.46520391,0.23268609
pthreads,6400000,6,3,0.11859249799999816,0.30166359,0.46567313,0.23266328
pthreads,6400000,6,4,0.11858411399953184,0.30181703,0.46522297,0.23296
pthreads,6400000,6,5,0.11929118200168887,0.30197188,0.46525047,0.23277766
pthreads,6400000,7,0,0.17557604699868534,0.30167187,0.46537625,0.23295188
pthreads,6400000,7,1,0.16505181600041396,0.3021,0.46587219,0.23202781
pthreads,6400000,7,2,0.17177970700140577,0.30200578,0.46529672,0.2326975
pthreads,6400000,7,3,0.1734567759995116,0.30163672,0.46565266,0.23271063
pthreads,6400000,7,4,0.16334255000037956,0.30186969,0.46528422,0.23284609
pthreads,6400000,7,5,0.16641204000006837,0.3019225,0.46527516,0.23280234
pthreads,6400000,8,0,0.16498991399930674,0.30173984,0.46519516,0.233065
pthreads,6400000,8,1,0.15418981699986034,0.30203203,0.46580047,0.2321675
pthreads,6400000,8,2,0.16819497799951932,0.30195484,0.46538844,0.23265672
pthreads,6400000,8,3,0.17230779099918436,0.30168062,0.46567656,0.23264281
pthreads,6400000,8,4,0.1590898640006344,0.30179094,0.46529016,0.23291891
pthreads,6400000,8,5,0.15958621200115886,0.30194234,0.46524844,0.23280922
pthreads,12800000,1,0,0.772439921998739,0.301795,0.46563547,0.23256953
pthreads,12800000,1,1,0.7725951270003861,0.30172148,0.46575703,0.23252148
pthreads,12800000,1,2,0.7700048220012832,0.30182641,0.46551406,0.23265953
pthreads,12800000,1,3,0.7711836990001757,0.30182195,0.46551336,0.23266469
pthreads,12800000,1,4,0.7692125689991371,0.30162875,0.46573578,0.23263547
pthreads,12800000,1,5,0.7818098919997283,0.30169859,0.4656532,0.2326482
pthreads,12800000,2,0,0.4090167449994624,0.30178828,0.46550789,0.23270383
pthreads,12800000,2,1,0.41237795800043386,0.30178828,0.46579539,0.23241633
pthreads,12800000,2,2,0.4094741310000245,0.30186641,0.46543758,0.23269602
pthreads,12800000,2,3,0.4095094580006844,0.30185297,0.46532969,0.23281734
pthreads,12800000,2,4,0.41211063800074044,0.30177742,0.46556242,0.23266016
pthreads,12800000,2,5,0.4101625330004026,0.30184453,0.46543812,0.23271734
pthreads,12800000,3,0,0.3006097329998738,0.30191203,0.46531273,0.23277523
pthreads,12800000,3,1,0.3012070909990143,0.30186969,0.4657068,0.23242352
pthreads,12800000,3,2,0.30163538200031326,0.30188172,0.46550648,0.2326118
pthreads,12800000,3,3,0.3008558220008126,0.30178187,0.46546781,0.23275031
pthreads,12800000,3,4,0.3025043319994438,0.30180289,0.46553273,0.23266438
pthreads,12800000,3,5,0.3035939809997217,0.30175906,0.4654918,0.23274914
pthreads,12800000,4,0,0.27068109799984086,0.30191102,0.46513641,0.23295258
pthreads,12800000,4,1,0.2631793620003009,0.30178539,0.46574023,0.23247438
pthreads,12800000,4,2,0.2593762529995729,0.301935,0.46531766,0.23274734
pthreads,12800000,4,3,0.2607845710008405,0.30171008,0.4654957,0.23279422
pthreads,12800000,4,4,0.26612732499961567,0.3018968,0.46538594,0.23271727
pthreads,12800000,4,5,0.26190226200014877,0.30185508,0.46549281,0.23265211
pthreads,12800000,5,0,0.24848198400104593,0.30184883,0.46537477,0.23277641
pthreads,12800000,5,1,0.24498239099921193,0.30193273,0.46551172,0.23255555
pthreads,12800000,5,2,0.24971356500100228,0.30186242,0.46543516,0.23270242
pthreads,12800000,5,3,0.24776165200091782,0.30176703,0.46560789,0.23262508
pthreads,12800000,5,4,0.2460237560007954,0.30181484,0.46548187,0.23270328
pthreads,12800000,5,5,0.24860839900065912,0.30175773,0.46537828,0.23286398
pthreads,12800000,6,0,0.24611909099985496,0.30191336,0.46533172,0.23275492
pthreads,12800000,6,1,0.2361250289995951,0.30181586,0.46558641,0.23259773
pthreads,12800000,6,2,0.23573069899975962,0.30188555,0.46541703,0.23269742
pthreads,12800000,6,3,0.24158933000035177,0.3017893,0.46558031,0.23263039
pthreads,12800000,6,4,0.2463155289988208,0.30195125,0.46533391,0.23271484
pthreads,12800000,6,5,0.23534445699988282,0.30183047,0.46531555,0.23285398
pthreads,12800000,7,0,0.341563887999655,0.30186266,0.46537422,0.23276312
pthreads,12800000,7,1,0.32762462599930586,0.30169578,0.46576828,0.23253594
pthreads,12800000,7,2,0.23253429000033066,0.30187102,0.46540523,0.23272375
pthreads,12800000,7,3,0.2868287210003473,0.30174258,0.46560758,0.23264984
pthreads,12800000,7,4,0.2235247780008649,0.30187898,0.46542258,0.23269844
pthreads,12800000,7,5,0.29069662800066,0.30180711,0.46535484,0.23283805
pthreads,12800000,8,0,0.292733350999697,0.30180812,0.46534219,0.23284969
pthreads,12800000,8,1,0.32784028999958537,0.30173148,0.46572016,0.23254836
pthreads,12800000,8,2,0.30844986800002516,0.30190125,0.46536617,0.23273258
pthreads,12800000,8,3,0.31363341299947933,0.30175547,0.46559539,0.23264914
pthreads,12800000,8,4,0.34414185999958136,0.30182508,0.4654843,0.23269063
pthreads,12800000,8,5,0.32048249099898385,0.30187352,0.4653218,0.23280469
mpi,100000,1,0,0.32021422399884614,0.3023,0.46462,0.23308
mpi,100000,1,1,0.31562516600024537,0.3038,0.46482,0.23138
mpi,100000,1,2,0.31563339099920995,0.30377,0.46422,0.23201
mpi,100000,1,3,0.3164005799990264,0.30223,0.4637,0.23407
mpi,100000,1,4,0.3160287969985802,0.30201,0.46557,0.23242
mpi,100000,1,5,0.3196962940000958,0.29851,0.46869,0.2328
mpi,100000,2,0,0.3196904140004335,0.29994,0.46401,0.23605
mpi,100000,2,1,0.31970429300054093,0.30271,0.46636,0.23093
mpi,100000,2,2,0.3202924899997015,0.30218,0.46465,0.23317
mpi,100000,2,3,0.3201866870003869,0.29996,0.46507,0.23497
mpi,100000,2,4,0.3201415180010372,0.30207,0.46542,0.23251
mpi,100000,2,5,0.3315398009999626,0.30075,0.46608,0.23317
mpi,100000,3,0,0.3231805079994956,0.30136,0.4648,0.23384
mpi,100000,3,1,0.3291518639998685,0.303,0.46566,0.23134
mpi,100000,3,2,0.32732009000028484,0.30087,0.46724,0.23189
mpi,100000,3,3,0.3231591160001699,0.30004,0.4661,0.23386
mpi,100000,3,4,0.32033201699960046,0.30272,0.4644,0.23288
mpi,100000,3,5,0.3264267390004534,0.30392,0.46443,0.23165
mpi,100000,4,0,0.32384417100001883,0.30289,0.46354,0.23357
mpi,100000,4,1,0.32922950200008927,0.30258,0.4677,0.22972
mpi,100000,4,2,0.3279632110006787,0.30113,0.46622,0.23265
mpi,100000,4,3,0.32391250700129604,0.30244,0.46549,0.23207
mpi,100000,4,4,0.3263381099986873,0.30249,0.46364,0.23387
mpi,100000,4,5,0.32453632299984747,0.30323,0.46403,0.23274
mpi,100000,5,0,0.3283566719983355,0.30333,0.46459,0.23208
mpi,100000,5,1,0.3273749410000164,0.30333,0.46563,0.23104
mpi,100000,5,2,0.3297976110006857,0.30083,0.46543,0.23374
mpi,100000,5,3,0.3298906389991316,0.30204,0.46598,0.23198
mpi,100000,5,4,0.3327534000000014,0.30314,0.46332,0.23354
mpi,100000,5,5,0.33070959900032904,0.30353,0.46393,0.23254
mpi,100000,6,0,0.3363518850001128,0.30332,0.46578,0.2309
mpi,100000,6,1,0.3360171940003056,0.3042,0.46478,0.23102
mpi,100000,6,2,0.33928702599951066,0.30183,0.46607,0.2321
mpi,100000,6,3,0.33597921799992037,0.30218,0.46617,0.23165
mpi,100000,6,4,0.33206112299922097,0.30242,0.46355,0.23403
mpi,100000,6,5,0.33080829800019274,0.30342,0.4638,0.23278
mpi,100000,7,0,0.3398352200001682,0.30165,0.46678,0.23157
mpi,100000,7,1,0.3441531769985886,0.3027,0.46488,0.23242
mpi,100000,7,2,0.3368906079995213,0.30065,0.46616,0.23319
mpi,100000,7,3,0.33791736499915714,0.30185,0.4655,0.23265
mpi,100000,7,4,0.33725880999918445,0.30189,0.46402,0.23409
mpi,100000,7,5,0.3363156979994528,0.30354,0.46406,0.2324
mpi,100000,8,0,0.3443912109996745,0.30138,0.46714,0.23148
mpi,100000,8,1,0.34535101700021187,0.30355,0.46354,0.23291
mpi,100000,8,2,0.3422902080001222,0.30056,0.46625,0.23319
mpi,100000,8,3,0.3464779810001346,0.30265,0.46475,0.2326
mpi,100000,8,4,0.34514282700001786,0.3025,0.46334,0.23416
mpi,100000,8,5,0.3392108059997554,0.30382,0.46401,0.23217
mpi,200000,1,0,0.32324597600018024,0.301555,0.46547,0.232975
mpi,200000,1,1,0.32468567899923073,0.302645,0.46438,0.232975
mpi,200000,1,2,0.32358633000148984,0.302755,0.46481,0.232435
mpi,200000,1,3,0.3278133000003436,0.301055,0.46473,0.234215
mpi,200000,1,4,0.3283819719999883,0.30147,0.465715,0.232815
mpi,200000,1,5,0.32770494999931543,0.300405,0.46723,0.232365
mpi,200000,2,0,0.3204083550008363,0.30171,0.464145,0.234145
mpi,200000,2,1,0.3272385759992176,0.303385,0.464765,0.23185
mpi,200000,2,2,0.32855968100011523,0.30341,0.464465,0.232125
mpi,200000,2,3,0.32797939899865014,0.30081,0.46566,0.23353
mpi,200000,2,4,0.3271117599997524,0.301935,0.46438,0.233685
mpi,200000,2,5,0.324696170999232,0.300545,0.466355,0.2331
mpi,200000,3,0,0.3228282489999401,0.30117,0.464275,0.234555
mpi,200000,3,1,0.3241990460010129,0.301375,0.466075,0.23255
mpi,200000,3,2,0.32395295000060287,0.302235,0.464545,0.23322
mpi,200000,3,3,0.32429511599912075,0.300165,0.465975,0.23386
mpi,200000,3,4,0.3431029799994576,0.30198,0.46547,0.23255
mpi,200000,3,5,0.325160259999393,0.301715,0.465595,0.23269
mpi,200000,4,0,0.32709461800004647,0.3001,0.46562,0.23428
mpi,200000,4,1,0.32851549399856594,0.301895,0.465925,0.23218
mpi,200000,4,2,0.3271707489984692,0.301905,0.4647,0.233395
mpi,200000,4,3,0.32881981500031543,0.301465,0.465385,0.23315
mpi,200000,4,4,0.32304246700005024,0.301595,0.46572,0.232685
mpi,200000,4,5,0.3279788809995807,0.302215,0.46607,0.231715
mpi,200000,5,0,0.32806212499963294,0.3012,0.46551,0.23329
mpi,200000,5,1,0.3325177900005656,0.30222,0.46575,0.23203
mpi,200000,5,2,0.33946982199995546,0.301505,0.46614,0.232355
mpi,200000,5,3,0.32792981100101315,0.302325,0.464835,0.23284
mpi,200000,5,4,0.33181307800077775,0.30243,0.464115,0.233455
mpi,200000,5,5,0.32766799300043203,0.30291,0.46562,0.23147
mpi,200000,6,0,0.33004532499944617,0.301215,0.466475,0.23231
mpi,200000,6,1,0.33644204800111766,0.303065,0.464575,0.23236
mpi,200000,6,2,0.33305389800079865,0.30235,0.46619,0.23146
mpi,200000,6,3,0.3348380779989384,0.30286,0.46467,0.23247
mpi,200000,6,4,0.33141748900015955,0.302145,0.46371,0.234145
mpi,200000,6,5,0.33638843900007487,0.303595,0.46501,0.231395
mpi,200000,7,0,0.33934282299924234,0.301785,0.46623,0.231985
mpi,200000,7,1,0.3362303970006906,0.303615,0.465265,0.23112
mpi,200000,7,2,0.34099147400047514,0.301475,0.465995,0.23253
mpi,200000,7,3,0.339473194000675,0.30245,0.46433,0.23322
mpi,200000,7,4,0.3445333229992684,0.30195,0.46375,0.2343
mpi,200000,7,5,0.3437232670003141,0.30253,0.465415,0.232055
mpi,200000,8,0,0.34216299199943023,0.30127,0.466585,0.232145
mpi,200000,8,1,0.34356791600112047,0.30317,0.46549,0.23134
mpi,200000,8,2,0.3397785050001403,0.3011,0.465705,0.233195
mpi,200000,8,3,0.3398993970004085,0.30258,0.464885,0.232535
mpi,200000,8,4,0.3436770419993991,0.30199,0.463485,0.234525
mpi,200000,8,5,0.3449514570002066,0.302965,0.464595,0.23244
mpi,400000,1,0,0.3355746289998933,0.3021475,0.4652225,0.23263
mpi,400000,1,1,0.3358241209989501,0.302245,0.4652525,0.2325025
mpi,400000,1,2,0.3360853490012232,0.30214,0.4648625,0.2329975
mpi,400000,1,3,0.34020196900019073,0.30183,0.46524,0.23293
mpi,400000,1,4,0.343590509999558,0.3009575,0.465745,0.2332975
mpi,400000,1,5,0.34429319700029737,0.30021,0.466435,0.233355
mpi,400000,2,0,0.3318181080012437,0.3014825,0.4644775,0.23404
mpi,400000,2,1,0.3319368879983813,0.3029625,0.464485,0.2325525
mpi,400000,2,2,0.33209724399966944,0.3023275,0.46509,0.2325825
mpi,400000,2,3,0.33115962999909243,0.300985,0.465955,0.23306
mpi,400000,2,4,0.336607291999826,0.3012575,0.4649375,0.233805
mpi,400000,2,5,0.3320022610005253,0.3014025,0.465655,0.2329425
mpi,400000,3,0,0.3285089639994112,0.3017575,0.4647,0.2335425
mpi,400000,3,1,0.3273742769997625,0.3020875,0.4653075,0.232605
mpi,400000,3,2,0.3285898360009014,0.3027275,0.46448,0.2327925
mpi,400000,3,3,0.33240338699943095,0.3007675,0.4660825,0.23315
mpi,400000,3,4,0.32752158699986467,0.302,0.46539,0.23261
mpi,400000,3,5,0.3275545090000378,0.30173,0.4657025,0.2325675
mpi,400000,4,0,0.32853848500053573,0.30152,0.464865,0.233615
mpi,400000,4,1,0.3310144269999,0.3020775,0.4652575,0.232665
mpi,400000,4,2,0.33003643799929705,0.3026575,0.46423,0.2331125
mpi,400000,4,3,0.32987717800097016,0.301225,0.4660925,0.2326825
mpi,400000,4,4,0.3327974069998163,0.302085,0.4649725,0.2329425
mpi,400000,4,5,0.33187444299983326,0.3018325,0.465525,0.2326425
mpi,400000,5,0,0.3307786980003584,0.3011075,0.4658475,0.233045
mpi,400000,5,1,0.3325646109988156,0.3021475,0.4652475,0.232605
mpi,400000,5,2,0.3350671419993887,0.3025475,0.4648075,0.232645
mpi,400000,5,3,0.33390683800098486,0.30087,0.4663125,0.2328175
mpi,400000,5,4,0.3340292180000688,0.3023675,0.46471,0.2329225
mpi,400000,5,5,0.33234651000020676,0.3017775,0.465725,0.2324975
mpi,400000,6,0,0.33941920299912454,0.3012675,0.4658175,0.232915
mpi,400000,6,1,0.33667922699896735,0.3021825,0.4649425,0.232875
mpi,400000,6,2,0.3396525919997657,0.3024375,0.465175,0.2323875
mpi,400000,6,3,0.33664445300018997,0.3014525,0.46571,0.2328375
mpi,400000,6,4,0.33577894500012917,0.3014525,0.46574,0.2328075
mpi,400000,6,5,0.337410150001233,0.301815,0.4662675,0.2319175
mpi,400000,7,0,0.34331593999922916,0.3007825,0.465905,0.2333125
mpi,400000,7,1,0.33917127899985644,0.30191,0.46525,0.23284
mpi,400000,7,2,0.34476544199969794,0.3018675,0.465285,0.2328475
mpi,400000,7,3,0.3393754779990559,0.3015175,0.46565,0.2328325
mpi,400000,7,4,0.34266342199953215,0.301415,0.46536,0.233225
mpi,400000,7,5,0.3414973819999432,0.301845,0.466895,0.23126
mpi,400000,8,0,0.34613566500047455,0.300255,0.466775,0.23297
mpi,400000,8,1,0.3473595439991186,0.3023425,0.4652125,0.232445
mpi,400000,8,2,0.35105827400002454,0.3016425,0.4656575,0.2327
mpi,400000,8,3,0.34851402699860046,0.3019175,0.46555,0.2325325
mpi,400000,8,4,0.3478805699996883,0.3016225,0.46504,0.2333375
mpi,400000,8,5,0.35085761500158696,0.30168,0.466465,0.231855
mpi,800000,1,0,0.3598831560011604,0.302055,0.465475,0.23247
mpi,800000,1,1,0.3601627140014898,0.302545,0.46566625,0.23178875
mpi,800000,1,2,0.38836962599998515,0.30242,0.46414875,0.23343125
mpi,800000,1,3,0.35858104600083607,0.30171625,0.46583,0.23245375
mpi,800000,1,4,0.36057036599959247,0.3007925,0.4657075,0.2335
mpi,800000,1,5,0.36424000399892975,0.30113125,0.4656725,0.23319625
mpi,800000,2,0,0.3392995260001044,0.301325,0.465005,0.23367
mpi,800000,2,1,0.33649535000040487,0.30266375,0.46493625,0.2324
mpi,800000,2,2,0.3402298189994326,0.301635,0.46560125,0.23276375
mpi,800000,2,3,0.33992546400077117,0.30125125,0.46568,0.23306875
mpi,800000,2,4,0.3396061980001832,0.30083,0.4653275,0.2338425
mpi,800000,2,5,0.33988972900078807,0.30122875,0.4655,0.23327125
mpi,800000,3,0,0.3369724229996791,0.3015225,0.4655325,0.232945
mpi,800000,3,1,0.3361914299985074,0.302235,0.465295,0.23247
mpi,800000,3,2,0.34006061400032195,0.30214375,0.4649425,0.23291375
mpi,800000,3,3,0.3355790320001688,0.30111,0.466005,0.232885
mpi,800000,3,4,0.3357144959991274,0.302265,0.46491875,0.23281625
mpi,800000,3,5,0.3357980780001526,0.302015,0.4653025,0.2326825
mpi,800000,4,0,0.3359820840014436,0.30128875,0.46521625,0.233495
mpi,800000,4,1,0.33511845499924675,0.302545,0.46487875,0.23257625
mpi,800000,4,2,0.3360200650004117,0.3017025,0.465075,0.2332225
mpi,800000,4,3,0.33668148499964445,0.3010675,0.465975,0.2329575
mpi,800000,4,4,0.33882377200097835,0.301725,0.46527875,0.23299625
mpi,800000,4,5,0.3367583060007746,0.30212125,0.46488375,0.232995
mpi,800000,5,0,0.33693444299933617,0.3013725,0.4654275,0.2332
mpi,800000,5,1,0.3396543609997025,0.3025575,0.46489625,0.23254625
mpi,800000,5,2,0.3399232199990365,0.30215875,0.46515875,0.2326825
mpi,800000,5,3,0.33956626300096104,0.30090375,0.4663525,0.23274375
mpi,800000,5,4,0.3364040679989557,0.30222,0.465145,0.232635
mpi,800000,5,5,0.33835280000130297,0.3016575,0.46546,0.2328825
mpi,800000,6,0,0.3384488669998973,0.301785,0.46549625,0.23271875
mpi,800000,6,1,0.3407730069993704,0.30225125,0.46454375,0.233205
mpi,800000,6,2,0.33764592300030927,0.30257625,0.4652025,0.23222125
mpi,800000,6,3,0.3439535960005742,0.3013975,0.466325,0.2322775
mpi,800000,6,4,0.34311955600060173,0.30181625,0.46574625,0.2324375
mpi,800000,6,5,0.3392740520012012,0.3013325,0.46612,0.2325475
mpi,800000,7,0,0.3436246019991813,0.301345,0.466095,0.23256
mpi,800000,7,1,0.3454299650002213,0.30258625,0.46448875,0.232925
mpi,800000,7,2,0.3460061300011148,0.30248625,0.46516875,0.232345
mpi,800000,7,3,0.34469164199981606,0.30135125,0.46628375,0.232365
mpi,800000,7,4,0.3440393260007113,0.30191375,0.46540875,0.2326775
mpi,800000,7,5,0.3391882810010429,0.30071125,0.46671,0.23257875
mpi,800000,8,0,0.34843456499947933,0.30142875,0.46616,0.23241125
mpi,800000,8,1,0.35053734500070277,0.30233375,0.46458625,0.23308
mpi,800000,8,2,0.3517790400001104,0.3018525,0.46552375,0.23262375
mpi,800000,8,3,0.348268386998825,0.30142625,0.4660425,0.23253125
mpi,800000,8,4,0.3499371070010966,0.3021975,0.46484,0.2329625
mpi,800000,8,5,0.34490186699986225,0.30114,0.46600375,0.23285625
mpi,1600000,1,0,0.40902402000028815,0.30205188,0.46525688,0.23269125
mpi,1600000,1,1,0.41162703199915995,0.30189625,0.46593375,0.23217
mpi,1600000,1,2,0.4075737040002423,0.30236438,0.46446437,0.23317125
mpi,1600000,1,3,0.4043871970006876,0.3022875,0.465425,0.2322875
mpi,1600000,1,4,0.4075055080011225,0.30135375,0.46535312,0.23329312
mpi,1600000,1,5,0.40800348199991276,0.30166,0.46555812,0.23278187
mpi,1600000,2,0,0.35998625600041123,0.30173125,0.46534813,0.23292062
mpi,1600000,2,1,0.36353621400121483,0.30258875,0.46537125,0.23204
mpi,1600000,2,2,0.3644996999992145,0.30193063,0.4651375,0.23293188
mpi,1600000,2,3,0.3639755999993213,0.3015125,0.465845,0.2326425
mpi,1600000,2,4,0.36375934299940127,0.30108187,0.46547187,0.23344625
mpi,1600000,2,5,0.36400652100019215,0.30158313,0.46549125,0.23292562
mpi,1600000,3,0,0.3521132629994099,0.30160313,0.46565125,0.23274563
mpi,1600000,3,1,0.3518307350004761,0.3026325,0.46545625,0.23191125
mpi,1600000,3,2,0.352158715000769,0.30180875,0.46493563,0.23325562
mpi,1600000,3,3,0.351906013000189,0.3012075,0.46612687,0.23266562
mpi,1600000,3,4,0.35159324099913647,0.301445,0.46567313,0.23288187
mpi,1600000,3,5,0.35154707900073845,0.30173125,0.46533625,0.2329325
mpi,1600000,4,0,0.35174984200057224,0.3012925,0.46566062,0.23304687
mpi,1600000,4,1,0.34773735599992506,0.30246,0.46516937,0.23237062
mpi,1600000,4,2,0.3479722970005241,0.3013375,0.46542875,0.23323375
mpi,1600000,4,3,0.34848644199882983,0.30153625,0.46580938,0.23265437
mpi,1600000,4,4,0.3469371360006335,0.30160938,0.46548125,0.23290938
mpi,1600000,4,5,0.3524713550013985,0.30184,0.4650075,0.2331525
mpi,1600000,5,0,0.34798767200118164,0.30164062,0.46559375,0.23276563
mpi,1600000,5,1,0.34788258200023847,0.30208062,0.46525563,0.23266375
mpi,1600000,5,2,0.35194802600017283,0.3015125,0.46518437,0.23330313
mpi,1600000,5,3,0.3477000959992438,0.30155625,0.4658175,0.23262625
mpi,1600000,5,4,0.3481585979989177,0.30217625,0.46504187,0.23278187
mpi,1600000,5,5,0.3510456560015882,0.30181938,0.46517562,0.233005
mpi,1600000,6,0,0.3506854580009531,0.3018325,0.46562188,0.23254563
mpi,1600000,6,1,0.3500312350006425,0.3020375,0.46515625,0.23280625
mpi,1600000,6,2,0.3536067639997782,0.30176063,0.4654825,0.23275688
mpi,1600000,6,3,0.3543162020014279,0.30174625,0.46607125,0.2321825
mpi,1600000,6,4,0.3508283160008432,0.30199625,0.46507938,0.23292437
mpi,1600000,6,5,0.3528336560011667,0.30160188,0.46553187,0.23286625
mpi,1600000,7,0,0.3571516120009619,0.30162062,0.46584687,0.2325325
mpi,1600000,7,1,0.3551309049998963,0.30211875,0.46523375,0.2326475
mpi,1600000,7,2,0.3571119099997304,0.30175937,0.46553937,0.23270125
mpi,1600000,7,3,0.3465175110013661,0.30146875,0.46616687,0.23236438
mpi,1600000,7,4,0.34759482499976,0.30211063,0.46493125,0.23295812
mpi,1600000,7,5,0.3540115710002283,0.30147438,0.46564312,0.2328825
mpi,1600000,8,0,0.3603934799994022,0.30167375,0.46595188,0.23237437
mpi,1600000,8,1,0.3554402379995736,0.30226125,0.46512562,0.23261313
mpi,1600000,8,2,0.35996588099988003,0.30151875,0.46579625,0.232685
mpi,1600000,8,3,0.3533830479991593,0.30143562,0.46619187,0.2323725
mpi,1600000,8,4,0.3543906289996812,0.30192,0.46514187,0.23293812
mpi,1600000,8,5,0.3568739349993848,0.30138687,0.46553813,0.233075
mpi,3200000,1,0,0.50384549500086,0.30188219,0.46519625,0.23292156
mpi,3200000,1,1,0.5039119199991546,0.30166562,0.46626469,0.23206969
mpi,3200000,1,2,0.5042244319993188,0.30199531,0.46506938,0.23293531
mpi,3200000,1,3,0.5155570919996535,0.3015975,0.46569531,0.23270719
mpi,3200000,1,4,0.5040392949995294,0.30161594,0.46577344,0.23261062
mpi,3200000,1,5,0.5080903029993351,0.30189813,0.46541594,0.23268594
mpi,3200000,2,0,0.4119918199994572,0.3018875,0.46538281,0.23272969
mpi,3200000,2,1,0.4113434099999722,0.30183031,0.46597531,0.23219438
mpi,3200000,2,2,0.40795014099967375,0.30209656,0.46507,0.23283344
mpi,3200000,2,3,0.4122397950013692,0.30197406,0.46535031,0.23267562
mpi,3200000,2,4,0.4109966940013692,0.30152406,0.46548375,0.23299219
mpi,3200000,2,5,0.40885691000039515,0.30185125,0.46547594,0.23267281
mpi,3200000,3,0,0.3840114619997621,0.30174688,0.46580875,0.23244438
mpi,3200000,3,1,0.3821181709990924,0.30240312,0.46583594,0.23176094
mpi,3200000,3,2,0.3855214809991594,0.30195125,0.46514437,0.23290437
mpi,3200000,3,3,0.38439007200031483,0.30184719,0.46554594,0.23260687
mpi,3200000,3,4,0.3831223590004811,0.30163812,0.4656225,0.23273937
mpi,3200000,3,5,0.3882025640014035,0.3018475,0.46526469,0.23288781
mpi,3200000,4,0,0.3729085329996451,0.3016175,0.46592031,0.23246219
mpi,3200000,4,1,0.3787903490010649,0.30246563,0.46553719,0.23199719
mpi,3200000,4,2,0.37317919400084065,0.30176531,0.46513656,0.23309812
mpi,3200000,4,3,0.3717380400012189,0.30189656,0.46567531,0.23242813
mpi,3200000,4,4,0.37362249400030123,0.30152937,0.46554031,0.23293031
mpi,3200000,4,5,0.37027708500136214,0.30193031,0.465135,0.23293469
mpi,3200000,5,0,0.3648208859995066,0.30163969,0.46589875,0.23246156
mpi,3200000,5,1,0.37117077200127824,0.30230125,0.46554969,0.23214906
mpi,3200000,5,2,0.3641510870002094,0.30150906,0.46533625,0.23315469
mpi,3200000,5,3,0.3699777019992325,0.30173062,0.46576156,0.23250781
mpi,3200000,5,4,0.37048388800030807,0.30168062,0.46557125,0.23274813
mpi,3200000,5,5,0.38670338400152104,0.30186656,0.46508688,0.23304656
mpi,3200000,6,0,0.36518946300020616,0.30187812,0.46566344,0.23245844
mpi,3200000,6,1,0.37083930100016005,0.3022325,0.46535031,0.23241719
mpi,3200000,6,2,0.36314161799964495,0.30138125,0.46556219,0.23305656
mpi,3200000,6,3,0.3687248930000351,0.30188531,0.46589094,0.23222375
mpi,3200000,6,4,0.36676292099946295,0.30170344,0.46545281,0.23284375
mpi,3200000,6,5,0.3725548639995395,0.30169406,0.46541938,0.23288656
mpi,3200000,7,0,0.3671523450011591,0.30189813,0.46556,0.23254188
mpi,3200000,7,1,0.3647101120004663,0.30220406,0.46535469,0.23244125
mpi,3200000,7,2,0.36759388400059834,0.30146625,0.46575219,0.23278156
mpi,3200000,7,3,0.37230356600048253,0.30186438,0.46590781,0.23222781
mpi,3200000,7,4,0.3756685500011372,0.30180375,0.46541688,0.23277938
mpi,3200000,7,5,0.36765811599980225,0.30146031,0.46556406,0.23297562
mpi,3200000,8,0,0.37637906599957205,0.30190719,0.46568219,0.23241063
mpi,3200000,8,1,0.36828476499977114,0.30228344,0.46525406,0.2324625
mpi,3200000,8,2,0.3680405740014976,0.30104125,0.46609906,0.23285969
mpi,3200000,8,3,0.3725459889992635,0.30177906,0.46592031,0.23230063
mpi,3200000,8,4,0.36334291999992274,0.30182844,0.46531406,0.2328575
mpi,3200000,8,5,0.37245138899925223,0.30125375,0.46553219,0.23321406
mpi,6400000,1,0,0.6961470459991688,0.30172766,0.46577844,0.23249391
mpi,6400000,1,1,0.6919312320005702,0.30174797,0.46584969,0.23240234
mpi,6400000,1,2,0.6996179839989054,0.30191937,0.46516547,0.23291516
mpi,6400000,1,3,0.6965122940000583,0.30190203,0.46536344,0.23273453
mpi,6400000,1,4,0.6917167889987468,0.30157937,0.46584844,0.23257219
mpi,6400000,1,5,0.6955618340016372,0.30174156,0.46565812,0.23260031
mpi,6400000,2,0,0.5076724059999833,0.30196047,0.46507359,0.23296594
mpi,6400000,2,1,0.5048453700001119,0.30168563,0.46598187,0.2323325
mpi,6400000,2,2,0.5077038980016368,0.30187234,0.46531422,0.23281344
mpi,6400000,2,3,0.5079159550004988,0.30162062,0.46562297,0.23275641
mpi,6400000,2,4,0.5075479919996724,0.30183266,0.46535422,0.23281313
mpi,6400000,2,5,0.5084281120016385,0.30191625,0.46536109,0.23272266
mpi,6400000,3,0,0.4480590459988889,0.30187531,0.46558906,0.23253562
mpi,6400000,3,1,0.44692088199917634,0.30173109,0.46604219,0.23222672
mpi,6400000,3,2,0.5041547500004526,0.30188531,0.46526734,0.23284734
mpi,6400000,3,3,0.4506671599992842,0.30176406,0.46555797,0.23267797
mpi,6400000,3,4,0.44976447699991695,0.30173672,0.46579375,0.23246953
mpi,6400000,3,5,0.44774725699971896,0.30171016,0.46545469,0.23283516
mpi,6400000,4,0,0.42252239199842734,0.30164375,0.46599969,0.23235656
mpi,6400000,4,1,0.42611163100082194,0.30185234,0.46591063,0.23223703
mpi,6400000,4,2,0.4201295630009554,0.30189938,0.46525187,0.23284875
mpi,6400000,4,3,0.4190104919998703,0.30183328,0.46561453,0.23255219
mpi,6400000,4,4,0.42078259300069476,0.30167516,0.46556969,0.23275516
mpi,6400000,4,5,0.4193141240011755,0.30187516,0.46539938,0.23272547
mpi,6400000,5,0,0.40412276099959854,0.301595,0.46594062,0.23246438
mpi,6400000,5,1,0.40683944299962604,0.30199016,0.46584359,0.23216625
mpi,6400000,5,2,0.4069642960002966,0.30178641,0.46522594,0.23298766
mpi,6400000,5,3,0.40630880699973204,0.30186969,0.46569344,0.23243687
mpi,6400000,5,4,0.40272026999991795,0.30163344,0.46553,0.23283656
mpi,6400000,5,5,0.403858304998721,0.30185781,0.46524609,0.23289609
mpi,6400000,6,0,0.401961483001287,0.30178203,0.46581,0.23240797
mpi,6400000,6,1,0.40193833299963444,0.30214078,0.46562375,0.23223547
mpi,6400000,6,2,0.40169801299998653,0.30164641,0.4653475,0.23300609
mpi,6400000,6,3,0.39708502699977544,0.30193469,0.46570594,0.23235938
mpi,6400000,6,4,0.39463036300003296,0.30171797,0.46531266,0.23296938
mpi,6400000,6,5,0.40273130199966545,0.30176734,0.46535156,0.23288109
mpi,6400000,7,0,0.39739159000055224,0.30175344,0.46578188,0.23246469
mpi,6400000,7,1,0.4000037619989598,0.30205984,0.46566687,0.23227328
mpi,6400000,7,2,0.39987261799979024,0.30167906,0.46547563,0.23284531
mpi,6400000,7,3,0.3946248789998208,0.30195734,0.46582187,0.23222078
mpi,6400000,7,4,0.3981999710013042,0.30171891,0.46536547,0.23291562
mpi,6400000,7,5,0.39904285599914147,0.30167516,0.46545016,0.23287469
mpi,6400000,8,0,0.39667233299951477,0.30178172,0.46585312,0.23236516
mpi,6400000,8,1,0.4071344859985402,0.30213594,0.46558719,0.23227687
mpi,6400000,8,2,0.3936766200004058,0.30152406,0.46561266,0.23286328
mpi,6400000,8,3,0.39832083900000725,0.30190109,0.46583391,0.232265
mpi,6400000,8,4,0.39735831299913116,0.30164875,0.46545734,0.23289391
mpi,6400000,8,5,0.40628353400097694,0.30162219,0.46537859,0.23299922
mpi,12800000,1,0,1.083918659000119,0.301795,0.46563547,0.23256953
mpi,12800000,1,1,1.0719527419987571,0.30172148,0.46575703,0.23252148
mpi,12800000,1,2,1.0680536609997944,0.30182641,0.46551406,0.23265953
mpi,12800000,1,3,1.071753644000637,0.30182195,0.46551336,0.23266469
mpi,12800000,1,4,1.0797567779991368,0.30162875,0.46573578,0.23263547
mpi,12800000,1,5,1.071969064001678,0.30169859,0.4656532,0.2326482
mpi,12800000,2,0,0.7079906170001777,0.30178328,0.46551375,0.23270297
mpi,12800000,2,1,0.7001725240006635,0.30178063,0.46560375,0.23261562
mpi,12800000,2,2,0.7033410200001526,0.30180242,0.46542461,0.23277297
mpi,12800000,2,3,0.7640833650002605,0.30178109,0.46548031,0.23273859
mpi,12800000,2,4,0.6996719390008366,0.30171047,0.46554656,0.23274297
mpi,12800000,2,5,0.7039895840007375,0.3017768,0.46565984,0.23256336
mpi,12800000,3,0,0.5759047430001374,0.30182211,0.46552594,0.23265195
mpi,12800000,3,1,0.5758135489995766,0.30176477,0.46580266,0.23243258
mpi,12800000,3,2,0.5802713150005729,0.30177289,0.46554398,0.23268312
mpi,12800000,3,3,0.5798344810009439,0.3017082,0.46557711,0.23271469
mpi,12800000,3,4,0.5752586199996585,0.30170914,0.46575266,0.2325382
mpi,12800000,3,5,0.5798868000001676,0.3018032,0.46534273,0.23285406
mpi,12800000,4,0,0.5153656010006671,0.301795,0.46549141,0.23271359
mpi,12800000,4,1,0.5210998290003772,0.301735,0.46590945,0.23235555
mpi,12800000,4,2,0.5160536540006433,0.301805,0.46553008,0.23266492
mpi,12800000,4,3,0.5190698749993317,0.30166797,0.46563539,0.23269664
mpi,12800000,4,4,0.5205196960014291,0.30175742,0.46564227,0.23260031
mpi,12800000,4,5,0.5151867210006458,0.3018693,0.46541406,0.23271664
mpi,12800000,5,0,0.48849412699928507,0.30174367,0.46561641,0.23263992
mpi,12800000,5,1,0.4816033549996064,0.30180398,0.46590406,0.23229195
mpi,12800000,5,2,0.4879444649996003,0.30177437,0.46543406,0.23279156
mpi,12800000,5,3,0.48700095300046087,0.30172172,0.46567875,0.23259953
mpi,12800000,5,4,0.4811718290002318,0.30173867,0.46563109,0.23263023
mpi,12800000,5,5,0.48644157700073265,0.30175977,0.46549281,0.23274742
mpi,12800000,6,0,0.46461685199938074,0.30183125,0.46562391,0.23254484
mpi,12800000,6,1,0.4663446810009191,0.30181094,0.46571742,0.23247164
mpi,12800000,6,2,0.468621873000302,0.30171734,0.46547086,0.2328118
mpi,12800000,6,3,0.49547471000005316,0.30174438,0.46576828,0.23248734
mpi,12800000,6,4,0.4671495229995344,0.30185383,0.46547945,0.23266672
mpi,12800000,6,5,0.464278027000546,0.30175516,0.46553297,0.23271188
mpi,12800000,7,0,0.4605833959994925,0.30185445,0.46552539,0.23262016
mpi,12800000,7,1,0.4587967840016063,0.30181883,0.46572586,0.23245531
mpi,12800000,7,2,0.4730064459999994,0.3017507,0.46542352,0.23282578
mpi,12800000,7,3,0.4560930890002055,0.30181547,0.46572375,0.23246078
mpi,12800000,7,4,0.4560659239996312,0.30178516,0.46545219,0.23276266
mpi,12800000,7,5,0.4701604590009083,0.30177141,0.46549805,0.23273055
mpi,12800000,8,0,0.45589859999927285,0.30170141,0.46575227,0.23254633
mpi,12800000,8,1,0.44157014599841204,0.3019007,0.46571117,0.23238813
mpi,12800000,8,2,0.4423077100000228,0.30163859,0.46544281,0.23291859
mpi,12800000,8,3,0.4439360560008936,0.30183469,0.46567781,0.2324875
mpi,12800000,8,4,0.4769424539990723,0.30173398,0.46545188,0.23281414
mpi,12800000,8,5,0.44352241900014633,0.30182148,0.46546227,0.23271625
serial,100000,1,0,0.009348980000140727,0.302,0.46548,0.23252
serial,100000,1,1,0.009294360001149471,0.30147,0.46564,0.23289
serial,100000,1,2,0.009697262999907252,0.30144,0.4647,0.23386
serial,100000,1,3,0.009372020000228076,0.30498,0.46385,0.23117
serial,100000,1,4,0.009336548999272054,0.30111,0.46736,0.23153
serial,100000,1,5,0.00908191300004546,0.30056,0.46726,0.23218
serial,200000,1,0,0.017402445000698208,0.301695,0.465665,0.23264
serial,200000,1,1,0.017225691000930965,0.301375,0.46541,0.233215
serial,200000,1,2,0.017187207000461058,0.30189,0.465085,0.233025
serial,200000,1,3,0.017494505000286154,0.30375,0.463625,0.232625
serial,200000,1,4,0.01737186199898133,0.300615,0.466715,0.23267
serial,200000,1,5,0.017115311000452493,0.301245,0.466695,0.23206
serial,400000,1,0,0.03431640999951924,0.30086,0.465915,0.233225
serial,400000,1,1,0.034179434000179754,0.301395,0.465195,0.23341
serial,400000,1,2,0.03356237899970438,0.301485,0.4657475,0.2327675
serial,400000,1,3,0.030978302000221447,0.30309,0.464405,0.232505
serial,400000,1,4,0.030752979999306262,0.3021225,0.465675,0.2322025
serial,400000,1,5,0.03090924900061509,0.3012225,0.46647,0.2323075
serial,800000,1,0,0.06020013399938762,0.30107,0.46631375,0.23261625
serial,800000,1,1,0.06075229199996102,0.3013975,0.4653925,0.23321
serial,800000,1,2,0.060149920000185375,0.3012175,0.46583625,0.23294625
serial,800000,1,3,0.060055133999412647,0.30225625,0.46527,0.23247375
serial,800000,1,4,0.05973712900049577,0.3024375,0.464685,0.2328775
serial,800000,1,5,0.05991981299848703,0.30105375,0.46675375,0.2321925
serial,1600000,1,0,0.11981932600065193,0.30163875,0.46586187,0.23249938
serial,1600000,1,1,0.11919358400155033,0.30176313,0.46549,0.23274687
serial,1600000,1,2,0.12012093600060325,0.30126125,0.46590312,0.23283562
serial,1600000,1,3,0.11939795900070749,0.30237313,0.46523437,0.2323925
serial,1600000,1,4,0.1186880929999461,0.3019275,0.4652475,0.232825
serial,1600000,1,5,0.1190128670004924,0.30151187,0.46643125,0.23205687
serial,3200000,1,0,0.2356776329997956,0.30182625,0.46569906,0.23247469
serial,3200000,1,1,0.237911690999681,0.30158687,0.4656075,0.23280562
serial,3200000,1,2,0.23605183600011514,0.30151844,0.46562219,0.23285938
serial,3200000,1,3,0.23687242199957836,0.30206656,0.46527031,0.23266312
serial,3200000,1,4,0.2380909959993005,0.30180187,0.46548281,0.23271531
serial,3200000,1,5,0.23652904300070077,0.30167688,0.46609625,0.23222687
serial,6400000,1,0,0.4718869110001833,0.30204938,0.46543297,0.23251766
serial,6400000,1,1,0.47649626399834233,0.301685,0.46542125,0.23289375
serial,6400000,1,2,0.4722878569991735,0.30176859,0.46539141,0.23284
serial,6400000,1,3,0.4723570629994356,0.30211047,0.46508813,0.23280141
serial,6400000,1,4,0.47636882700135175,0.30174828,0.46542672,0.232825
serial,6400000,1,5,0.473112414998468,0.30161547,0.46599016,0.23239437
serial,12800000,1,0,0.9490897499999846,0.30192562,0.46554656,0.23252781
serial,12800000,1,1,0.9473820570001408,0.30183656,0.46550508,0.23265836
serial,12800000,1,2,0.9458122529995308,0.3017432,0.46553648,0.23272031
serial,12800000,1,3,0.9456488099986018,0.30189086,0.46534031,0.23276883
serial,12800000,1,4,0.9475596550000773,0.30187336,0.46526352,0.23286313
serial,12800000,1,5,0.9497381540004426,0.30173078,0.46581195,0.23245727
pthreads,100000,1,0,0.007511906000218005,0.3023,0.46462,0.23308
pthreads,100000,1,1,0.0069791530004295055,0.3038,0.46482,0.23138
pthreads,100000,1,2,0.006966817998545594,0.30377,0.46422,0.23201
pthreads,100000,1,3,0.007240898001327878,0.30223,0.4637,0.23407
pthreads,100000,1,4,0.007352857999649132,0.30201,0.46557,0.23242
pthreads,100000,1,5,0.006890898999699857,0.29851,0.46869,0.2328
pthreads,100000,2,0,0.004620178000550368,0.29945,0.46639,0.23416
pthreads,100000,2,1,0.004329901001256076,0.30209,0.46575,0.23216
pthreads,100000,2,2,0.0046420229991781525,0.30301,0.46541,0.23158
pthreads,100000,2,3,0.004658177998862811,0.30009,0.4649,0.23501
pthreads,100000,2,4,0.004378609000923461,0.30372,0.46451,0.23177
pthreads,100000,2,5,0.0043533980006031925,0.30082,0.468,0.23118
pthreads,100000,3,0,0.0037716639999416657,0.30094,0.46602,0.23304
pthreads,100000,3,1,0.0033952970006794203,0.30133,0.46526,0.23341
pthreads,100000,3,2,0.003474600000117789,0.30245,0.46553,0.23202
pthreads,100000,3,3,0.004061282999828109,0.30052,0.46611,0.23337
pthreads,100000,3,4,0.003571803001250373,0.30242,0.46528,0.2323
pthreads,100000,3,5,0.0034510779987613205,0.30137,0.46779,0.23084
pthreads,100000,4,0,0.003050703000553767,0.30122,0.46598,0.2328
pthreads,100000,4,1,0.002898585000366438,0.30234,0.46649,0.23117
pthreads,100000,4,2,0.003649422998933005,0.302,0.46536,0.23264
pthreads,100000,4,3,0.003957565999371582,0.30188,0.4657,0.23242
pthreads,100000,4,4,0.0032564529992669122,0.30307,0.46457,0.23236
pthreads,100000,4,5,0.0039455070000258274,0.30001,0.46892,0.23107
pthreads,100000,5,0,0.003618982998887077,0.30325,0.46473,0.23202
pthreads,100000,5,1,0.0035739830000238726,0.30302,0.4654,0.23158
pthreads,100000,5,2,0.0037325960001908243,0.30061,0.46635,0.23304
pthreads,100000,5,3,0.0039417860007233685,0.30158,0.46618,0.23224
pthreads,100000,5,4,0.003643845000624424,0.30353,0.46395,0.23252
pthreads,100000,5,5,0.0037178469992795726,0.30055,0.46867,0.23078
pthreads,100000,6,0,0.0035891700008505723,0.30142,0.46506,0.23352
pthreads,100000,6,1,0.0035652130009111715,0.30303,0.4653,0.23167
pthreads,100000,6,2,0.0034037409986922285,0.3009,0.46679,0.23231
pthreads,100000,6,3,0.003773784999793861,0.30139,0.46629,0.23232
pthreads,100000,6,4,0.0038577669984078966,0.30476,0.46327,0.23197
pthreads,100000,6,5,0.0035629439989861567,0.30148,0.46928,0.22924
pthreads,100000,7,0,0.0037884270004724385,0.30077,0.46511,0.23412
pthreads,100000,7,1,0.0038076710006862413,0.30268,0.46527,0.23205
pthreads,100000,7,2,0.003702798001540941,0.30008,0.4663,0.23362
pthreads,100000,7,3,0.0037774499996885424,0.30226,0.46561,0.23213
pthreads,100000,7,4,0.003915486000551027,0.30457,0.46485,0.23058
pthreads,100000,7,5,0.0036614239998016274,0.30218,0.46896,0.22886
pthreads,100000,8,0,0.003982980000728276,0.30229,0.46325,0.23446
pthreads,100000,8,1,0.0036631380007747794,0.30315,0.46598,0.23087
pthreads,100000,8,2,0.0035105309998471057,0.30002,0.46582,0.23416
pthreads,100000,8,3,0.003776965999350068,0.30223,0.46673,0.23104
pthreads,100000,8,4,0.0036519549994409317,0.30577,0.46458,0.22965
pthreads,100000,8,5,0.003625997000199277,0.30252,0.4677,0.22978
pthreads,200000,1,0,0.014422295998883783,0.301555,0.46547,0.232975
pthreads,200000,1,1,0.013411152000117,0.302645,0.46438,0.232975
pthreads,200000,1,2,0.01332034000006388,0.302755,0.46481,0.232435
pthreads,200000,1,3,0.012921121999170282,0.301055,0.46473,0.234215
pthreads,200000,1,4,0.013350496999919415,0.30147,0.465715,0.232815
pthreads,200000,1,5,0.012926610999784316,0.300405,0.46723,0.232365
pthreads,200000,2,0,0.008152847998644575,0.30162,0.46515,0.23323
pthreads,200000,2,1,0.007892224999523023,0.302875,0.464875,0.23225
pthreads,200000,2,2,0.007997955999599071,0.303915,0.464365,0.23172
pthreads,200000,2,3,0.007879935999881127,0.30108,0.46444,0.23448
pthreads,200000,2,4,0.007916082999145146,0.303155,0.465015,0.23183
pthreads,200000,2,5,0.007717395999861765,0.3003,0.46781,0.23189
pthreads,200000,3,0,0.0058272699989174725,0.301585,0.465435,0.23298
pthreads,200000,3,1,0.005916918998991605,0.30236,0.465225,0.232415
pthreads,200000,3,2,0.005835072999616386,0.30307,0.46438,0.23255
pthreads,200000,3,3,0.005815186999825528,0.300025,0.465435,0.23454
pthreads,200000,3,4,0.006075090999729582,0.302885,0.46476,0.232355
pthreads,200000,3,5,0.006145458000901272,0.3009,0.466835,0.232265
pthreads,200000,4,0,0.0053602930001943605,0.30052,0.466995,0.232485
pthreads,200000,4,1,0.005349174000002677,0.30177,0.4655,0.23273
pthreads,200000,4,2,0.005752859999120119,0.3029,0.464275,0.232825
pthreads,200000,4,3,0.005292149999149842,0.301655,0.46472,0.233625
pthreads,200000,4,4,0.005729878999773064,0.302755,0.464365,0.23288
pthreads,200000,4,5,0.005002246000003652,0.300915,0.46703,0.232055
pthreads,200000,5,0,0.006552790999194258,0.301475,0.465595,0.23293
pthreads,200000,5,1,0.006297428999459953,0.30213,0.465125,0.232745
pthreads,200000,5,2,0.0056656799988559214,0.301775,0.464735,0.23349
pthreads,200000,5,3,0.00581927699931839,0.302095,0.46562,0.232285
pthreads,200000,5,4,0.005465145000925986,0.303205,0.463715,0.23308
pthreads,200000,5,5,0.005747818000600091,0.30091,0.46744,0.23165
pthreads,200000,6,0,0.006486430000222754,0.301605,0.465465,0.23293
pthreads,200000,6,1,0.005398692001108429,0.30172,0.46531,0.23297
pthreads,200000,6,2,0.005418520000603166,0.30165,0.465465,0.232885
pthreads,200000,6,3,0.005260405998342321,0.301585,0.465665,0.23275
pthreads,200000,6,4,0.006210314999407274,0.303515,0.46396,0.232525
pthreads,200000,6,5,0.0053860129992244765,0.301715,0.467425,0.23086
pthreads,200000,7,0,0.006366051000441075,0.30175,0.46518,0.23307
pthreads,200000,7,1,0.0063883870006975485,0.301545,0.465925,0.23253
pthreads,200000,7,2,0.006394443998942734,0.30069,0.465975,0.233335
pthreads,200000,7,3,0.006216492998646572,0.301735,0.465955,0.23231
pthreads,200000,7,4,0.006503589000203647,0.304035,0.464385,0.23158
pthreads,200000,7,5,0.006228457999895909,0.302055,0.46649,0.231455
pthreads,200000,8,0,0.00641862299926288,0.302105,0.46432,0.233575
pthreads,200000,8,1,0.006749492999006179,0.301605,0.467,0.231395
pthreads,200000,8,2,0.006224759999895468,0.300815,0.465995,0.23319
pthreads,200000,8,3,0.006209232999026426,0.30187,0.466785,0.231345
pthreads,200000,8,4,0.006204932999025914,0.304275,0.46403,0.231695
pthreads,200000,8,5,0.006157433999760542,0.301835,0.4671,0.231065
pthreads,400000,1,0,0.025165164001009543,0.3021475,0.4652225,0.23263
pthreads,400000,1,1,0.02522463700006483,0.302245,0.4652525,0.2325025
pthreads,400000,1,2,0.025836671000433853,0.30214,0.4648625,0.2329975
pthreads,400000,1,3,0.025754090998816537,0.30183,0.46524,0.23293
pthreads,400000,1,4,0.025655884001025697,0.3009575,0.465745,0.2332975
pthreads,400000,1,5,0.0254080350005097,0.30021,0.466435,0.233355
pthreads,400000,2,0,0.01390099699892744,0.3016025,0.4644825,0.233915
pthreads,400000,2,1,0.014097037999817985,0.3021975,0.46477,0.2330325
pthreads,400000,2,2,0.01412810600049852,0.3031675,0.4650825,0.23175
pthreads,400000,2,3,0.014277701999162673,0.300055,0.466075,0.23387
pthreads,400000,2,4,0.014019389000168303,0.3027325,0.4647125,0.232555
pthreads,400000,2,5,0.013551993999499246,0.300855,0.4670125,0.2321325
pthreads,400000,3,0,0.010481956000148784,0.3027075,0.464805,0.2324875
pthreads,400000,3,1,0.010225179001281504,0.3025125,0.46459,0.2328975
pthreads,400000,3,2,0.01067299200076377,0.3025625,0.4659425,0.231495
pthreads,400000,3,3,0.010966948999339365,0.300585,0.4655925,0.2338225
pthreads,400000,3,4,0.010612099000354647,0.302415,0.4648025,0.2327825
pthreads,400000,3,5,0.010639190999427228,0.300675,0.466775,0.23255
pthreads,400000,4,0,0.009055716000148095,0.3022375,0.4657675,0.231995
pthreads,400000,4,1,0.009393282000019099,0.30268,0.464655,0.232665
pthreads,400000,4,2,0.009353419000035501,0.302835,0.4641075,0.2330575
pthreads,400000,4,3,0.0094643989996257,0.30173,0.46497,0.2333
pthreads,400000,4,4,0.009209469999404973,0.30244,0.4648775,0.2326825
pthreads,400000,4,5,0.009218462999342592,0.3011925,0.4664325,0.232375
pthreads,400000,5,0,0.009599031000107061,0.30164,0.465975,0.232385
pthreads,400000,5,1,0.010373072000220418,0.3025275,0.46545,0.2320225
pthreads,400000,5,2,0.009364578001623158,0.30288,0.4639025,0.2332175
pthreads,400000,5,3,0.009195395999995526,0.30135,0.465395,0.233255
pthreads,400000,5,4,0.009272368999518221,0.302595,0.46484,0.232565
pthreads,400000,5,5,0.009551160999762942,0.3010875,0.466,0.2329125
pthreads,400000,6,0,0.010914468999544624,0.3016375,0.46552,0.2328425
pthreads,400000,6,1,0.009030399000039324,0.3022175,0.46517,0.2326125
pthreads,400000,6,2,0.008845770000334596,0.3024875,0.46405,0.2334625
pthreads,400000,6,3,0.008801247999144834,0.300865,0.46539,0.233745
pthreads,400000,6,4,0.008955761999459355,0.302815,0.464705,0.23248
pthreads,400000,6,5,0.008877490001395927,0.301455,0.46623,0.232315
pthreads,400000,7,0,0.01162748500064481,0.3013875,0.4659475,0.232665
pthreads,400000,7,1,0.012734728999930667,0.30139,0.4657975,0.2328125
pthreads,400000,7,2,0.011905888999535819,0.301735,0.46447,0.233795
pthreads,400000,7,3,0.011547164000148769,0.301535,0.465285,0.23318
pthreads,400000,7,4,0.012177376000181539,0.302625,0.4647525,0.2326225
pthreads,400000,7,5,0.011757936001231428,0.30157,0.46599,0.23244
pthreads,400000,8,0,0.012672535000092466,0.30169,0.4653675,0.2329425
pthreads,400000,8,1,0.012712722998912795,0.301725,0.46569,0.232585
pthreads,400000,8,2,0.012531022999610286,0.30136,0.464915,0.233725
pthreads,400000,8,3,0.012432474999513943,0.3014225,0.4657975,0.23278
pthreads,400000,8,4,0.012316332999034785,0.302785,0.4645825,0.2326325
pthreads,400000,8,5,0.011505626998769003,0.30216,0.4657525,0.2320875
pthreads,800000,1,0,0.049180682999576675,0.302055,0.465475,0.23247
pthreads,800000,1,1,0.049712171999999555,0.302545,0.46566625,0.23178875
pthreads,800000,1,2,0.04921268699945358,0.30242,0.46414875,0.23343125
pthreads,800000,1,3,0.04920113000116544,0.30171625,0.46583,0.23245375
pthreads,800000,1,4,0.04951823700139357,0.3007925,0.4657075,0.2335
pthreads,800000,1,5,0.050053835000653635,0.30113125,0.4656725,0.23319625
pthreads,800000,2,0,0.027094061000752845,0.3017525,0.46473625,0.23351125
pthreads,800000,2,1,0.026987110999471042,0.3020425,0.46550875,0.23244875
pthreads,800000,2,2,0.026662827000109246,0.30287375,0.4650325,0.23209375
pthreads,800000,2,3,0.026875585001107538,0.30110625,0.46563125,0.2332625
pthreads,800000,2,4,0.02644630800023151,0.30203625,0.4650525,0.23291125
pthreads,800000,2,5,0.026878459999352344,0.30111375,0.46607375,0.2328125
pthreads,800000,3,0,0.02031197300129861,0.30212125,0.46486,0.23301875
pthreads,800000,3,1,0.02008203900004446,0.30196375,0.46562,0.23241625
pthreads,800000,3,2,0.020133169000473572,0.3028475,0.465475,0.2316775
pthreads,800000,3,3,0.020326791000115918,0.30079125,0.46615125,0.2330575
pthreads,800000,3,4,0.02010999800040736,0.30201,0.464815,0.233175
pthreads,800000,3,5,0.02000104599937913,0.30149,0.4659625,0.2325475
pthreads,800000,4,0,0.017460487000789726,0.302065,0.464925,0.23301
pthreads,800000,4,1,0.017366673999276827,0.30246125,0.46496625,0.2325725
pthreads,800000,4,2,0.017119694999564672,0.30230375,0.46512875,0.2325675
pthreads,800000,4,3,0.01821755899982236,0.3011375,0.46588,0.2329825
pthreads,800000,4,4,0.0173645619997842,0.30209,0.46475875,0.23315125
pthreads,800000,4,5,0.01765371199871879,0.3015825,0.46600375,0.23241375
pthreads,800000,5,0,0.016720896999686374,0.30192625,0.46529875,0.232775
pthreads,800000,5,1,0.016232293000939535,0.3025075,0.46495125,0.23254125
pthreads,800000,5,2,0.016819106000184547,0.30185875,0.46536125,0.23278
pthreads,800000,5,3,0.01691181800015329,0.30112625,0.465935,0.23293875
pthreads,800000,5,4,0.016332485000020824,0.3017975,0.465275,0.2329275
pthreads,800000,5,5,0.016934551998929237,0.301505,0.46589125,0.23260375
pthreads,800000,6,0,0.017084316999898874,0.302025,0.46528625,0.23268875
pthreads,800000,6,1,0.017343374000120093,0.302235,0.46512,0.232645
pthreads,800000,6,2,0.016340858001058223,0.30225625,0.4648625,0.23288125
pthreads,800000,6,3,0.016402933999415836,0.3011625,0.46549375,0.23334375
pthreads,800000,6,4,0.017070203999537625,0.30229,0.46487875,0.23283125
pthreads,800000,6,5,0.016140826999617275,0.30139625,0.4660075,0.23259625
pthreads,800000,7,0,0.021759561001090333,0.3020125,0.465265,0.2327225
pthreads,800000,7,1,0.023587024001244572,0.30198125,0.4651875,0.23283125
pthreads,800000,7,2,0.021459489998960635,0.30212125,0.46477,0.23310875
pthreads,800000,7,3,0.02257759399981296,0.301245,0.465615,0.23314
pthreads,800000,7,4,0.021542284999668482,0.30223125,0.46531875,0.23245
pthreads,800000,7,5,0.02179781599988928,0.30171375,0.46586375,0.2324225
pthreads,800000,8,0,0.023108350000256905,0.302255,0.46506375,0.23268125
pthreads,800000,8,1,0.023145264000049792,0.30233375,0.46522,0.23244625
pthreads,800000,8,2,0.022487182999611832,0.3022475,0.4643875,0.233365
pthreads,800000,8,3,0.021179418999963673,0.30155,0.46574625,0.23270375
pthreads,800000,8,4,0.02287935899948934,0.3024625,0.465325,0.2322125
pthreads,800000,8,5,0.021629554001265205,0.3020475,0.46548,0.2324725
pthreads,1600000,1,0,0.09813722300168592,0.30205188,0.46525688,0.23269125
pthreads,1600000,1,1,0.09737294899969129,0.30189625,0.46593375,0.23217
pthreads,1600000,1,2,0.09790120900106558,0.30236438,0.46446437,0.23317125
pthreads,1600000,1,3,0.09882912099965324,0.3022875,0.465425,0.2322875
pthreads,1600000,1,4,0.09761756300031266,0.30135375,0.46535312,0.23329312
pthreads,1600000,1,5,0.09732507899934717,0.30166,0.46555812,0.23278187
pthreads,1600000,2,0,0.05220571899917559,0.30167813,0.46523687,0.233085
pthreads,1600000,2,1,0.05226674400000775,0.302225,0.46568688,0.23208813
pthreads,1600000,2,2,0.052320115000838996,0.30278187,0.46460937,0.23260875
pthreads,1600000,2,3,0.05188824700053374,0.30129375,0.46546562,0.23324063
pthreads,1600000,2,4,0.05352576699988276,0.30182188,0.46495,0.23322813
pthreads,1600000,2,5,0.05215127600058622,0.30148687,0.4655775,0.23293563
pthreads,1600000,3,0,0.03871390400126984,0.30204063,0.46499187,0.2329675
pthreads,1600000,3,1,0.03868485199927818,0.30266,0.46543937,0.23190062
pthreads,1600000,3,2,0.03919447299995227,0.30268187,0.46483687,0.23248125
pthreads,1600000,3,3,0.03897476399833977,0.30145,0.46554438,0.23300562
pthreads,1600000,3,4,0.04530842699932691,0.30130187,0.46535312,0.233345
pthreads,1600000,3,5,0.03883162199963408,0.30147438,0.46567375,0.23285188
pthreads,1600000,4,0,0.03390346400010458,0.30212438,0.46486312,0.2330125
pthreads,1600000,4,1,0.033373218999258825,0.30257937,0.46536187,0.23205875
pthreads,1600000,4,2,0.03353016500113881,0.30265938,0.46471313,0.2326275
pthreads,1600000,4,3,0.03353272999993351,0.30167312,0.46577125,0.23255562
pthreads,1600000,4,4,0.03342372499901103,0.30190312,0.4648225,0.23327438
pthreads,1600000,4,5,0.03363087600155268,0.30173062,0.46563625,0.23263312
pthreads,1600000,5,0,0.03205921500011755,0.30166562,0.46531625,0.23301812
pthreads,1600000,5,1,0.03234793599949626,0.30227562,0.46556687,0.2321575
pthreads,1600000,5,2,0.032094088001031196,0.30238312,0.46486125,0.23275562
pthreads,1600000,5,3,0.03252813499966578,0.30148938,0.46601562,0.232495
pthreads,1600000,5,4,0.03258078599901637,0.30162187,0.4650925,0.23328562
pthreads,1600000,5,5,0.032049844001448946,0.30144938,0.46571187,0.23283875
pthreads,1600000,6,0,0.03053022099993541,0.30146812,0.46527875,0.23325313
pthreads,1600000,6,1,0.030575995999242878,0.30184937,0.46572313,0.2324275
pthreads,1600000,6,2,0.03314670600047975,0.30242812,0.46513187,0.23244
pthreads,1600000,6,3,0.03215855000053125,0.30121,0.46594687,0.23284313
pthreads,1600000,6,4,0.03057641299892566,0.30195125,0.46483062,0.23321812
pthreads,1600000,6,5,0.030934709999201004,0.30154938,0.46556938,0.23288125
pthreads,1600000,7,0,0.04601934799939045,0.301285,0.46559,0.233125
pthreads,1600000,7,1,0.04171721700004127,0.3018125,0.46579375,0.23239375
pthreads,1600000,7,2,0.042554704001304344,0.30190187,0.46518813,0.23291
pthreads,1600000,7,3,0.04590858299889078,0.30142562,0.46574312,0.23283125
pthreads,1600000,7,4,0.04166706000069098,0.30206625,0.46514187,0.23279188
pthreads,1600000,7,5,0.04174244099885982,0.301805,0.46549,0.232705
pthreads,1600000,8,0,0.04639644400049292,0.30162625,0.4651725,0.23320125
pthreads,1600000,8,1,0.0453459729997121,0.30209875,0.46540437,0.23249687
pthreads,1600000,8,2,0.04363144600029045,0.3017875,0.46529063,0.23292188
pthreads,1600000,8,3,0.041664962998765986,0.30108812,0.46609,0.23282188
pthreads,1600000,8,4,0.03889097799947194,0.3020775,0.46524688,0.23267562
pthreads,1600000,8,5,0.04040424000049825,0.3018475,0.4655,0.2326525
pthreads,3200000,1,0,0.1940364040001441,0.30188219,0.46519625,0.23292156
pthreads,3200000,1,1,0.1967925449989707,0.30166562,0.46626469,0.23206969
pthreads,3200000,1,2,0.1933990449997509,0.30199531,0.46506938,0.23293531
pthreads,3200000,1,3,0.19382087500162015,0.3015975,0.46569531,0.23270719
pthreads,3200000,1,4,0.19314559499980533,0.30161594,0.46577344,0.23261062
pthreads,3200000,1,5,0.19670664399927773,0.30189813,0.46541594,0.23268594
pthreads,3200000,2,0,0.10374303800017515,0.30186687,0.46536281,0.23277031
pthreads,3200000,2,1,0.10413167600017914,0.301885,0.4656825,0.2324325
pthreads,3200000,2,2,0.104316511999059,0.30217656,0.464855,0.23296844
pthreads,3200000,2,3,0.1032955229984509,0.30184281,0.46548187,0.23267531
pthreads,3200000,2,4,0.11819031099912536,0.30189156,0.46516344,0.232945
pthreads,3200000,2,5,0.10368273000131012,0.30184531,0.4651725,0.23298219
pthreads,3200000,3,0,0.07619830400108185,0.30185375,0.46513344,0.23301281
pthreads,3200000,3,1,0.07675014800042845,0.30228719,0.46557688,0.23213594
pthreads,3200000,3,2,0.07595830200079945,0.30227094,0.46501625,0.23271281
pthreads,3200000,3,3,0.08189228300034301,0.30160281,0.465445,0.23295219
pthreads,3200000,3,4,0.07744909499888308,0.30166312,0.46535938,0.2329775
pthreads,3200000,3,5,0.0762436559998605,0.30160938,0.46558906,0.23280156
pthreads,3200000,4,0,0.06600046700077655,0.30193437,0.46497781,0.23308781
pthreads,3200000,4,1,0.06543648900151311,0.3025325,0.46551219,0.23195531
pthreads,3200000,4,2,0.06627275299979374,0.30245625,0.464705,0.23283875
pthreads,3200000,4,3,0.06657231799908914,0.30160687,0.46547969,0.23291344
pthreads,3200000,4,4,0.0669527330010169,0.30174781,0.46517625,0.23307594
pthreads,3200000,4,5,0.06603167799949006,0.30190594,0.46547469,0.23261937
pthreads,3200000,5,0,0.06239300000015646,0.3017275,0.46518375,0.23308875
pthreads,3200000,5,1,0.06263010899965593,0.30244625,0.46537656,0.23217719
pthreads,3200000,5,2,0.06303695399947173,0.30218406,0.46498531,0.23283063
pthreads,3200000,5,3,0.06411892500000249,0.30167688,0.46568906,0.23263406
pthreads,3200000,5,4,0.06276892799905909,0.30159438,0.46528656,0.23311906
pthreads,3200000,5,5,0.06327974799933145,0.30190406,0.46522281,0.23287312
pthreads,3200000,6,0,0.06031007499950647,0.30176969,0.46529312,0.23293719
pthreads,3200000,6,1,0.06008978599857073,0.30244875,0.46557656,0.23197469
pthreads,3200000,6,2,0.060702059001414455,0.30221031,0.4650375,0.23275219
pthreads,3200000,6,3,0.0625810179990367,0.30174906,0.46557406,0.23267688
pthreads,3200000,6,4,0.06134098199981963,0.30155531,0.46513781,0.23330687
pthreads,3200000,6,5,0.05951265300063824,0.30167406,0.46522969,0.23309625
pthreads,3200000,7,0,0.0858788050009025,0.30165656,0.46543937,0.23290406
pthreads,3200000,7,1,0.08238441100002092,0.30213375,0.46579906,0.23206719
pthreads,3200000,7,2,0.09008996200100228,0.30212344,0.46509187,0.23278469
pthreads,3200000,7,3,0.08254305600166845,0.30166281,0.46567969,0.2326575
pthreads,3200000,7,4,0.08220066200010478,0.3016575,0.46517031,0.23317219
pthreads,3200000,7,5,0.0791353969998454,0.30184563,0.46517562,0.23297875
pthreads,3200000,8,0,0.06031417499980307,0.30171188,0.46526219,0.23302594
pthreads,3200000,8,1,0.08042202300021017,0.30226125,0.46564187,0.23209688
pthreads,3200000,8,2,0.07460780700057512,0.30207375,0.46517562,0.23275062
pthreads,3200000,8,3,0.08756519899907289,0.3015525,0.46589156,0.23255594
pthreads,3200000,8,4,0.07849534600063635,0.30178281,0.46532594,0.23289125
pthreads,3200000,8,5,0.07937677500012796,0.30185563,0.46527438,0.23287
pthreads,6400000,1,0,0.38656908299890347,0.30172766,0.46577844,0.23249391
pthreads,6400000,1,1,0.3859568500010937,0.30174797,0.46584969,0.23240234
pthreads,6400000,1,2,0.3854371520010318,0.30191937,0.46516547,0.23291516
pthreads,6400000,1,3,0.3855495179996069,0.30190203,0.46536344,0.23273453
pthreads,6400000,1,4,0.3848728610009857,0.30157937,0.46584844,0.23257219
pthreads,6400000,1,5,0.3850753659990005,0.30174156,0.46565812,0.23260031
pthreads,6400000,2,0,0.20496000999992248,0.30194906,0.46505812,0.23299281
pthreads,6400000,2,1,0.20521926599940343,0.30175297,0.46582766,0.23241938
pthreads,6400000,2,2,0.20504991199959477,0.30201187,0.46527391,0.23271422
pthreads,6400000,2,3,0.20501745200090227,0.30164031,0.46543969,0.23292
pthreads,6400000,2,4,0.2047379710002133,0.30185109,0.46551063,0.23263828
pthreads,6400000,2,5,0.20502853499965568,0.3019125,0.46528156,0.23280594
pthreads,6400000,3,0,0.15118001900009403,0.30193938,0.46535578,0.23270484
pthreads,6400000,3,1,0.15046421099941654,0.30189922,0.465615,0.23248578
pthreads,6400000,3,2,0.1514007269997819,0.3021175,0.46504703,0.23283547
pthreads,6400000,3,3,0.15081970000028377,0.30174937,0.46557047,0.23268016
pthreads,6400000,3,4,0.15220543600116798,0.3018725,0.46534828,0.23277922
pthreads,6400000,3,5,0.15286747999925865,0.30179375,0.46535859,0.23284766
pthreads,6400000,4,0,0.1317339200013521,0.30198234,0.46509875,0.23291891
pthreads,6400000,4,1,0.1308076319983229,0.30182656,0.46563891,0.23253453
pthreads,6400000,4,2,0.13246694200097409,0.30215703,0.46489766,0.23294531
pthreads,6400000,4,3,0.1445131250002305,0.30183078,0.46535609,0.23281313
pthreads,6400000,4,4,0.12999379800021416,0.30181469,0.46535813,0.23282719
pthreads,6400000,4,5,0.13154167599896027,0.30182656,0.46552016,0.23265328
pthreads,6400000,5,0,0.12500904099943,0.30174953,0.46529984,0.23295062
pthreads,6400000,5,1,0.12446891999934451,0.30193359,0.46562234,0.23244406
pthreads,6400000,5,2,0.12325693800084991,0.30194391,0.46523422,0.23282188
pthreads,6400000,5,3,0.12361642999894684,0.30174141,0.46561562,0.23264297
pthreads,6400000,5,4,0.12550588300109666,0.30175969,0.46549641,0.23274391
pthreads,6400000,5,5,0.12352578500031086,0.30203687,0.46517031,0.23279281
pthreads,6400000,6,0,0.12294630899850745,0.30182109,0.46515297,0.23302594
pthreads,6400000,6,1,0.1166129909997835,0.30208281,0.46575156,0.23216562
pthreads,6400000,6,2,0.11577424200004316,0.30211,0.46520391,0.23268609
pthreads,6400000,6,3,0.1169161060006445,0.30166359,0.46567313,0.23266328
pthreads,6400000,6,4,0.11601273000087531,0.30181703,0.46522297,0.23296
pthreads,6400000,6,5,0.11723322299985739,0.30197188,0.46525047,0.23277766
pthreads,6400000,7,0,0.1751303849996475,0.30167187,0.46537625,0.23295188
pthreads,6400000,7,1,0.1883898100004444,0.3021,0.46587219,0.23202781
pthreads,6400000,7,2,0.15989579499910178,0.30200578,0.46529672,0.2326975
pthreads,6400000,7,3,0.16705761699995492,0.30163672,0.46565266,0.23271063
pthreads,6400000,7,4,0.16040272200007166,0.30186969,0.46528422,0.23284609
pthreads,6400000,7,5,0.16688137100027234,0.3019225,0.46527516,0.23280234
pthreads,6400000,8,0,0.15239995600131806,0.30173984,0.46519516,0.233065
pthreads,6400000,8,1,0.1718729460008035,0.30203203,0.46580047,0.2321675
pthreads,6400000,8,2,0.12682199499977287,0.30195484,0.46538844,0.23265672
pthreads,6400000,8,3,0.14231155999914336,0.30168062,0.46567656,0.23264281
pthreads,6400000,8,4,0.15447035400029563,0.30179094,0.46529016,0.23291891
pthreads,6400000,8,5,0.11067594900123368,0.30194234,0.46524844,0.23280922
pthreads,12800000,1,0,0.7525412619997951,0.301795,0.46563547,0.23256953
pthreads,12800000,1,1,0.7512745090007229,0.30172148,0.46575703,0.23252148
pthreads,12800000,1,2,0.7558607510000002,0.30182641,0.46551406,0.23265953
pthreads,12800000,1,3,0.7687840779999533,0.30182195,0.46551336,0.23266469
pthreads,12800000,1,4,0.7689568670011795,0.30162875,0.46573578,0.23263547
pthreads,12800000,1,5,0.7692643979989953,0.30169859,0.4656532,0.2326482
pthreads,12800000,2,0,0.4118548890000966,0.30178828,0.46550789,0.23270383
pthreads,12800000,2,1,0.4552559929998097,0.30178828,0.46579539,0.23241633
pthreads,12800000,2,2,0.40887840800132835,0.30186641,0.46543758,0.23269602
pthreads,12800000,2,3,0.4148827799999708,0.30185297,0.46532969,0.23281734
pthreads,12800000,2,4,0.4096822669998801,0.30177742,0.46556242,0.23266016
pthreads,12800000,2,5,0.41614792899963504,0.30184453,0.46543812,0.23271734
pthreads,12800000,3,0,0.30259576800017385,0.30191203,0.46531273,0.23277523
pthreads,12800000,3,1,0.3014896660006343,0.30186969,0.4657068,0.23242352
pthreads,12800000,3,2,0.3001012799995806,0.30188172,0.46550648,0.2326118
pthreads,12800000,3,3,0.3012381759999698,0.30178187,0.46546781,0.23275031
pthreads,12800000,3,4,0.3022890150004969,0.30180289,0.46553273,0.23266438
pthreads,12800000,3,5,0.3035824260005029,0.30175906,0.4654918,0.23274914
pthreads,12800000,4,0,0.26348903300095117,0.30191102,0.46513641,0.23295258
pthreads,12800000,4,1,0.2678697680003097,0.30178539,0.46574023,0.23247438
pthreads,12800000,4,2,0.2613923500011879,0.301935,0.46531766,0.23274734
pthreads,12800000,4,3,0.2622267679998913,0.30171008,0.4654957,0.23279422
pthreads,12800000,4,4,0.26000051399933,0.3018968,0.46538594,0.23271727
pthreads,12800000,4,5,0.25954399399961403,0.30185508,0.46549281,0.23265211
pthreads,12800000,5,0,0.24632876799842052,0.30184883,0.46537477,0.23277641
pthreads,12800000,5,1,0.24859896199996,0.30193273,0.46551172,0.23255555
pthreads,12800000,5,2,0.2477374609989056,0.30186242,0.46543516,0.23270242
pthreads,12800000,5,3,0.2530123150008876,0.30176703,0.46560789,0.23262508
pthreads,12800000,5,4,0.2497844219997205,0.30181484,0.46548187,0.23270328
pthreads,12800000,5,5,0.2480123019995517,0.30175773,0.46537828,0.23286398
pthreads,12800000,6,0,0.23867376599991985,0.30191336,0.46533172,0.23275492
pthreads,12800000,6,1,0.24412194500109763,0.30181586,0.46558641,0.23259773
pthreads,12800000,6,2,0.23597134400006325,0.30188555,0.46541703,0.23269742
pthreads,12800000,6,3,0.2544168009990244,0.3017893,0.46558031,0.23263039
pthreads,12800000,6,4,0.2368449959994905,0.30195125,0.46533391,0.23271484
pthreads,12800000,6,5,0.2572798999990482,0.30183047,0.46531555,0.23285398
pthreads,12800000,7,0,0.30245173599905684,0.30186266,0.46537422,0.23276312
pthreads,12800000,7,1,0.2944407030008733,0.30169578,0.46576828,0.23253594
pthreads,12800000,7,2,0.34342240799924184,0.30187102,0.46540523,0.23272375
pthreads,12800000,7,3,0.33641739999984566,0.30174258,0.46560758,0.23264984
pthreads,12800000,7,4,0.2874048289995699,0.30187898,0.46542258,0.23269844
pthreads,12800000,7,5,0.33112879899999825,0.30180711,0.46535484,0.23283805
pthreads,12800000,8,0,0.3139982369993959,0.30180812,0.46534219,0.23284969
pthreads,12800000,8,1,0.2802032590007002,0.30173148,0.46572016,0.23254836
pthreads,12800000,8,2,0.23068118300034257,0.30190125,0.46536617,0.23273258
pthreads,12800000,8,3,0.3418832299994392,0.30175547,0.46559539,0.23264914
pthreads,12800000,8,4,0.3279051169993181,0.30182508,0.4654843,0.23269063
pthreads,12800000,8,5,0.28283724900029483,0.30187352,0.4653218,0.23280469
mpi,100000,1,0,0.3199850270011666,0.3023,0.46462,0.23308
mpi,100000,1,1,0.32037107899850525,0.3038,0.46482,0.23138
mpi,100000,1,2,0.319198924000375,0.30377,0.46422,0.23201
mpi,100000,1,3,0.3160538299998734,0.30223,0.4637,0.23407
mpi,100000,1,4,0.31958942799974466,0.30201,0.46557,0.23242
mpi,100000,1,5,0.3159931950012833,0.29851,0.46869,0.2328
mpi,100000,2,0,0.31993139299993345,0.29994,0.46401,0.23605
mpi,100000,2,1,0.32024539099984395,0.30271,0.46636,0.23093
mpi,100000,2,2,0.32269389999964915,0.30218,0.46465,0.23317
mpi,100000,2,3,0.3210090749998926,0.29996,0.46507,0.23497
mpi,100000,2,4,0.3284721010004432,0.30207,0.46542,0.23251
mpi,100000,2,5,0.32390734599903226,0.30075,0.46608,0.23317
mpi,100000,3,0,0.32384149599965895,0.30136,0.4648,0.23384
mpi,100000,3,1,0.3280112559987174,0.303,0.46566,0.23134
mpi,100000,3,2,0.32750088700049673,0.30087,0.46724,0.23189
mpi,100000,3,3,0.326922853000724,0.30004,0.4661,0.23386
mpi,100000,3,4,0.32054681400040863,0.30272,0.4644,0.23288
mpi,100000,3,5,0.3241112740015524,0.30392,0.46443,0.23165
mpi,100000,4,0,0.33104241199907847,0.30289,0.46354,0.23357
mpi,100000,4,1,0.32933448900075746,0.30258,0.4677,0.22972
mpi,100000,4,2,0.3317846490008378,0.30113,0.46622,0.23265
mpi,100000,4,3,0.32835331299975223,0.30244,0.46549,0.23207
mpi,100000,4,4,0.32303134100038733,0.30249,0.46364,0.23387
mpi,100000,4,5,0.3271911039992119,0.30323,0.46403,0.23274
mpi,100000,5,0,0.32873411199943803,0.30333,0.46459,0.23208
mpi,100000,5,1,0.32706419799978903,0.30333,0.46563,0.23104
mpi,100000,5,2,0.330456221001441,0.30083,0.46543,0.23374
mpi,100000,5,3,0.3256993530012551,0.30204,0.46598,0.23198
mpi,100000,5,4,0.3281174329986243,0.30314,0.46332,0.23354
mpi,100000,5,5,0.33212855700003274,0.30353,0.46393,0.23254
mpi,100000,6,0,0.3354560499992658,0.30332,0.46578,0.2309
mpi,100000,6,1,0.3335852660002274,0.3042,0.46478,0.23102
mpi,100000,6,2,0.3319358459993964,0.30183,0.46607,0.2321
mpi,100000,6,3,0.33481826200113574,0.30218,0.46617,0.23165
mpi,100000,6,4,0.33239592100107984,0.30242,0.46355,0.23403
mpi,100000,6,5,0.33589905200096837,0.30342,0.4638,0.23278
mpi,100000,7,0,0.33911061699836864,0.30165,0.46678,0.23157
mpi,100000,7,1,0.3324310539992439,0.3027,0.46488,0.23242
mpi,100000,7,2,0.3430544689999806,0.30065,0.46616,0.23319
mpi,100000,7,3,0.339511706999474,0.30185,0.4655,0.23265
mpi,100000,7,4,0.33772499800033984,0.30189,0.46402,0.23409
mpi,100000,7,5,0.3389892029990733,0.30354,0.46406,0.2324
mpi,100000,8,0,0.3457304940002359,0.30138,0.46714,0.23148
mpi,100000,8,1,0.3406996860012441,0.30355,0.46354,0.23291
mpi,100000,8,2,0.3437898829997721,0.30056,0.46625,0.23319
mpi,100000,8,3,0.33967558200129133,0.30265,0.46475,0.2326
mpi,100000,8,4,0.34380054299981566,0.3025,0.46334,0.23416
mpi,100000,8,5,0.3489702139995643,0.30382,0.46401,0.23217
mpi,200000,1,0,0.32468417400014005,0.301555,0.46547,0.232975
mpi,200000,1,1,0.32337378000011086,0.302645,0.46438,0.232975
mpi,200000,1,2,0.32898393499999656,0.302755,0.46481,0.232435
mpi,200000,1,3,0.33118506299979344,0.301055,0.46473,0.234215
mpi,200000,1,4,0.3319356579995656,0.30147,0.465715,0.232815
mpi,200000,1,5,0.33188746599989827,0.300405,0.46723,0.232365
mpi,200000,2,0,0.32805538200045703,0.30171,0.464145,0.234145
mpi,200000,2,1,0.3277826470002765,0.303385,0.464765,0.23185
mpi,200000,2,2,0.32796275800137664,0.30341,0.464465,0.232125
mpi,200000,2,3,0.3241065010006423,0.30081,0.46566,0.23353
mpi,200000,2,4,0.32361309199950483,0.301935,0.46438,0.233685
mpi,200000,2,5,0.32747012300023925,0.300545,0.466355,0.2331
mpi,200000,3,0,0.3320323489988368,0.30117,0.464275,0.234555
mpi,200000,3,1,0.32738770399919304,0.301375,0.466075,0.23255
mpi,200000,3,2,0.3275232949999918,0.302235,0.464545,0.23322
mpi,200000,3,3,0.3280926309998904,0.300165,0.465975,0.23386
mpi,200000,3,4,0.32428219000030367,0.30198,0.46547,0.23255
mpi,200000,3,5,0.32801463100076944,0.301715,0.465595,0.23269
mpi,200000,4,0,0.33124176599994826,0.3001,0.46562,0.23428
mpi,200000,4,1,0.33392304399967543,0.301895,0.465925,0.23218
mpi,200000,4,2,0.3295241599989822,0.301905,0.4647,0.233395
mpi,200000,4,3,0.32834676299899,0.301465,0.465385,0.23315
mpi,200000,4,4,0.3282331159989553,0.301595,0.46572,0.232685
mpi,200000,4,5,0.3312329990003491,0.302215,0.46607,0.231715
mpi,200000,5,0,0.3280522730001394,0.3012,0.46551,0.23329
mpi,200000,5,1,0.33521035599915194,0.30222,0.46575,0.23203
mpi,200000,5,2,0.33229831799872045,0.301505,0.46614,0.232355
mpi,200000,5,3,0.3275999060006143,0.302325,0.464835,0.23284
mpi,200000,5,4,0.33173395299854747,0.30243,0.464115,0.233455
mpi,200000,5,5,0.33292310099932365,0.30291,0.46562,0.23147
mpi,200000,6,0,0.3362651050010754,0.301215,0.466475,0.23231
mpi,200000,6,1,0.3323840579996613,0.303065,0.464575,0.23236
mpi,200000,6,2,0.3352289229987946,0.30235,0.46619,0.23146
mpi,200000,6,3,0.3390944370003126,0.30286,0.46467,0.23247
mpi,200000,6,4,0.3325924260007014,0.302145,0.46371,0.234145
mpi,200000,6,5,0.33557852699959767,0.303595,0.46501,0.231395
mpi,200000,7,0,0.34048840700052097,0.301785,0.46623,0.231985
mpi,200000,7,1,0.34174287099995126,0.303615,0.465265,0.23112
mpi,200000,7,2,0.34183704299903184,0.301475,0.465995,0.23253
mpi,200000,7,3,0.3366237709997222,0.30245,0.46433,0.23322
mpi,200000,7,4,0.34014634900086094,0.30195,0.46375,0.2343
mpi,200000,7,5,0.3391889260001335,0.30253,0.465415,0.232055
mpi,200000,8,0,0.34470483099903504,0.30127,0.466585,0.232145
mpi,200000,8,1,0.33839780100061034,0.30317,0.46549,0.23134
mpi,200000,8,2,0.34591196099972876,0.3011,0.465705,0.233195
mpi,200000,8,3,0.3432198519985832,0.30258,0.464885,0.232535
mpi,200000,8,4,0.34371596399978444,0.30199,0.463485,0.234525
mpi,200000,8,5,0.34030755699859583,0.302965,0.464595,0.23244
mpi,400000,1,0,0.3362589120006305,0.3021475,0.4652225,0.23263
mpi,400000,1,1,0.33578532800129324,0.302245,0.4652525,0.2325025
mpi,400000,1,2,0.3356627949997346,0.30214,0.4648625,0.2329975
mpi,400000,1,3,0.3367155729993101,0.30183,0.46524,0.23293
mpi,400000,1,4,0.4358020880008553,0.3009575,0.465745,0.2332975
mpi,400000,1,5,0.3400075609988562,0.30021,0.466435,0.233355
mpi,400000,2,0,0.32822667800064664,0.3014825,0.4644775,0.23404
mpi,400000,2,1,0.33202666500073974,0.3029625,0.464485,0.2325525
mpi,400000,2,2,0.3311686879987974,0.3023275,0.46509,0.2325825
mpi,400000,2,3,0.3235988480009837,0.300985,0.465955,0.23306
mpi,400000,2,4,0.32812402300078247,0.3012575,0.4649375,0.233805
mpi,400000,2,5,0.33481769999889366,0.3014025,0.465655,0.2329425
mpi,400000,3,0,0.3315049930006353,0.3017575,0.4647,0.2335425
mpi,400000,3,1,0.3283941039990168,0.3020875,0.4653075,0.232605
mpi,400000,3,2,0.327292349000345,0.3027275,0.46448,0.2327925
mpi,400000,3,3,0.32791352800086315,0.3007675,0.4660825,0.23315
mpi,400000,3,4,0.328486280001016,0.302,0.46539,0.23261
mpi,400000,3,5,0.3278280930007895,0.30173,0.4657025,0.2325675
mpi,400000,4,0,0.3301739139988058,0.30152,0.464865,0.233615
mpi,400000,4,1,0.329579057999581,0.3020775,0.4652575,0.232665
mpi,400000,4,2,0.33211012999890954,0.3026575,0.46423,0.2331125
mpi,400000,4,3,0.3285359419987799,0.301225,0.4660925,0.2326825
mpi,400000,4,4,0.33086252199973387,0.302085,0.4649725,0.2329425
mpi,400000,4,5,0.3280389739993552,0.3018325,0.465525,0.2326425
mpi,400000,5,0,0.33975158799876226,0.3011075,0.4658475,0.233045
mpi,400000,5,1,0.33165495400135114,0.3021475,0.4652475,0.232605
mpi,400000,5,2,0.3320938809993095,0.3025475,0.4648075,0.232645
mpi,400000,5,3,0.33177279499977885,0.30087,0.4663125,0.2328175
mpi,400000,5,4,0.3312556519995269,0.3023675,0.46471,0.2329225
mpi,400000,5,5,0.3369232259992714,0.3017775,0.465725,0.2324975
mpi,400000,6,0,0.3359539529992617,0.3012675,0.4658175,0.232915
mpi,400000,6,1,0.33866093899996486,0.3021825,0.4649425,0.232875
mpi,400000,6,2,0.34236108000004606,0.3024375,0.465175,0.2323875
mpi,400000,6,3,0.33789925500059326,0.3014525,0.46571,0.2328375
mpi,400000,6,4,0.3373125929992966,0.3014525,0.46574,0.2328075
mpi,400000,6,5,0.33458709200021985,0.301815,0.4662675,0.2319175
mpi,400000,7,0,0.3438977250007156,0.3007825,0.465905,0.2333125
mpi,400000,7,1,0.3421369460011192,0.30191,0.46525,0.23284
mpi,400000,7,2,0.34217396100029873,0.3018675,0.465285,0.2328475
mpi,400000,7,3,0.3392953140009922,0.3015175,0.46565,0.2328325
mpi,400000,7,4,0.34302557399860234,0.301415,0.46536,0.233225
mpi,400000,7,5,0.34488788900125655,0.301845,0.466895,0.23126
mpi,400000,8,0,0.34320362000107707,0.300255,0.466775,0.23297
mpi,400000,8,1,0.34889290200044343,0.3023425,0.4652125,0.232445
mpi,400000,8,2,0.3465320149989566,0.3016425,0.4656575,0.2327
mpi,400000,8,3,0.349005132999082,0.3019175,0.46555,0.2325325
mpi,400000,8,4,0.34323506399960024,0.3016225,0.46504,0.2333375
mpi,400000,8,5,0.34287207600027614,0.30168,0.466465,0.231855
mpi,800000,1,0,0.3599409189992002,0.302055,0.465475,0.23247
mpi,800000,1,1,0.3595189709994884,0.302545,0.46566625,0.23178875
mpi,800000,1,2,0.36843874999976833,0.30242,0.46414875,0.23343125
mpi,800000,1,3,0.3593920290004462,0.30171625,0.46583,0.23245375
mpi,800000,1,4,0.3602281289986422,0.3007925,0.4657075,0.2335
mpi,800000,1,5,0.35993475999930524,0.30113125,0.4656725,0.23319625
mpi,800000,2,0,0.3395100279994949,0.301325,0.465005,0.23367
mpi,800000,2,1,0.3404828769998858,0.30266375,0.46493625,0.2324
mpi,800000,2,2,0.3397845050003525,0.301635,0.46560125,0.23276375
mpi,800000,2,3,0.3397691879999911,0.30125125,0.46568,0.23306875
mpi,800000,2,4,0.3401979440004652,0.30083,0.4653275,0.2338425
mpi,800000,2,5,0.33977516499908234,0.30122875,0.4655,0.23327125
mpi,800000,3,0,0.33565777399962826,0.3015225,0.4655325,0.232945
mpi,800000,3,1,0.3360898000009911,0.302235,0.465295,0.23247
mpi,800000,3,2,0.3359026959988114,0.30214375,0.4649425,0.23291375
mpi,800000,3,3,0.33592293499896186,0.30111,0.466005,0.232885
mpi,800000,3,4,0.33549013400079275,0.302265,0.46491875,0.23281625
mpi,800000,3,5,0.33548452900140546,0.302015,0.4653025,0.2326825
mpi,800000,4,0,0.33278040699951816,0.30128875,0.46521625,0.233495
mpi,800000,4,1,0.33630966399869067,0.302545,0.46487875,0.23257625
mpi,800000,4,2,0.33978511600071215,0.3017025,0.465075,0.2332225
mpi,800000,4,3,0.33570254200094496,0.3010675,0.465975,0.2329575
mpi,800000,4,4,0.33596631399996113,0.301725,0.46527875,0.23299625
mpi,800000,4,5,0.3396699510012695,0.30212125,0.46488375,0.232995
mpi,800000,5,0,0.3397250840007473,0.3013725,0.4654275,0.2332
mpi,800000,5,1,0.3391150909992575,0.3025575,0.46489625,0.23254625
mpi,800000,5,2,0.3407984219993523,0.30215875,0.46515875,0.2326825
mpi,800000,5,3,0.33586699399893405,0.30090375,0.4663525,0.23274375
mpi,800000,5,4,0.339796677000777,0.30222,0.465145,0.232635
mpi,800000,5,5,0.3359582440007216,0.3016575,0.46546,0.2328825
mpi,800000,6,0,0.33785443699889584,0.301785,0.46549625,0.23271875
mpi,800000,6,1,0.34177609300058975,0.30225125,0.46454375,0.233205
mpi,800000,6,2,0.3441010610004014,0.30257625,0.4652025,0.23222125
mpi,800000,6,3,0.34018730699972366,0.3013975,0.466325,0.2322775
mpi,800000,6,4,0.34454905900020094,0.30181625,0.46574625,0.2324375
mpi,800000,6,5,0.34531986999900255,0.3013325,0.46612,0.2325475
mpi,800000,7,0,0.3464226129999588,0.301345,0.466095,0.23256
mpi,800000,7,1,0.3508584930004872,0.30258625,0.46448875,0.232925
mpi,800000,7,2,0.3508659480012284,0.30248625,0.46516875,0.232345
mpi,800000,7,3,0.34521459700044943,0.30135125,0.46628375,0.232365
mpi,800000,7,4,0.34721689999969385,0.30191375,0.46540875,0.2326775
mpi,800000,7,5,0.34711001699906774,0.30071125,0.46671,0.23257875
mpi,800000,8,0,0.3515518370004429,0.30142875,0.46616,0.23241125
mpi,800000,8,1,0.35075953799969284,0.30233375,0.46458625,0.23308
mpi,800000,8,2,0.34914614599983906,0.3018525,0.46552375,0.23262375
mpi,800000,8,3,0.3519776799985266,0.30142625,0.4660425,0.23253125
mpi,800000,8,4,0.35051414699955785,0.3021975,0.46484,0.2329625
mpi,800000,8,5,0.34794600299937883,0.30114,0.46600375,0.23285625
mpi,1600000,1,0,0.40826648300026136,0.30205188,0.46525688,0.23269125
mpi,1600000,1,1,0.40811727099935524,0.30189625,0.46593375,0.23217
mpi,1600000,1,2,0.4074606260001019,0.30236438,0.46446437,0.23317125
mpi,1600000,1,3,0.4072970790002728,0.3022875,0.465425,0.2322875
mpi,1600000,1,4,0.4082951710006455,0.30135375,0.46535312,0.23329312
mpi,1600000,1,5,0.4079985879998276,0.30166,0.46555812,0.23278187
mpi,1600000,2,0,0.3644547280000552,0.30173125,0.46534813,0.23292062
mpi,1600000,2,1,0.36390334000134317,0.30258875,0.46537125,0.23204
mpi,1600000,2,2,0.3637928509997437,0.30193063,0.4651375,0.23293188
mpi,1600000,2,3,0.36432781999974395,0.3015125,0.465845,0.2326425
mpi,1600000,2,4,0.3634206320002704,0.30108187,0.46547187,0.23344625
mpi,1600000,2,5,0.3636012249990017,0.30158313,0.46549125,0.23292562
mpi,1600000,3,0,0.35546849300044414,0.30160313,0.46565125,0.23274563
mpi,1600000,3,1,0.35769780700138654,0.3026325,0.46545625,0.23191125
mpi,1600000,3,2,0.35386855700016895,0.30180875,0.46493563,0.23325562
mpi,1600000,3,3,0.35164707200056,0.3012075,0.46612687,0.23266562
mpi,1600000,3,4,0.35212240100008785,0.301445,0.46567313,0.23288187
mpi,1600000,3,5,0.3520613559994672,0.30173125,0.46533625,0.2329325
mpi,1600000,4,0,0.35095664099935675,0.3012925,0.46566062,0.23304687
mpi,1600000,4,1,0.3493925519996992,0.30246,0.46516937,0.23237062
mpi,1600000,4,2,0.35068263599896454,0.3013375,0.46542875,0.23323375
mpi,1600000,4,3,0.3483630610007822,0.30153625,0.46580938,0.23265437
mpi,1600000,4,4,0.351452729999437,0.30160938,0.46548125,0.23290938
mpi,1600000,4,5,0.34860503999880166,0.30184,0.4650075,0.2331525
mpi,1600000,5,0,0.34451789100057795,0.30164062,0.46559375,0.23276563
mpi,1600000,5,1,0.3434268990004057,0.30208062,0.46525563,0.23266375
mpi,1600000,5,2,0.34866482700090273,0.3015125,0.46518437,0.23330313
mpi,1600000,5,3,0.343683023000267,0.30155625,0.4658175,0.23262625
mpi,1600000,5,4,0.3471110190002946,0.30217625,0.46504187,0.23278187
mpi,1600000,5,5,0.3518709250001848,0.30181938,0.46517562,0.233005
mpi,1600000,6,0,0.35045485999944503,0.3018325,0.46562188,0.23254563
mpi,1600000,6,1,0.3446299290008028,0.3020375,0.46515625,0.23280625
mpi,1600000,6,2,0.3532324030002201,0.30176063,0.4654825,0.23275688
mpi,1600000,6,3,0.3515076969997608,0.30174625,0.46607125,0.2321825
mpi,1600000,6,4,0.3472288499997376,0.30199625,0.46507938,0.23292437
mpi,1600000,6,5,0.3536832659992797,0.30160188,0.46553187,0.23286625
mpi,1600000,7,0,0.3547267510002712,0.30162062,0.46584687,0.2325325
mpi,1600000,7,1,0.35320885100009036,0.30211875,0.46523375,0.2326475
mpi,1600000,7,2,0.3503634950011474,0.30175937,0.46553937,0.23270125
mpi,1600000,7,3,0.3576266439995379,0.30146875,0.46616687,0.23236438
mpi,1600000,7,4,0.3500726689999283,0.30211063,0.46493125,0.23295812
mpi,1600000,7,5,0.34881887700066727,0.30147438,0.46564312,0.2328825
mpi,1600000,8,0,0.35977719399852504,0.30167375,0.46595188,0.23237437
mpi,1600000,8,1,0.3479599100010091,0.30226125,0.46512562,0.23261313
mpi,1600000,8,2,0.36027917100000195,0.30151875,0.46579625,0.232685
mpi,1600000,8,3,0.35051000800012844,0.30143562,0.46619187,0.2323725
mpi,1600000,8,4,0.35464284800036694,0.30192,0.46514187,0.23293812
mpi,1600000,8,5,0.3587831330005429,0.30138687,0.46553813,0.233075
mpi,3200000,1,0,0.5029171850001148,0.30188219,0.46519625,0.23292156
mpi,3200000,1,1,0.5048284160002368,0.30166562,0.46626469,0.23206969
mpi,3200000,1,2,0.5035136369988322,0.30199531,0.46506938,0.23293531
mpi,3200000,1,3,0.5043811659998028,0.3015975,0.46569531,0.23270719
mpi,3200000,1,4,0.5038545690003957,0.30161594,0.46577344,0.23261062
mpi,3200000,1,5,0.5034949189994222,0.30189813,0.46541594,0.23268594
mpi,3200000,2,0,0.4159452419989975,0.3018875,0.46538281,0.23272969
mpi,3200000,2,1,0.41202640799929213,0.30183031,0.46597531,0.23219438
mpi,3200000,2,2,0.41507211299904156,0.30209656,0.46507,0.23283344
mpi,3200000,2,3,0.41263679700023204,0.30197406,0.46535031,0.23267562
mpi,3200000,2,4,0.41118971000105375,0.30152406,0.46548375,0.23299219
mpi,3200000,2,5,0.4124541410001257,0.30185125,0.46547594,0.23267281
mpi,3200000,3,0,0.3891039699992689,0.30174688,0.46580875,0.23244438
mpi,3200000,3,1,0.38363650899918866,0.30240312,0.46583594,0.23176094
mpi,3200000,3,2,0.3839505370015104,0.30195125,0.46514437,0.23290437
mpi,3200000,3,3,0.43144849899908877,0.30184719,0.46554594,0.23260687
mpi,3200000,3,4,0.3839420460008114,0.30163812,0.4656225,0.23273937
mpi,3200000,3,5,0.3840159440005664,0.3018475,0.46526469,0.23288781
mpi,3200000,4,0,0.37839699200048926,0.3016175,0.46592031,0.23246219
mpi,3200000,4,1,0.37461014700056694,0.30246563,0.46553719,0.23199719
mpi,3200000,4,2,0.3832808749994001,0.30176531,0.46513656,0.23309812
mpi,3200000,4,3,0.3757061230007821,0.30189656,0.46567531,0.23242813
mpi,3200000,4,4,0.37367518300015945,0.30152937,0.46554031,0.23293031
mpi,3200000,4,5,0.36963272700086236,0.30193031,0.465135,0.23293469
mpi,3200000,5,0,0.366817957999956,0.30163969,0.46589875,0.23246156
mpi,3200000,5,1,0.36886527400019986,0.30230125,0.46554969,0.23214906
mpi,3200000,5,2,0.3681692340014706,0.30150906,0.46533625,0.23315469
mpi,3200000,5,3,0.3670758560001559,0.30173062,0.46576156,0.23250781
mpi,3200000,5,4,0.36502895100056776,0.30168062,0.46557125,0.23274813
mpi,3200000,5,5,0.3669221000000107,0.30186656,0.46508688,0.23304656
mpi,3200000,6,0,0.3681602800006658,0.30187812,0.46566344,0.23245844
mpi,3200000,6,1,0.37441086000035284,0.3022325,0.46535031,0.23241719
mpi,3200000,6,2,0.3682830420002574,0.30138125,0.46556219,0.23305656
mpi,3200000,6,3,0.3672855949989753,0.30188531,0.46589094,0.23222375
mpi,3200000,6,4,0.3681439159990987,0.30170344,0.46545281,0.23284375
mpi,3200000,6,5,0.3674397480008338,0.30169406,0.46541938,0.23288656
mpi,3200000,7,0,0.371497107000323,0.30189813,0.46556,0.23254188
mpi,3200000,7,1,0.3638015579999774,0.30220406,0.46535469,0.23244125
mpi,3200000,7,2,0.365154523999081,0.30146625,0.46575219,0.23278156
mpi,3200000,7,3,0.36608815399995365,0.30186438,0.46590781,0.23222781
mpi,3200000,7,4,0.36666839200006507,0.30180375,0.46541688,0.23277938
mpi,3200000,7,5,0.3777061849996244,0.30146031,0.46556406,0.23297562
mpi,3200000,8,0,0.36892226500094694,0.30190719,0.46568219,0.23241063
mpi,3200000,8,1,0.3676921559999755,0.30228344,0.46525406,0.2324625
mpi,3200000,8,2,0.36302764599895454,0.30104125,0.46609906,0.23285969
mpi,3200000,8,3,0.3731294400004117,0.30177906,0.46592031,0.23230063
mpi,3200000,8,4,0.36705507000078796,0.30182844,0.46531406,0.2328575
mpi,3200000,8,5,0.37206724399948143,0.30125375,0.46553219,0.23321406
mpi,6400000,1,0,0.6958695640005317,0.30172766,0.46577844,0.23249391
mpi,6400000,1,1,0.6924616290016274,0.30174797,0.46584969,0.23240234
mpi,6400000,1,2,0.6915703459999349,0.30191937,0.46516547,0.23291516
mpi,6400000,1,3,0.7004169009996986,0.30190203,0.46536344,0.23273453
mpi,6400000,1,4,0.6990461349996622,0.30157937,0.46584844,0.23257219
mpi,6400000,1,5,0.6961885289983911,0.30174156,0.46565812,0.23260031
mpi,6400000,2,0,0.5120201000008819,0.30196047,0.46507359,0.23296594
mpi,6400000,2,1,0.5078733690006629,0.30168563,0.46598187,0.2323325
mpi,6400000,2,2,0.5078083029984555,0.30187234,0.46531422,0.23281344
mpi,6400000,2,3,0.5114835999993375,0.30162062,0.46562297,0.23275641
mpi,6400000,2,4,0.5044359200001054,0.30183266,0.46535422,0.23281313
mpi,6400000,2,5,0.5082570470003702,0.30191625,0.46536109,0.23272266
mpi,6400000,3,0,0.44806732699908025,0.30187531,0.46558906,0.23253562
mpi,6400000,3,1,0.44745220100048755,0.30173109,0.46604219,0.23222672
mpi,6400000,3,2,0.4483334040014597,0.30188531,0.46526734,0.23284734
mpi,6400000,3,3,0.4479002339994622,0.30176406,0.46555797,0.23267797
mpi,6400000,3,4,0.4475268030000734,0.30173672,0.46579375,0.23246953
mpi,6400000,3,5,0.4525066419992072,0.30171016,0.46545469,0.23283516
mpi,6400000,4,0,0.4207308090008155,0.30164375,0.46599969,0.23235656
mpi,6400000,4,1,0.4199988629989093,0.30185234,0.46591063,0.23223703
mpi,6400000,4,2,0.44394484700023895,0.30189938,0.46525187,0.23284875
mpi,6400000,4,3,0.42171445100029814,0.30183328,0.46561453,0.23255219
mpi,6400000,4,4,0.4182001089993719,0.30167516,0.46556969,0.23275516
mpi,6400000,4,5,0.4227436689998285,0.30187516,0.46539938,0.23272547
mpi,6400000,5,0,0.40406873099891527,0.301595,0.46594062,0.23246438
mpi,6400000,5,1,0.4051474710013281,0.30199016,0.46584359,0.23216625
mpi,6400000,5,2,0.40351235200068913,0.30178641,0.46522594,0.23298766
mpi,6400000,5,3,0.40696666199983156,0.30186969,0.46569344,0.23243687
mpi,6400000,5,4,0.40809500999966986,0.30163344,0.46553,0.23283656
mpi,6400000,5,5,0.4083244490011566,0.30185781,0.46524609,0.23289609
mpi,6400000,6,0,0.3988920009996946,0.30178203,0.46581,0.23240797
mpi,6400000,6,1,0.4004530190013611,0.30214078,0.46562375,0.23223547
mpi,6400000,6,2,0.40138825200119754,0.30164641,0.4653475,0.23300609
mpi,6400000,6,3,0.40398225399985677,0.30193469,0.46570594,0.23235938
mpi,6400000,6,4,0.4023874659997091,0.30171797,0.46531266,0.23296938
mpi,6400000,6,5,0.4013781329995254,0.30176734,0.46535156,0.23288109
mpi,6400000,7,0,0.39710639999975683,0.30175344,0.46578188,0.23246469
mpi,6400000,7,1,0.3963789210010873,0.30205984,0.46566687,0.23227328
mpi,6400000,7,2,0.39442205000159447,0.30167906,0.46547563,0.23284531
mpi,6400000,7,3,0.40096001500023704,0.30195734,0.46582187,0.23222078
mpi,6400000,7,4,0.3951240990008955,0.30171891,0.46536547,0.23291562
mpi,6400000,7,5,0.3958913450005639,0.30167516,0.46545016,0.23287469
mpi,6400000,8,0,0.39370932699966943,0.30178172,0.46585312,0.23236516
mpi,6400000,8,1,0.40025495900044916,0.30213594,0.46558719,0.23227687
mpi,6400000,8,2,0.39376134499980253,0.30152406,0.46561266,0.23286328
mpi,6400000,8,3,0.39728193399969314,0.30190109,0.46583391,0.232265
mpi,6400000,8,4,0.3988917049991869,0.30164875,0.46545734,0.23289391
mpi,6400000,8,5,0.3974455690004106,0.30162219,0.46537859,0.23299922
mpi,12800000,1,0,1.0712251650002145,0.301795,0.46563547,0.23256953
mpi,12800000,1,1,1.0848626540009718,0.30172148,0.46575703,0.23252148
mpi,12800000,1,2,1.0837635159987258,0.30182641,0.46551406,0.23265953
mpi,12800000,1,3,1.0682714779995877,0.30182195,0.46551336,0.23266469
mpi,12800000,1,4,1.0835719799997605,0.30162875,0.46573578,0.23263547
mpi,12800000,1,5,1.0800684740006545,0.30169859,0.4656532,0.2326482
mpi,12800000,2,0,0.7083056169994961,0.30178328,0.46551375,0.23270297
mpi,12800000,2,1,0.7036359710000397,0.30178063,0.46560375,0.23261562
mpi,12800000,2,2,0.7078652379987034,0.30180242,0.46542461,0.23277297
mpi,12800000,2,3,0.7078035960003035,0.30178109,0.46548031,0.23273859
mpi,12800000,2,4,0.7040258640008688,0.30171047,0.46554656,0.23274297
mpi,12800000,2,5,0.7036864900001092,0.3017768,0.46565984,0.23256336
mpi,12800000,3,0,0.6275627330014686,0.30182211,0.46552594,0.23265195
mpi,12800000,3,1,0.5764613520004787,0.30176477,0.46580266,0.23243258
mpi,12800000,3,2,0.5798524389992963,0.30177289,0.46554398,0.23268312
mpi,12800000,3,3,0.5756472619996202,0.3017082,0.46557711,0.23271469
mpi,12800000,3,4,0.579190935999577,0.30170914,0.46575266,0.2325382
mpi,12800000,3,5,0.5920556679993751,0.3018032,0.46534273,0.23285406
mpi,12800000,4,0,0.5258965409993834,0.301795,0.46549141,0.23271359
mpi,12800000,4,1,0.5242331290010043,0.301735,0.46590945,0.23235555
mpi,12800000,4,2,0.5152868469995155,0.301805,0.46553008,0.23266492
mpi,12800000,4,3,0.5285352849987248,0.30166797,0.46563539,0.23269664
mpi,12800000,4,4,0.5184137759988516,0.30175742,0.46564227,0.23260031
mpi,12800000,4,5,0.5164402069985954,0.3018693,0.46541406,0.23271664
mpi,12800000,5,0,0.4873645520001446,0.30174367,0.46561641,0.23263992
mpi,12800000,5,1,0.48392969599990465,0.30180398,0.46590406,0.23229195
mpi,12800000,5,2,0.4880952259991318,0.30177437,0.46543406,0.23279156
mpi,12800000,5,3,0.4840861579996272,0.30172172,0.46567875,0.23259953
mpi,12800000,5,4,0.49133947100017394,0.30173867,0.46563109,0.23263023
mpi,12800000,5,5,0.48766752099982114,0.30175977,0.46549281,0.23274742
mpi,12800000,6,0,0.4887287050005398,0.30183125,0.46562391,0.23254484
mpi,12800000,6,1,0.49487802300063777,0.30181094,0.46571742,0.23247164
mpi,12800000,6,2,0.4638993250009662,0.30171734,0.46547086,0.2328118
mpi,12800000,6,3,0.4678960420005751,0.30174438,0.46576828,0.23248734
mpi,12800000,6,4,0.46986864999962563,0.30185383,0.46547945,0.23266672
mpi,12800000,6,5,0.4651857689987082,0.30175516,0.46553297,0.23271188
mpi,12800000,7,0,0.4560846449985547,0.30185445,0.46552539,0.23262016
mpi,12800000,7,1,0.46010111499890627,0.30181883,0.46572586,0.23245531
mpi,12800000,7,2,0.45624186899840424,0.3017507,0.46542352,0.23282578
mpi,12800000,7,3,0.4711782310005219,0.30181547,0.46572375,0.23246078
mpi,12800000,7,4,0.45678666200001317,0.30178516,0.46545219,0.23276266
mpi,12800000,7,5,0.45484812700124166,0.30177141,0.46549805,0.23273055
mpi,12800000,8,0,0.44691195000086736,0.30170141,0.46575227,0.23254633
mpi,12800000,8,1,0.44848033100061,0.3019007,0.46571117,0.23238813
mpi,12800000,8,2,0.4793619879983453,0.30163859,0.46544281,0.23291859
mpi,12800000,8,3,0.451234170999669,0.30183469,0.46567781,0.2324875
mpi,12800000,8,4,0.46956942200085905,0.30173398,0.46545188,0.23281414
mpi,12800000,8,5,0.4712776109990955,0.30182148,0.46546227,0.23271625
serial,100000,1,0,0.009131845999945654,0.302,0.46548,0.23252
serial,100000,1,1,0.00916286699975899,0.30147,0.46564,0.23289
serial,100000,1,2,0.009108935000767815,0.30144,0.4647,0.23386
serial,100000,1,3,0.00907651600027748,0.30498,0.46385,0.23117
serial,100000,1,4,0.008985282998764887,0.30111,0.46736,0.23153
serial,100000,1,5,0.01842453899917018,0.30056,0.46726,0.23218
serial,200000,1,0,0.01935557499928109,0.301695,0.465665,0.23264
serial,200000,1,1,0.017393860000083805,0.301375,0.46541,0.233215
serial,200000,1,2,0.017152337999505107,0.30189,0.465085,0.233025
serial,200000,1,3,0.017210007999892696,0.30375,0.463625,0.232625
serial,200000,1,4,0.017292129999987083,0.300615,0.466715,0.23267
serial,200000,1,5,0.017354285999317653,0.301245,0.466695,0.23206
serial,400000,1,0,0.030432721998295165,0.30086,0.465915,0.233225
serial,400000,1,1,0.030662864999612793,0.301395,0.465195,0.23341
serial,400000,1,2,0.030862878000334604,0.301485,0.4657475,0.2327675
serial,400000,1,3,0.03091856199898757,0.30309,0.464405,0.232505
serial,400000,1,4,0.030817382999885012,0.3021225,0.465675,0.2322025
serial,400000,1,5,0.03084918199965614,0.3012225,0.46647,0.2323075
serial,800000,1,0,0.06100030999914452,0.30107,0.46631375,0.23261625
serial,800000,1,1,0.06039196500023536,0.3013975,0.4653925,0.23321
serial,800000,1,2,0.06000666300133162,0.3012175,0.46583625,0.23294625
serial,800000,1,3,0.06045754799924907,0.30225625,0.46527,0.23247375
serial,800000,1,4,0.060625919000813155,0.3024375,0.464685,0.2328775
serial,800000,1,5,0.06037244199978886,0.30105375,0.46675375,0.2321925
serial,1600000,1,0,0.11957103499844379,0.30163875,0.46586187,0.23249938
serial,1600000,1,1,0.11916747699979169,0.30176313,0.46549,0.23274687
serial,1600000,1,2,0.11937120699985826,0.30126125,0.46590312,0.23283562
serial,1600000,1,3,0.12041147499985527,0.30237313,0.46523437,0.2323925
serial,1600000,1,4,0.11904050399971311,0.3019275,0.4652475,0.232825
serial,1600000,1,5,0.12088248999862117,0.30151187,0.46643125,0.23205687
serial,3200000,1,0,0.23760894400038524,0.30182625,0.46569906,0.23247469
serial,3200000,1,1,0.23856304200126033,0.30158687,0.4656075,0.23280562
serial,3200000,1,2,0.23597532600069826,0.30151844,0.46562219,0.23285938
serial,3200000,1,3,0.24157181800001126,0.30206656,0.46527031,0.23266312
serial,3200000,1,4,0.2375695579994499,0.30180187,0.46548281,0.23271531
serial,3200000,1,5,0.23702037800103426,0.30167688,0.46609625,0.23222687
serial,6400000,1,0,0.47227051200025016,0.30204938,0.46543297,0.23251766
serial,6400000,1,1,0.4726060979992326,0.301685,0.46542125,0.23289375
serial,6400000,1,2,0.4707055290000426,0.30176859,0.46539141,0.23284
serial,6400000,1,3,0.4735499610014813,0.30211047,0.46508813,0.23280141
serial,6400000,1,4,0.472891122000874,0.30174828,0.46542672,0.232825
serial,6400000,1,5,0.4782474550011102,0.30161547,0.46599016,0.23239437
serial,12800000,1,0,0.9436019900003885,0.30192562,0.46554656,0.23252781
serial,12800000,1,1,0.9578210130002844,0.30183656,0.46550508,0.23265836
serial,12800000,1,2,0.9431910570001492,0.3017432,0.46553648,0.23272031
serial,12800000,1,3,0.939510127000176,0.30189086,0.46534031,0.23276883
serial,12800000,1,4,0.9391084349990706,0.30187336,0.46526352,0.23286313
serial,12800000,1,5,0.9387582929994096,0.30173078,0.46581195,0.23245727
pthreads,100000,1,0,0.007020931001534336,0.3023,0.46462,0.23308
pthreads,100000,1,1,0.007070121000651852,0.3038,0.46482,0.23138
pthreads,100000,1,2,0.007253353000123752,0.30377,0.46422,0.23201
pthreads,100000,1,3,0.006921811000211164,0.30223,0.4637,0.23407
pthreads,100000,1,4,0.007399062000331469,0.30201,0.46557,0.23242
pthreads,100000,1,5,0.006826189999628696,0.29851,0.46869,0.2328
pthreads,100000,2,0,0.004845380999540794,0.29945,0.46639,0.23416
pthreads,100000,2,1,0.004765457000758033,0.30209,0.46575,0.23216
pthreads,100000,2,2,0.0048061759989650454,0.30301,0.46541,0.23158
pthreads,100000,2,3,0.0048498470005142735,0.30009,0.4649,0.23501
pthreads,100000,2,4,0.004475612999158329,0.30372,0.46451,0.23177
pthreads,100000,2,5,0.0044273130006331485,0.30082,0.468,0.23118
pthreads,100000,3,0,0.004187077000096906,0.30094,0.46602,0.23304
pthreads,100000,3,1,0.003371509999851696,0.30133,0.46526,0.23341
pthreads,100000,3,2,0.003316931999506778,0.30245,0.46553,0.23202
pthreads,100000,3,3,0.003574133999791229,0.30052,0.46611,0.23337
pthreads,100000,3,4,0.0035577420003392035,0.30242,0.46528,0.2323
pthreads,100000,3,5,0.003527239001414273,0.30137,0.46779,0.23084
pthreads,100000,4,0,0.0031798679992789403,0.30122,0.46598,0.2328
pthreads,100000,4,1,0.003739947000212851,0.30234,0.46649,0.23117
pthreads,100000,4,2,0.0035396200000832323,0.302,0.46536,0.23264
pthreads,100000,4,3,0.0032066220010165125,0.30188,0.4657,0.23242
pthreads,100000,4,4,0.0029940410004201112,0.30307,0.46457,0.23236
pthreads,100000,4,5,0.0028922170004079817,0.30001,0.46892,0.23107
pthreads,100000,5,0,0.004299042999264202,0.30325,0.46473,0.23202
pthreads,100000,5,1,0.0034686220005823998,0.30302,0.4654,0.23158
pthreads,100000,5,2,0.0031759100002091145,0.30061,0.46635,0.23304
pthreads,100000,5,3,0.0035493199993652524,0.30158,0.46618,0.23224
pthreads,100000,5,4,0.003417789999730303,0.30353,0.46395,0.23252
pthreads,100000,5,5,0.0037131349999981467,0.30055,0.46867,0.23078
pthreads,100000,6,0,0.0037592680000670953,0.30142,0.46506,0.23352
pthreads,100000,6,1,0.003972850001446204,0.30303,0.4653,0.23167
pthreads,100000,6,2,0.0035372330003156094,0.3009,0.46679,0.23231
pthreads,100000,6,3,0.0037194400010776008,0.30139,0.46629,0.23232
pthreads,100000,6,4,0.0037885859983362025,0.30476,0.46327,0.23197
pthreads,100000,6,5,0.0036436720001802314,0.30148,0.46928,0.22924
pthreads,100000,7,0,0.004045890000270447,0.30077,0.46511,0.23412
pthreads,100000,7,1,0.0037688710017391713,0.30268,0.46527,0.23205
pthreads,100000,7,2,0.0038036450005165534,0.30008,0.4663,0.23362
pthreads,100000,7,3,0.0036786769996979274,0.30226,0.46561,0.23213
pthreads,100000,7,4,0.003698488999361871,0.30457,0.46485,0.23058
pthreads,100000,7,5,0.0036971289991925005,0.30218,0.46896,0.22886
pthreads,100000,8,0,0.003684549001263804,0.30229,0.46325,0.23446
pthreads,100000,8,1,0.00358513699939067,0.30315,0.46598,0.23087
pthreads,100000,8,2,0.0036731010004587006,0.30002,0.46582,0.23416
pthreads,100000,8,3,0.0036154339995846385,0.30223,0.46673,0.23104
pthreads,100000,8,4,0.003797006000240799,0.30577,0.46458,0.22965
pthreads,100000,8,5,0.0036414599999261554,0.30252,0.4677,0.22978
pthreads,200000,1,0,0.013099317000524024,0.301555,0.46547,0.232975
pthreads,200000,1,1,0.013045744999544695,0.302645,0.46438,0.232975
pthreads,200000,1,2,0.013249452000309248,0.302755,0.46481,0.232435
pthreads,200000,1,3,0.013584506999904988,0.301055,0.46473,0.234215
pthreads,200000,1,4,0.01299513800040586,0.30147,0.465715,0.232815
pthreads,200000,1,5,0.012820576999729383,0.300405,0.46723,0.232365
pthreads,200000,2,0,0.007821690000128001,0.30162,0.46515,0.23323
pthreads,200000,2,1,0.00789207499838085,0.302875,0.464875,0.23225
pthreads,200000,2,2,0.007298210000953986,0.303915,0.464365,0.23172
pthreads,200000,2,3,0.00762020699949062,0.30108,0.46444,0.23448
pthreads,200000,2,4,0.007490471998607973,0.303155,0.465015,0.23183
pthreads,200000,2,5,0.007919792999018682,0.3003,0.46781,0.23189
pthreads,200000,3,0,0.006007713000144577,0.301585,0.465435,0.23298
pthreads,200000,3,1,0.0057963099989137845,0.30236,0.465225,0.232415
pthreads,200000,3,2,0.005902343998968718,0.30307,0.46438,0.23255
pthreads,200000,3,3,0.006116630000178702,0.300025,0.465435,0.23454
pthreads,200000,3,4,0.005814358999487013,0.302885,0.46476,0.232355
pthreads,200000,3,5,0.005786671999885584,0.3009,0.466835,0.232265
pthreads,200000,4,0,0.005029491998357116,0.30052,0.466995,0.232485
pthreads,200000,4,1,0.005118122999192565,0.30177,0.4655,0.23273
pthreads,200000,4,2,0.005747459999838611,0.3029,0.464275,0.232825
pthreads,200000,4,3,0.005353795000701211,0.301655,0.46472,0.233625
pthreads,200000,4,4,0.005312831999617629,0.302755,0.464365,0.23288
pthreads,200000,4,5,0.005822605999128427,0.300915,0.46703,0.232055
pthreads,200000,5,0,0.006391988999894238,0.301475,0.465595,0.23293
pthreads,200000,5,1,0.005565724999541999,0.30213,0.465125,0.232745
pthreads,200000,5,2,0.005433850001281826,0.301775,0.464735,0.23349
pthreads,200000,5,3,0.005499443999724463,0.302095,0.46562,0.232285
pthreads,200000,5,4,0.005475854999531293,0.303205,0.463715,0.23308
pthreads,200000,5,5,0.005473860999700264,0.30091,0.46744,0.23165
pthreads,200000,6,0,0.006366100999002811,0.301605,0.465465,0.23293
pthreads,200000,6,1,0.005284210001264,0.30172,0.46531,0.23297
pthreads,200000,6,2,0.005433895999885863,0.30165,0.465465,0.232885
pthreads,200000,6,3,0.00534524399881775,0.301585,0.465665,0.23275
pthreads,200000,6,4,0.005362458001400228,0.303515,0.46396,0.232525
pthreads,200000,6,5,0.005341674001101637,0.301715,0.467425,0.23086
pthreads,200000,7,0,0.006275124998865067,0.30175,0.46518,0.23307
pthreads,200000,7,1,0.0061988430006749695,0.301545,0.465925,0.23253
pthreads,200000,7,2,0.006467950999649474,0.30069,0.465975,0.233335
pthreads,200000,7,3,0.006406567999874824,0.301735,0.465955,0.23231
pthreads,200000,7,4,0.004887619999863091,0.304035,0.464385,0.23158
pthreads,200000,7,5,0.005920812000113074,0.302055,0.46649,0.231455
pthreads,200000,8,0,0.006391308999809553,0.302105,0.46432,0.233575
pthreads,200000,8,1,0.006331163998765987,0.301605,0.467,0.231395
pthreads,200000,8,2,0.006185064999954193,0.300815,0.465995,0.23319
pthreads,200000,8,3,0.0060617070012085605,0.30187,0.466785,0.231345
pthreads,200000,8,4,0.00602944300044328,0.304275,0.46403,0.231695
pthreads,200000,8,5,0.006260438000026625,0.301835,0.4671,0.231065
pthreads,400000,1,0,0.024914834999435698,0.3021475,0.4652225,0.23263
pthreads,400000,1,1,0.0248320690006949,0.302245,0.4652525,0.2325025
pthreads,400000,1,2,0.02530189400022209,0.30214,0.4648625,0.2329975
pthreads,400000,1,3,0.024799474000246846,0.30183,0.46524,0.23293
pthreads,400000,1,4,0.02587493500141136,0.3009575,0.465745,0.2332975
pthreads,400000,1,5,0.025207275999491685,0.30021,0.466435,0.233355
pthreads,400000,2,0,0.013759266999841202,0.3016025,0.4644825,0.233915
pthreads,400000,2,1,0.014130061999821919,0.3021975,0.46477,0.2330325
pthreads,400000,2,2,0.014123249999101972,0.3031675,0.4650825,0.23175
pthreads,400000,2,3,0.014017162999152788,0.300055,0.466075,0.23387
pthreads,400000,2,4,0.01411807199838222,0.3027325,0.4647125,0.232555
pthreads,400000,2,5,0.013709075999940978,0.300855,0.4670125,0.2321325
pthreads,400000,3,0,0.011057773999709752,0.3027075,0.464805,0.2324875
pthreads,400000,3,1,0.010382618000221555,0.3025125,0.46459,0.2328975
pthreads,400000,3,2,0.010499414000150864,0.3025625,0.4659425,0.231495
pthreads,400000,3,3,0.010440362000736059,0.300585,0.4655925,0.2338225
pthreads,400000,3,4,0.010702121999202063,0.302415,0.4648025,0.2327825
pthreads,400000,3,5,0.010489365999092115,0.300675,0.466775,0.23255
pthreads,400000,4,0,0.009426781000001938,0.3022375,0.4657675,0.231995
pthreads,400000,4,1,0.00991163599974243,0.30268,0.464655,0.232665
pthreads,400000,4,2,0.009263458001441904,0.302835,0.4641075,0.2330575
pthreads,400000,4,3,0.009194856998874457,0.30173,0.46497,0.2333
pthreads,400000,4,4,0.009153652001259616,0.30244,0.4648775,0.2326825
pthreads,400000,4,5,0.009149356999841984,0.3011925,0.4664325,0.232375
pthreads,400000,5,0,0.009500455998932011,0.30164,0.465975,0.232385
pthreads,400000,5,1,0.009166668000034406,0.3025275,0.46545,0.2320225
pthreads,400000,5,2,0.008436001000518445,0.30288,0.4639025,0.2332175
pthreads,400000,5,3,0.00956128500001796,0.30135,0.465395,0.233255
pthreads,400000,5,4,0.008436987000095542,0.302595,0.46484,0.232565
pthreads,400000,5,5,0.009250790000805864,0.3010875,0.466,0.2329125
pthreads,400000,6,0,0.008877337999365409,0.3016375,0.46552,0.2328425
pthreads,400000,6,1,0.00967394899998908,0.3022175,0.46517,0.2326125
pthreads,400000,6,2,0.008958603999417392,0.3024875,0.46405,0.2334625
pthreads,400000,6,3,0.009740058998431778,0.300865,0.46539,0.233745
pthreads,400000,6,4,0.009798996999961673,0.302815,0.464705,0.23248
pthreads,400000,6,5,0.008846581999023329,0.301455,0.46623,0.232315
pthreads,400000,7,0,0.01155841100080579,0.3013875,0.4659475,0.232665
pthreads,400000,7,1,0.011375931000657147,0.30139,0.4657975,0.2328125
pthreads,400000,7,2,0.011805617999925744,0.301735,0.46447,0.233795
pthreads,400000,7,3,0.011246607999055414,0.301535,0.465285,0.23318
pthreads,400000,7,4,0.011227757000597194,0.302625,0.4647525,0.2326225
pthreads,400000,7,5,0.011494131000290508,0.30157,0.46599,0.23244
pthreads,400000,8,0,0.011113708998891525,0.30169,0.4653675,0.2329425
pthreads,400000,8,1,0.010958832999676815,0.301725,0.46569,0.232585
pthreads,400000,8,2,0.011209178001081455,0.30136,0.464915,0.233725
pthreads,400000,8,3,0.010143382000023848,0.3014225,0.4657975,0.23278
pthreads,400000,8,4,0.011330471999826841,0.302785,0.4645825,0.2326325
pthreads,400000,8,5,0.012058158999934676,0.30216,0.4657525,0.2320875
pthreads,800000,1,0,0.049395800999263884,0.302055,0.465475,0.23247
pthreads,800000,1,1,0.0488066540001455,0.302545,0.46566625,0.23178875
pthreads,800000,1,2,0.0487733970003319,0.30242,0.46414875,0.23343125
pthreads,800000,1,3,0.04939658299917937,0.30171625,0.46583,0.23245375
pthreads,800000,1,4,0.048815746000400395,0.3007925,0.4657075,0.2335
pthreads,800000,1,5,0.04929179600003408,0.30113125,0.4656725,0.23319625
pthreads,800000,2,0,0.02685031699911633,0.3017525,0.46473625,0.23351125
pthreads,800000,2,1,0.026755492999654962,0.3020425,0.46550875,0.23244875
pthreads,800000,2,2,0.027130790000228444,0.30287375,0.4650325,0.23209375
pthreads,800000,2,3,0.026899012000285438,0.30110625,0.46563125,0.2332625
pthreads,800000,2,4,0.02674812999975984,0.30203625,0.4650525,0.23291125
pthreads,800000,2,5,0.026777418999699876,0.30111375,0.46607375,0.2328125
pthreads,800000,3,0,0.019923212999856332,0.30212125,0.46486,0.23301875
pthreads,800000,3,1,0.019643454001197824,0.30196375,0.46562,0.23241625
pthreads,800000,3,2,0.01997221800047555,0.3028475,0.465475,0.2316775
pthreads,800000,3,3,0.020078989000467118,0.30079125,0.46615125,0.2330575
pthreads,800000,3,4,0.019723669000086375,0.30201,0.464815,0.233175
pthreads,800000,3,5,0.019851168999593938,0.30149,0.4659625,0.2325475
pthreads,800000,4,0,0.017653605000305106,0.302065,0.464925,0.23301
pthreads,800000,4,1,0.017084540999348974,0.30246125,0.46496625,0.2325725
pthreads,800000,4,2,0.018032489000688656,0.30230375,0.46512875,0.2325675
pthreads,800000,4,3,0.01715485900058411,0.3011375,0.46588,0.2329825
pthreads,800000,4,4,0.017290272000536788,0.30209,0.46475875,0.23315125
pthreads,800000,4,5,0.017018823000398697,0.3015825,0.46600375,0.23241375
pthreads,800000,5,0,0.016282560000036028,0.30192625,0.46529875,0.232775
pthreads,800000,5,1,0.016799437000372563,0.3025075,0.46495125,0.23254125
pthreads,800000,5,2,0.016623715000605443,0.30185875,0.46536125,0.23278
pthreads,800000,5,3,0.01598269900023297,0.30112625,0.465935,0.23293875
pthreads,800000,5,4,0.01678034500037029,0.3017975,0.465275,0.2329275
pthreads,800000,5,5,0.016871091998837073,0.301505,0.46589125,0.23260375
pthreads,800000,6,0,0.016857390999575728,0.302025,0.46528625,0.23268875
pthreads,800000,6,1,0.015922339000098873,0.302235,0.46512,0.232645
pthreads,800000,6,2,0.016074868999567116,0.30225625,0.4648625,0.23288125
pthreads,800000,6,3,0.01598047600054997,0.3011625,0.46549375,0.23334375
pthreads,800000,6,4,0.0158893009993335,0.30229,0.46487875,0.23283125
pthreads,800000,6,5,0.01606915099910111,0.30139625,0.4660075,0.23259625
pthreads,800000,7,0,0.022558345001016278,0.3020125,0.465265,0.2327225
pthreads,800000,7,1,0.0214210459998867,0.30198125,0.4651875,0.23283125
pthreads,800000,7,2,0.021166905000427505,0.30212125,0.46477,0.23310875
pthreads,800000,7,3,0.021128542999576894,0.301245,0.465615,0.23314
pthreads,800000,7,4,0.021754227000201354,0.30223125,0.46531875,0.23245
pthreads,800000,7,5,0.021248412000204553,0.30171375,0.46586375,0.2324225
pthreads,800000,8,0,0.020862946001216187,0.302255,0.46506375,0.23268125
pthreads,800000,8,1,0.02199941300023056,0.30233375,0.46522,0.23244625
pthreads,800000,8,2,0.022553167998921708,0.3022475,0.4643875,0.233365
pthreads,800000,8,3,0.020891267000479274,0.30155,0.46574625,0.23270375
pthreads,800000,8,4,0.020462670998313115,0.3024625,0.465325,0.2322125
pthreads,800000,8,5,0.021309539000867517,0.3020475,0.46548,0.2324725
pthreads,1600000,1,0,0.09711388499999885,0.30205188,0.46525688,0.23269125
pthreads,1600000,1,1,0.09646063600121124,0.30189625,0.46593375,0.23217
pthreads,1600000,1,2,0.097146028001589,0.30236438,0.46446437,0.23317125
pthreads,1600000,1,3,0.09675138500097091,0.3022875,0.465425,0.2322875
pthreads,1600000,1,4,0.09659408500010613,0.30135375,0.46535312,0.23329312
pthreads,1600000,1,5,0.09677661899877421,0.30166,0.46555812,0.23278187
pthreads,1600000,2,0,0.05217210299997532,0.30167813,0.46523687,0.233085
pthreads,1600000,2,1,0.05309544300143898,0.302225,0.46568688,0.23208813
pthreads,1600000,2,2,0.051780200001303456,0.30278187,0.46460937,0.23260875
pthreads,1600000,2,3,0.05244670499996573,0.30129375,0.46546562,0.23324063
pthreads,1600000,2,4,0.05221713399987493,0.30182188,0.46495,0.23322813
pthreads,1600000,2,5,0.051731490000747726,0.30148687,0.4655775,0.23293563
pthreads,1600000,3,0,0.03836036200118542,0.30204063,0.46499187,0.2329675
pthreads,1600000,3,1,0.03869932399902609,0.30266,0.46543937,0.23190062
pthreads,1600000,3,2,0.038208329999179114,0.30268187,0.46483687,0.23248125
pthreads,1600000,3,3,0.0382583219998196,0.30145,0.46554438,0.23300562
pthreads,1600000,3,4,0.044759079999494134,0.30130187,0.46535312,0.233345
pthreads,1600000,3,5,0.0391007329999411,0.30147438,0.46567375,0.23285188
pthreads,1600000,4,0,0.033488260000012815,0.30212438,0.46486312,0.2330125
pthreads,1600000,4,1,0.03303816199877474,0.30257937,0.46536187,0.23205875
pthreads,1600000,4,2,0.03300348499942629,0.30265938,0.46471313,0.2326275
pthreads,1600000,4,3,0.03297715699955006,0.30167312,0.46577125,0.23255562
pthreads,1600000,4,4,0.03319756599921675,0.30190312,0.4648225,0.23327438
pthreads,1600000,4,5,0.03353061300003901,0.30173062,0.46563625,0.23263312
pthreads,1600000,5,0,0.0319368319997011,0.30166562,0.46531625,0.23301812
pthreads,1600000,5,1,0.032865710998521536,0.30227562,0.46556687,0.2321575
pthreads,1600000,5,2,0.03237313799945696,0.30238312,0.46486125,0.23275562
pthreads,1600000,5,3,0.031904624000162585,0.30148938,0.46601562,0.232495
pthreads,1600000,5,4,0.03197982799974852,0.30162187,0.4650925,0.23328562
pthreads,1600000,5,5,0.03183023599922308,0.30144938,0.46571187,0.23283875
pthreads,1600000,6,0,0.031465420999666094,0.30146812,0.46527875,0.23325313
pthreads,1600000,6,1,0.03038876699974935,0.30184937,0.46572313,0.2324275
pthreads,1600000,6,2,0.030324114000904956,0.30242812,0.46513187,0.23244
pthreads,1600000,6,3,0.031160449001617962,0.30121,0.46594687,0.23284313
pthreads,1600000,6,4,0.030423464999330463,0.30195125,0.46483062,0.23321812
pthreads,1600000,6,5,0.029895659999965574,0.30154938,0.46556938,0.23288125
pthreads,1600000,7,0,0.04145304800113081,0.301285,0.46559,0.233125
pthreads,1600000,7,1,0.04128177699931257,0.3018125,0.46579375,0.23239375
pthreads,1600000,7,2,0.041655896999145625,0.30190187,0.46518813,0.23291
pthreads,1600000,7,3,0.04148976800024684,0.30142562,0.46574312,0.23283125
pthreads,1600000,7,4,0.04154946600101539,0.30206625,0.46514187,0.23279188
pthreads,1600000,7,5,0.04135425799904624,0.301805,0.46549,0.232705
pthreads,1600000,8,0,0.04014469200046733,0.30162625,0.4651725,0.23320125
pthreads,1600000,8,1,0.040693012000701856,0.30209875,0.46540437,0.23249687
pthreads,1600000,8,2,0.04053005599962489,0.3017875,0.46529063,0.23292188
pthreads,1600000,8,3,0.040691947999221156,0.30108812,0.46609,0.23282188
pthreads,1600000,8,4,0.04044794500077842,0.3020775,0.46524688,0.23267562
pthreads,1600000,8,5,0.04048744600004284,0.3018475,0.4655,0.2326525
pthreads,3200000,1,0,0.19174333099908836,0.30188219,0.46519625,0.23292156
pthreads,3200000,1,1,0.19169456899908255,0.30166562,0.46626469,0.23206969
pthreads,3200000,1,2,0.19176977099959913,0.30199531,0.46506938,0.23293531
pthreads,3200000,1,3,0.19173374399906606,0.3015975,0.46569531,0.23270719
pthreads,3200000,1,4,0.19332761600162485,0.30161594,0.46577344,0.23261062
pthreads,3200000,1,5,0.19198020399926463,0.30189813,0.46541594,0.23268594
pthreads,3200000,2,0,0.10260464800012414,0.30186687,0.46536281,0.23277031
pthreads,3200000,2,1,0.10295275499993295,0.301885,0.4656825,0.2324325
pthreads,3200000,2,2,0.10257029200147372,0.30217656,0.464855,0.23296844
pthreads,3200000,2,3,0.1038072920000559,0.30184281,0.46548187,0.23267531
pthreads,3200000,2,4,0.10263327800021216,0.30189156,0.46516344,0.232945
pthreads,3200000,2,5,0.10307584200018027,0.30184531,0.4651725,0.23298219
pthreads,3200000,3,0,0.09621744300056889,0.30185375,0.46513344,0.23301281
pthreads,3200000,3,1,0.07657476999884238,0.30228719,0.46557688,0.23213594
pthreads,3200000,3,2,0.07677862099990307,0.30227094,0.46501625,0.23271281
pthreads,3200000,3,3,0.07692888800011133,0.30160281,0.465445,0.23295219
pthreads,3200000,3,4,0.07680983599857427,0.30166312,0.46535938,0.2329775
pthreads,3200000,3,5,0.0766780789999757,0.30160938,0.46558906,0.23280156
pthreads,3200000,4,0,0.06618468099986785,0.30193437,0.46497781,0.23308781
pthreads,3200000,4,1,0.06939087700084201,0.3025325,0.46551219,0.23195531
pthreads,3200000,4,2,0.066512736999357,0.30245625,0.464705,0.23283875
pthreads,3200000,4,3,0.06625228300072195,0.30160687,0.46547969,0.23291344
pthreads,3200000,4,4,0.06596897599956719,0.30174781,0.46517625,0.23307594
pthreads,3200000,4,5,0.06637527800012322,0.30190594,0.46547469,0.23261937
pthreads,3200000,5,0,0.06610701699901256,0.3017275,0.46518375,0.23308875
pthreads,3200000,5,1,0.0633580339999753,0.30244625,0.46537656,0.23217719
pthreads,3200000,5,2,0.06406278599934012,0.30218406,0.46498531,0.23283063
pthreads,3200000,5,3,0.06395739499930642,0.30167688,0.46568906,0.23263406
pthreads,3200000,5,4,0.0632075329995132,0.30159438,0.46528656,0.23311906
pthreads,3200000,5,5,0.0640048929999466,0.30190406,0.46522281,0.23287312
pthreads,3200000,6,0,0.0630818290010211,0.30176969,0.46529312,0.23293719
pthreads,3200000,6,1,0.06031333600003563,0.30244875,0.46557656,0.23197469
pthreads,3200000,6,2,0.06255134399907547,0.30221031,0.4650375,0.23275219
pthreads,3200000,6,3,0.060066947000450455,0.30174906,0.46557406,0.23267688
pthreads,3200000,6,4,0.07349592099853908,0.30155531,0.46513781,0.23330687
pthreads,3200000,6,5,0.06147056400004658,0.30167406,0.46522969,0.23309625
pthreads,3200000,7,0,0.08360726899991278,0.30165656,0.46543937,0.23290406
pthreads,3200000,7,1,0.08543870399989828,0.30213375,0.46579906,0.23206719
pthreads,3200000,7,2,0.08950441500019224,0.30212344,0.46509187,0.23278469
pthreads,3200000,7,3,0.08563789500112762,0.30166281,0.46567969,0.2326575
pthreads,3200000,7,4,0.08267348499975924,0.3016575,0.46517031,0.23317219
pthreads,3200000,7,5,0.08236841500001901,0.30184563,0.46517562,0.23297875
pthreads,3200000,8,0,0.07967336699948646,0.30171188,0.46526219,0.23302594
pthreads,3200000,8,1,0.08885983599975589,0.30226125,0.46564187,0.23209688
pthreads,3200000,8,2,0.08236723600020923,0.30207375,0.46517562,0.23275062
pthreads,3200000,8,3,0.08206618199983495,0.3015525,0.46589156,0.23255594
pthreads,3200000,8,4,0.07398385299893562,0.30178281,0.46532594,0.23289125
pthreads,3200000,8,5,0.07790012300029048,0.30185563,0.46527438,0.23287
pthreads,6400000,1,0,0.38884717200016894,0.30172766,0.46577844,0.23249391
pthreads,6400000,1,1,0.38704918199982785,0.30174797,0.46584969,0.23240234
pthreads,6400000,1,2,0.388155722999727,0.30191937,0.46516547,0.23291516
pthreads,6400000,1,3,0.3874592230004055,0.30190203,0.46536344,0.23273453
pthreads,6400000,1,4,0.38804878600058146,0.30157937,0.46584844,0.23257219
pthreads,6400000,1,5,0.38766053300059866,0.30174156,0.46565812,0.23260031
pthreads,6400000,2,0,0.20926718800001254,0.30194906,0.46505812,0.23299281
pthreads,6400000,2,1,0.2065682160009601,0.30175297,0.46582766,0.23241938
pthreads,6400000,2,2,0.2062815529989166,0.30201187,0.46527391,0.23271422
pthreads,6400000,2,3,0.20656193099966913,0.30164031,0.46543969,0.23292
pthreads,6400000,2,4,0.2070321139999578,0.30185109,0.46551063,0.23263828
pthreads,6400000,2,5,0.20644660900143208,0.3019125,0.46528156,0.23280594
pthreads,6400000,3,0,0.152168910999535,0.30193938,0.46535578,0.23270484
pthreads,6400000,3,1,0.15192548300001363,0.30189922,0.465615,0.23248578
pthreads,6400000,3,2,0.15210815899990848,0.3021175,0.46504703,0.23283547
pthreads,6400000,3,3,0.15216191899889964,0.30174937,0.46557047,0.23268016
pthreads,6400000,3,4,0.15367570700072974,0.3018725,0.46534828,0.23277922
pthreads,6400000,3,5,0.1520273520000046,0.30179375,0.46535859,0.23284766
pthreads,6400000,4,0,0.13102497599902563,0.30198234,0.46509875,0.23291891
pthreads,6400000,4,1,0.13079359299990756,0.30182656,0.46563891,0.23253453
pthreads,6400000,4,2,0.13877209200109064,0.30215703,0.46489766,0.23294531
pthreads,6400000,4,3,0.13216442699922482,0.30183078,0.46535609,0.23281313
pthreads,6400000,4,4,0.1306925869994302,0.30181469,0.46535813,0.23282719
pthreads,6400000,4,5,0.13003438799933065,0.30182656,0.46552016,0.23265328
pthreads,6400000,5,0,0.12393599900133268,0.30174953,0.46529984,0.23295062
pthreads,6400000,5,1,0.124937091000902,0.30193359,0.46562234,0.23244406
pthreads,6400000,5,2,0.12493633799931558,0.30194391,0.46523422,0.23282188
pthreads,6400000,5,3,0.12463645899879339,0.30174141,0.46561562,0.23264297
pthreads,6400000,5,4,0.12398213000051328,0.30175969,0.46549641,0.23274391
pthreads,6400000,5,5,0.12356438999995589,0.30203687,0.46517031,0.23279281
pthreads,6400000,6,0,0.12075977499989676,0.30182109,0.46515297,0.23302594
pthreads,6400000,6,1,0.12551306400018802,0.30208281,0.46575156,0.23216562
pthreads,6400000,6,2,0.11496789000011631,0.30211,0.46520391,0.23268609
pthreads,6400000,6,3,0.116128686000593,0.30166359,0.46567313,0.23266328
pthreads,6400000,6,4,0.11990359899937175,0.30181703,0.46522297,0.23296
pthreads,6400000,6,5,0.12731520499983162,0.30197188,0.46525047,0.23277766
pthreads,6400000,7,0,0.1561403479990986,0.30167187,0.46537625,0.23295188
pthreads,6400000,7,1,0.12434126299922355,0.3021,0.46587219,0.23202781
pthreads,6400000,7,2,0.1635533629996644,0.30200578,0.46529672,0.2326975
pthreads,6400000,7,3,0.151829546000954,0.30163672,0.46565266,0.23271063
pthreads,6400000,7,4,0.1642245359998924,0.30186969,0.46528422,0.23284609
pthreads,6400000,7,5,0.1838635299991438,0.3019225,0.46527516,0.23280234
pthreads,6400000,8,0,0.1494599970010313,0.30173984,0.46519516,0.233065
pthreads,6400000,8,1,0.16490993699881074,0.30203203,0.46580047,0.2321675
pthreads,6400000,8,2,0.12137950800024555,0.30195484,0.46538844,0.23265672
pthreads,6400000,8,3,0.16839215400068497,0.30168062,0.46567656,0.23264281
pthreads,6400000,8,4,0.16405852600109938,0.30179094,0.46529016,0.23291891
pthreads,6400000,8,5,0.15317548499842815,0.30194234,0.46524844,0.23280922
pthreads,12800000,1,0,0.776220708999972,0.301795,0.46563547,0.23256953
pthreads,12800000,1,1,0.7710560529994837,0.30172148,0.46575703,0.23252148
pthreads,12800000,1,2,0.7719160889992054,0.30182641,0.46551406,0.23265953
pthreads,12800000,1,3,0.7650637180013291,0.30182195,0.46551336,0.23266469
pthreads,12800000,1,4,0.7654818189985235,0.30162875,0.46573578,0.23263547
pthreads,12800000,1,5,0.7647961069997109,0.30169859,0.4656532,0.2326482
pthreads,12800000,2,0,0.4073739720006415,0.30178828,0.46550789,0.23270383
pthreads,12800000,2,1,0.4074358950001624,0.30178828,0.46579539,0.23241633
pthreads,12800000,2,2,0.4123228249991371,0.30186641,0.46543758,0.23269602
pthreads,12800000,2,3,0.408646353000222,0.30185297,0.46532969,0.23281734
pthreads,12800000,2,4,0.40802112500023213,0.30177742,0.46556242,0.23266016
pthreads,12800000,2,5,0.40871571699972264,0.30184453,0.46543812,0.23271734
pthreads,12800000,3,0,0.2990367269994749,0.30191203,0.46531273,0.23277523
pthreads,12800000,3,1,0.30024096700071823,0.30186969,0.4657068,0.23242352
pthreads,12800000,3,2,0.30053120400043554,0.30188172,0.46550648,0.2326118
pthreads,12800000,3,3,0.3014601720005885,0.30178187,0.46546781,0.23275031
pthreads,12800000,3,4,0.3001913410007546,0.30180289,0.46553273,0.23266438
pthreads,12800000,3,5,0.2999599049999233,0.30175906,0.4654918,0.23274914
pthreads,12800000,4,0,0.25721169899952656,0.30191102,0.46513641,0.23295258
pthreads,12800000,4,1,0.25717414999962784,0.30178539,0.46574023,0.23247438
pthreads,12800000,4,2,0.2577938459999132,0.301935,0.46531766,0.23274734
pthreads,12800000,4,3,0.2575515139997151,0.30171008,0.4654957,0.23279422
pthreads,12800000,4,4,0.2578486250004062,0.3018968,0.46538594,0.23271727
pthreads,12800000,4,5,0.25517856599981315,0.30185508,0.46549281,0.23265211
pthreads,12800000,5,0,0.2415827380009432,0.30184883,0.46537477,0.23277641
pthreads,12800000,5,1,0.24138758800108917,0.30193273,0.46551172,0.23255555
pthreads,12800000,5,2,0.24256601999877603,0.30186242,0.46543516,0.23270242
pthreads,12800000,5,3,0.23972207900078502,0.30176703,0.46560789,0.23262508
pthreads,12800000,5,4,0.24416031100008695,0.30181484,0.46548187,0.23270328
pthreads,12800000,5,5,0.24074950300018827,0.30175773,0.46537828,0.23286398
pthreads,12800000,6,0,0.22885313500046323,0.30191336,0.46533172,0.23275492
pthreads,12800000,6,1,0.23156971100070223,0.30181586,0.46558641,0.23259773
pthreads,12800000,6,2,0.23257914100031485,0.30188555,0.46541703,0.23269742
pthreads,12800000,6,3,0.23139318600078695,0.3017893,0.46558031,0.23263039
pthreads,12800000,6,4,0.23087700600081007,0.30195125,0.46533391,0.23271484
pthreads,12800000,6,5,0.2295412879993819,0.30183047,0.46531555,0.23285398
pthreads,12800000,7,0,0.24237868000091112,0.30186266,0.46537422,0.23276312
pthreads,12800000,7,1,0.2753559979992133,0.30169578,0.46576828,0.23253594
pthreads,12800000,7,2,0.23444206599924655,0.30187102,0.46540523,0.23272375
pthreads,12800000,7,3,0.3464473329986504,0.30174258,0.46560758,0.23264984
pthreads,12800000,7,4,0.32140475300002436,0.30187898,0.46542258,0.23269844
pthreads,12800000,7,5,0.3282952879999357,0.30180711,0.46535484,0.23283805
pthreads,12800000,8,0,0.3343399209989002,0.30180812,0.46534219,0.23284969
pthreads,12800000,8,1,0.31849184800012154,0.30173148,0.46572016,0.23254836
pthreads,12800000,8,2,0.2871321349994105,0.30190125,0.46536617,0.23273258
pthreads,12800000,8,3,0.2627795389998937,0.30175547,0.46559539,0.23264914
pthreads,12800000,8,4,0.34252266099974804,0.30182508,0.4654843,0.23269063
pthreads,12800000,8,5,0.26349897099862574,0.30187352,0.4653218,0.23280469
mpi,100000,1,0,0.3158745689997886,0.3023,0.46462,0.23308
mpi,100000,1,1,0.3201805869994132,0.3038,0.46482,0.23138
mpi,100000,1,2,0.3199177500009682,0.30377,0.46422,0.23201
mpi,100000,1,3,0.3204014049988473,0.30223,0.4637,0.23407
mpi,100000,1,4,0.31945015999917814,0.30201,0.46557,0.23242
mpi,100000,1,5,0.3196627260003879,0.29851,0.46869,0.2328
mpi,100000,2,0,0.32032581199928245,0.29994,0.46401,0.23605
mpi,100000,2,1,0.3226893230003043,0.30271,0.46636,0.23093
mpi,100000,2,2,0.32052763299907383,0.30218,0.46465,0.23317
mpi,100000,2,3,0.3202501720006694,0.29996,0.46507,0.23497
mpi,100000,2,4,0.3191831460007961,0.30207,0.46542,0.23251
mpi,100000,2,5,0.3200741050004581,0.30075,0.46608,0.23317
mpi,100000,3,0,0.32448784399821307,0.30136,0.4648,0.23384
mpi,100000,3,1,0.3274493369990523,0.303,0.46566,0.23134
mpi,100000,3,2,0.3245233340003324,0.30087,0.46724,0.23189
mpi,100000,3,3,0.3275439829994866,0.30004,0.4661,0.23386
mpi,100000,3,4,0.32350914099879446,0.30272,0.4644,0.23288
mpi,100000,3,5,0.323860770000465,0.30392,0.46443,0.23165
mpi,100000,4,0,0.3266723059987271,0.30289,0.46354,0.23357
mpi,100000,4,1,0.32401949300037813,0.30258,0.4677,0.22972
mpi,100000,4,2,0.32390079099968716,0.30113,0.46622,0.23265
mpi,100000,4,3,0.32539148399882833,0.30244,0.46549,0.23207
mpi,100000,4,4,0.327917085000081,0.30249,0.46364,0.23387
mpi,100000,4,5,0.32649572099944635,0.30323,0.46403,0.23274
mpi,100000,5,0,0.33276000800105976,0.30333,0.46459,0.23208
mpi,100000,5,1,0.33131158699870866,0.30333,0.46563,0.23104
mpi,100000,5,2,0.33245980299943767,0.30083,0.46543,0.23374
mpi,100000,5,3,0.33112084200001846,0.30204,0.46598,0.23198
mpi,100000,5,4,0.33300919200155477,0.30314,0.46332,0.23354
mpi,100000,5,5,0.33576673599964124,0.30353,0.46393,0.23254
mpi,100000,6,0,0.333534203000454,0.30332,0.46578,0.2309
mpi,100000,6,1,0.3341891609998129,0.3042,0.46478,0.23102
mpi,100000,6,2,0.335498976000963,0.30183,0.46607,0.2321
mpi,100000,6,3,0.33666249900124967,0.30218,0.46617,0.23165
mpi,100000,6,4,0.33678132700151764,0.30242,0.46355,0.23403
mpi,100000,6,5,0.3358896029985772,0.30342,0.4638,0.23278
mpi,100000,7,0,0.33988925099947664,0.30165,0.46678,0.23157
mpi,100000,7,1,0.3390690819996962,0.3027,0.46488,0.23242
mpi,100000,7,2,0.34055769400038116,0.30065,0.46616,0.23319
mpi,100000,7,3,0.3360732310011372,0.30185,0.4655,0.23265
mpi,100000,7,4,0.33529601500049466,0.30189,0.46402,0.23409
mpi,100000,7,5,0.34121439100090356,0.30354,0.46406,0.2324
mpi,100000,8,0,0.3425632869984838,0.30138,0.46714,0.23148
mpi,100000,8,1,0.3417363420012407,0.30355,0.46354,0.23291
mpi,100000,8,2,0.33969531200091296,0.30056,0.46625,0.23319
mpi,100000,8,3,0.3432146470004227,0.30265,0.46475,0.2326
mpi,100000,8,4,0.3413347990008333,0.3025,0.46334,0.23416
mpi,100000,8,5,0.3428565220001474,0.30382,0.46401,0.23217
mpi,200000,1,0,0.3242656780003017,0.301555,0.46547,0.232975
mpi,200000,1,1,0.3238089440001204,0.302645,0.46438,0.232975
mpi,200000,1,2,0.32800579899958393,0.302755,0.46481,0.232435
mpi,200000,1,3,0.32393514800060075,0.301055,0.46473,0.234215
mpi,200000,1,4,0.3236944529999164,0.30147,0.465715,0.232815
mpi,200000,1,5,0.3241745240011369,0.300405,0.46723,0.232365
mpi,200000,2,0,0.32040502299969376,0.30171,0.464145,0.234145
mpi,200000,2,1,0.31901930700041703,0.303385,0.464765,0.23185
mpi,200000,2,2,0.3206129209993378,0.30341,0.464465,0.232125
mpi,200000,2,3,0.3680761880004866,0.30081,0.46566,0.23353
mpi,200000,2,4,0.32822055599899613,0.301935,0.46438,0.233685
mpi,200000,2,5,0.32335176800006593,0.300545,0.466355,0.2331
mpi,200000,3,0,0.3239231160005147,0.30117,0.464275,0.234555
mpi,200000,3,1,0.32368486099949223,0.301375,0.466075,0.23255
mpi,200000,3,2,0.3242229259994929,0.302235,0.464545,0.23322
mpi,200000,3,3,0.324175533000016,0.300165,0.465975,0.23386
mpi,200000,3,4,0.32356613599949924,0.30198,0.46547,0.23255
mpi,200000,3,5,0.32358723300058045,0.301715,0.465595,0.23269
mpi,200000,4,0,0.32398977000048035,0.3001,0.46562,0.23428
mpi,200000,4,1,0.3234501420010929,0.301895,0.465925,0.23218
mpi,200000,4,2,0.32922813299956033,0.301905,0.4647,0.233395
mpi,200000,4,3,0.3266454139993584,0.301465,0.465385,0.23315
mpi,200000,4,4,0.328040937998594,0.301595,0.46572,0.232685
mpi,200000,4,5,0.3289754149991495,0.302215,0.46607,0.231715
mpi,200000,5,0,0.3284912320013973,0.3012,0.46551,0.23329
mpi,200000,5,1,0.33331850099966687,0.30222,0.46575,0.23203
mpi,200000,5,2,0.33014901299975463,0.301505,0.46614,0.232355
mpi,200000,5,3,0.3321242219990381,0.302325,0.464835,0.23284
mpi,200000,5,4,0.33068041899969103,0.30243,0.464115,0.233455
mpi,200000,5,5,0.3276255860000674,0.30291,0.46562,0.23147
mpi,200000,6,0,0.33677468300084,0.301215,0.466475,0.23231
mpi,200000,6,1,0.3380196050002269,0.303065,0.464575,0.23236
mpi,200000,6,2,0.33432102400001895,0.30235,0.46619,0.23146
mpi,200000,6,3,0.33409319300153584,0.30286,0.46467,0.23247
mpi,200000,6,4,0.3311469149994082,0.302145,0.46371,0.234145
mpi,200000,6,5,0.33681234200048493,0.303595,0.46501,0.231395
mpi,200000,7,0,0.3414417700005288,0.301785,0.46623,0.231985
mpi,200000,7,1,0.3379537620003248,0.303615,0.465265,0.23112
mpi,200000,7,2,0.3381317669991404,0.301475,0.465995,0.23253
mpi,200000,7,3,0.3423799499996676,0.30245,0.46433,0.23322
mpi,200000,7,4,0.33884837000005064,0.30195,0.46375,0.2343
mpi,200000,7,5,0.3414432450008462,0.30253,0.465415,0.232055
mpi,200000,8,0,0.34394266399976914,0.30127,0.466585,0.232145
mpi,200000,8,1,0.341926995999529,0.30317,0.46549,0.23134
mpi,200000,8,2,0.3472399469992524,0.3011,0.465705,0.233195
mpi,200000,8,3,0.34262305599986576,0.30258,0.464885,0.232535
mpi,200000,8,4,0.3405677259997901,0.30199,0.463485,0.234525
mpi,200000,8,5,0.3488223790009215,0.302965,0.464595,0.23244
mpi,400000,1,0,0.33610305700130994,0.3021475,0.4652225,0.23263
mpi,400000,1,1,0.3357486679997237,0.302245,0.4652525,0.2325025
mpi,400000,1,2,0.33611455599930196,0.30214,0.4648625,0.2329975
mpi,400000,1,3,0.3399287109987199,0.30183,0.46524,0.23293
mpi,400000,1,4,0.34388436200060823,0.3009575,0.465745,0.2332975
mpi,400000,1,5,0.3359923349999008,0.30021,0.466435,0.233355
mpi,400000,2,0,0.32791056300084165,0.3014825,0.4644775,0.23404
mpi,400000,2,1,0.33214379000128247,0.3029625,0.464485,0.2325525
mpi,400000,2,2,0.33177688000068883,0.3023275,0.46509,0.2325825
mpi,400000,2,3,0.3322706130002189,0.300985,0.465955,0.23306
mpi,400000,2,4,0.32753410099940083,0.3012575,0.4649375,0.233805
mpi,400000,2,5,0.3319598689995473,0.3014025,0.465655,0.2329425
mpi,400000,3,0,0.33193926000058127,0.3017575,0.4647,0.2335425
mpi,400000,3,1,0.33195988700026646,0.3020875,0.4653075,0.232605
mpi,400000,3,2,0.33169685599932563,0.3027275,0.46448,0.2327925
mpi,400000,3,3,0.32811700599995675,0.3007675,0.4660825,0.23315
mpi,400000,3,4,0.3279068230003759,0.302,0.46539,0.23261
mpi,400000,3,5,0.3316098889990826,0.30173,0.4657025,0.2325675
mpi,400000,4,0,0.33119026600070356,0.30152,0.464865,0.233615
mpi,400000,4,1,0.33038608900096733,0.3020775,0.4652575,0.232665
mpi,400000,4,2,0.3380383090006944,0.3026575,0.46423,0.2331125
mpi,400000,4,3,0.3319033230000059,0.301225,0.4660925,0.2326825
mpi,400000,4,4,0.334502325998983,0.302085,0.4649725,0.2329425
mpi,400000,4,5,0.3330311970003095,0.3018325,0.465525,0.2326425
mpi,400000,5,0,0.33581912699992245,0.3011075,0.4658475,0.233045
mpi,400000,5,1,0.33312473200021486,0.3021475,0.4652475,0.232605
mpi,400000,5,2,0.33167745799983095,0.3025475,0.4648075,0.232645
mpi,400000,5,3,0.33579595899936976,0.30087,0.4663125,0.2328175
mpi,400000,5,4,0.33235470600084227,0.3023675,0.46471,0.2329225
mpi,400000,5,5,0.33306586500111734,0.3017775,0.465725,0.2324975
mpi,400000,6,0,0.33644377299970074,0.3012675,0.4658175,0.232915
mpi,400000,6,1,0.34101293999992777,0.3021825,0.4649425,0.232875
mpi,400000,6,2,0.3334040689987887,0.3024375,0.465175,0.2323875
mpi,400000,6,3,0.33355736099838396,0.3014525,0.46571,0.2328375
mpi,400000,6,4,0.3398721260000457,0.3014525,0.46574,0.2328075
mpi,400000,6,5,0.3346711630001664,0.301815,0.4662675,0.2319175
mpi,400000,7,0,0.34059764799894765,0.3007825,0.465905,0.2333125
mpi,400000,7,1,0.3381007239986502,0.30191,0.46525,0.23284
mpi,400000,7,2,0.3417672269988543,0.3018675,0.465285,0.2328475
mpi,400000,7,3,0.3394856119994074,0.3015175,0.46565,0.2328325
mpi,400000,7,4,0.3426451810009894,0.301415,0.46536,0.233225
mpi,400000,7,5,0.3411570569987816,0.301845,0.466895,0.23126
mpi,400000,8,0,0.34255682100047125,0.300255,0.466775,0.23297
mpi,400000,8,1,0.3450374389994977,0.3023425,0.4652125,0.232445
mpi,400000,8,2,0.3442902779988799,0.3016425,0.4656575,0.2327
mpi,400000,8,3,0.34591901099884126,0.3019175,0.46555,0.2325325
mpi,400000,8,4,0.3498548019997543,0.3016225,0.46504,0.2333375
mpi,400000,8,5,0.3436577060001582,0.30168,0.466465,0.231855
mpi,800000,1,0,0.3601416099991184,0.302055,0.465475,0.23247
mpi,800000,1,1,0.3600184619990614,0.302545,0.46566625,0.23178875
mpi,800000,1,2,0.36378339899965795,0.30242,0.46414875,0.23343125
mpi,800000,1,3,0.359966918000282,0.30171625,0.46583,0.23245375
mpi,800000,1,4,0.3599068260009517,0.3007925,0.4657075,0.2335
mpi,800000,1,5,0.35973849999936647,0.30113125,0.4656725,0.23319625
mpi,800000,2,0,0.3402427529999841,0.301325,0.465005,0.23367
mpi,800000,2,1,0.33954845699918224,0.30266375,0.46493625,0.2324
mpi,800000,2,2,0.33985934700103826,0.301635,0.46560125,0.23276375
mpi,800000,2,3,0.33904045300005237,0.30125125,0.46568,0.23306875
mpi,800000,2,4,0.33705949999966833,0.30083,0.4653275,0.2338425
mpi,800000,2,5,0.33953853599996364,0.30122875,0.4655,0.23327125
mpi,800000,3,0,0.335868598000161,0.3015225,0.4655325,0.232945
mpi,800000,3,1,0.3355957200001285,0.302235,0.465295,0.23247
mpi,800000,3,2,0.33627803700073855,0.30214375,0.4649425,0.23291375
mpi,800000,3,3,0.33481601600033173,0.30111,0.466005,0.232885
mpi,800000,3,4,0.33722282400049153,0.302265,0.46491875,0.23281625
mpi,800000,3,5,0.3360264209986781,0.302015,0.4653025,0.2326825
mpi,800000,4,0,0.3353876149994903,0.30128875,0.46521625,0.233495
mpi,800000,4,1,0.33586961000037263,0.302545,0.46487875,0.23257625
mpi,800000,4,2,0.33226382300017576,0.3017025,0.465075,0.2332225
mpi,800000,4,3,0.33989337000093656,0.3010675,0.465975,0.2329575
mpi,800000,4,4,0.3363227399986499,0.301725,0.46527875,0.23299625
mpi,800000,4,5,0.33947725200050627,0.30212125,0.46488375,0.232995
mpi,800000,5,0,0.339337635999982,0.3013725,0.4654275,0.2332
mpi,800000,5,1,0.3399306780011102,0.3025575,0.46489625,0.23254625
mpi,800000,5,2,0.3356902329996956,0.30215875,0.46515875,0.2326825
mpi,800000,5,3,0.33672105400000873,0.30090375,0.4663525,0.23274375
mpi,800000,5,4,0.3412834010014194,0.30222,0.465145,0.232635
mpi,800000,5,5,0.3382864969989896,0.3016575,0.46546,0.2328825
mpi,800000,6,0,0.34363852000024053,0.301785,0.46549625,0.23271875
mpi,800000,6,1,0.34047672300039267,0.30225125,0.46454375,0.233205
mpi,800000,6,2,0.3393192759995145,0.30257625,0.4652025,0.23222125
mpi,800000,6,3,0.33952139699977124,0.3013975,0.466325,0.2322775
mpi,800000,6,4,0.3407830840005772,0.30181625,0.46574625,0.2324375
mpi,800000,6,5,0.34300549599902297,0.3013325,0.46612,0.2325475
mpi,800000,7,0,0.34603960100139375,0.301345,0.466095,0.23256
mpi,800000,7,1,0.345735306998904,0.30258625,0.46448875,0.232925
mpi,800000,7,2,0.34543339099946024,0.30248625,0.46516875,0.232345
mpi,800000,7,3,0.35235505899981945,0.30135125,0.46628375,0.232365
mpi,800000,7,4,0.34652729199842724,0.30191375,0.46540875,0.2326775
mpi,800000,7,5,0.3446040439994249,0.30071125,0.46671,0.23257875
mpi,800000,8,0,0.3457328429994959,0.30142875,0.46616,0.23241125
mpi,800000,8,1,0.35030063599879213,0.30233375,0.46458625,0.23308
mpi,800000,8,2,0.35151656000016374,0.3018525,0.46552375,0.23262375
mpi,800000,8,3,0.34757891399931395,0.30142625,0.4660425,0.23253125
mpi,800000,8,4,0.3563226920014131,0.3021975,0.46484,0.2329625
mpi,800000,8,5,0.3504259629989974,0.30114,0.46600375,0.23285625
mpi,1600000,1,0,0.4081767570005468,0.30205188,0.46525688,0.23269125
mpi,1600000,1,1,0.41153138799927547,0.30189625,0.46593375,0.23217
mpi,1600000,1,2,0.40826811000079033,0.30236438,0.46446437,0.23317125
mpi,1600000,1,3,0.40799727400008123,0.3022875,0.465425,0.2322875
mpi,1600000,1,4,0.4116627419989527,0.30135375,0.46535312,0.23329312
mpi,1600000,1,5,0.41220627700022305,0.30166,0.46555812,0.23278187
mpi,1600000,2,0,0.36364930299896514,0.30173125,0.46534813,0.23292062
mpi,1600000,2,1,0.3639056490010262,0.30258875,0.46537125,0.23204
mpi,1600000,2,2,0.3645341200008261,0.30193063,0.4651375,0.23293188
mpi,1600000,2,3,0.362985462999859,0.3015125,0.465845,0.2326425
mpi,1600000,2,4,0.3645856189996266,0.30108187,0.46547187,0.23344625
mpi,1600000,2,5,0.35984955899948545,0.30158313,0.46549125,0.23292562
mpi,1600000,3,0,0.3511281050014077,0.30160313,0.46565125,0.23274563
mpi,1600000,3,1,0.35192277199894306,0.3026325,0.46545625,0.23191125
mpi,1600000,3,2,0.3522853649992612,0.30180875,0.46493563,0.23325562
mpi,1600000,3,3,0.35355187200002547,0.3012075,0.46612687,0.23266562
mpi,1600000,3,4,0.35397644299882813,0.301445,0.46567313,0.23288187
mpi,1600000,3,5,0.3519788220000919,0.30173125,0.46533625,0.2329325
mpi,1600000,4,0,0.35037133500009077,0.3012925,0.46566062,0.23304687
mpi,1600000,4,1,0.34571657800006506,0.30246,0.46516937,0.23237062
mpi,1600000,4,2,0.3507430680001562,0.3013375,0.46542875,0.23323375
mpi,1600000,4,3,0.349684568000157,0.30153625,0.46580938,0.23265437
mpi,1600000,4,4,0.3517901670002175,0.30160938,0.46548125,0.23290938
mpi,1600000,4,5,0.3481768399997236,0.30184,0.4650075,0.2331525
mpi,1600000,5,0,0.34808465500100283,0.30164062,0.46559375,0.23276563
mpi,1600000,5,1,0.3482840579999902,0.30208062,0.46525563,0.23266375
mpi,1600000,5,2,0.3715621729988925,0.3015125,0.46518437,0.23330313
mpi,1600000,5,3,0.3478656809984386,0.30155625,0.4658175,0.23262625
mpi,1600000,5,4,0.34885135699914827,0.30217625,0.46504187,0.23278187
mpi,1600000,5,5,0.3471522060008283,0.30181938,0.46517562,0.233005
mpi,1600000,6,0,0.3521682549999241,0.3018325,0.46562188,0.23254563
mpi,1600000,6,1,0.3598015959996701,0.3020375,0.46515625,0.23280625
mpi,1600000,6,2,0.3537319179995393,0.30176063,0.4654825,0.23275688
mpi,1600000,6,3,0.349633048999749,0.30174625,0.46607125,0.2321825
mpi,1600000,6,4,0.34807104600076855,0.30199625,0.46507938,0.23292437
mpi,1600000,6,5,0.35175662099936744,0.30160188,0.46553187,0.23286625
mpi,1600000,7,0,0.3542843590003031,0.30162062,0.46584687,0.2325325
mpi,1600000,7,1,0.35331018200122344,0.30211875,0.46523375,0.2326475
mpi,1600000,7,2,0.35240543100007926,0.30175937,0.46553937,0.23270125
mpi,1600000,7,3,0.35589939300007245,0.30146875,0.46616687,0.23236438
mpi,1600000,7,4,0.35951687899978424,0.30211063,0.46493125,0.23295812
mpi,1600000,7,5,0.36002490900136763,0.30147438,0.46564312,0.2328825
mpi,1600000,8,0,0.3562771300003078,0.30167375,0.46595188,0.23237437
mpi,1600000,8,1,0.36055114299961133,0.30226125,0.46512562,0.23261313
mpi,1600000,8,2,0.35433305699916673,0.30151875,0.46579625,0.232685
mpi,1600000,8,3,0.356927048000216,0.30143562,0.46619187,0.2323725
mpi,1600000,8,4,0.35205434700037586,0.30192,0.46514187,0.23293812
mpi,1600000,8,5,0.3581608540007437,0.30138687,0.46553813,0.233075
mpi,3200000,1,0,0.5081742510010372,0.30188219,0.46519625,0.23292156
mpi,3200000,1,1,0.5080898189989966,0.30166562,0.46626469,0.23206969
mpi,3200000,1,2,0.5078694289986743,0.30199531,0.46506938,0.23293531
mpi,3200000,1,3,0.5037413189984363,0.3015975,0.46569531,0.23270719
mpi,3200000,1,4,0.5035937419997936,0.30161594,0.46577344,0.23261062
mpi,3200000,1,5,0.4998742650004715,0.30189813,0.46541594,0.23268594
mpi,3200000,2,0,0.4147418860011385,0.3018875,0.46538281,0.23272969
mpi,3200000,2,1,0.41759230900061084,0.30183031,0.46597531,0.23219438
mpi,3200000,2,2,0.4160807210009807,0.30209656,0.46507,0.23283344
mpi,3200000,2,3,0.41154340200046136,0.30197406,0.46535031,0.23267562
mpi,3200000,2,4,0.4110592439992615,0.30152406,0.46548375,0.23299219
mpi,3200000,2,5,0.4173485549999896,0.30185125,0.46547594,0.23267281
mpi,3200000,3,0,0.38831533799930185,0.30174688,0.46580875,0.23244438
mpi,3200000,3,1,0.38791266400039603,0.30240312,0.46583594,0.23176094
mpi,3200000,3,2,0.4160343080002349,0.30195125,0.46514437,0.23290437
mpi,3200000,3,3,0.3901436910000484,0.30184719,0.46554594,0.23260687
mpi,3200000,3,4,0.38572474499960663,0.30163812,0.4656225,0.23273937
mpi,3200000,3,5,0.39088155499848654,0.3018475,0.46526469,0.23288781
mpi,3200000,4,0,0.37230173500029196,0.3016175,0.46592031,0.23246219
mpi,3200000,4,1,0.37202199100102007,0.30246563,0.46553719,0.23199719
mpi,3200000,4,2,0.3826083029998699,0.30176531,0.46513656,0.23309812
mpi,3200000,4,3,0.3770080449994566,0.30189656,0.46567531,0.23242813
mpi,3200000,4,4,0.37554438799998024,0.30152937,0.46554031,0.23293031
mpi,3200000,4,5,0.3757005150000623,0.30193031,0.465135,0.23293469
mpi,3200000,5,0,0.37285399900065386,0.30163969,0.46589875,0.23246156
mpi,3200000,5,1,0.36756888899981277,0.30230125,0.46554969,0.23214906
mpi,3200000,5,2,0.3714769329999399,0.30150906,0.46533625,0.23315469
mpi,3200000,5,3,0.37284562999957416,0.30173062,0.46576156,0.23250781
mpi,3200000,5,4,0.3713872420012194,0.30168062,0.46557125,0.23274813
mpi,3200000,5,5,0.36942694500066864,0.30186656,0.46508688,0.23304656
mpi,3200000,6,0,0.36876344600023003,0.30187812,0.46566344,0.23245844
mpi,3200000,6,1,0.3684498740003619,0.3022325,0.46535031,0.23241719
mpi,3200000,6,2,0.36700503999963985,0.30138125,0.46556219,0.23305656
mpi,3200000,6,3,0.369979308999973,0.30188531,0.46589094,0.23222375
mpi,3200000,6,4,0.3615648089999013,0.30170344,0.46545281,0.23284375
mpi,3200000,6,5,0.36849216100017657,0.30169406,0.46541938,0.23288656
mpi,3200000,7,0,0.37110188099904917,0.30189813,0.46556,0.23254188
mpi,3200000,7,1,0.36843178699928103,0.30220406,0.46535469,0.23244125
mpi,3200000,7,2,0.3697255419992871,0.30146625,0.46575219,0.23278156
mpi,3200000,7,3,0.3773695089985267,0.30186438,0.46590781,0.23222781
mpi,3200000,7,4,0.3628501330003928,0.30180375,0.46541688,0.23277938
mpi,3200000,7,5,0.36511658699964755,0.30146031,0.46556406,0.23297562
mpi,3200000,8,0,0.3720528049998393,0.30190719,0.46568219,0.23241063
mpi,3200000,8,1,0.3673552889995335,0.30228344,0.46525406,0.2324625
mpi,3200000,8,2,0.3679739819999668,0.30104125,0.46609906,0.23285969
mpi,3200000,8,3,0.3722192220011493,0.30177906,0.46592031,0.23230063
mpi,3200000,8,4,0.37283832100001746,0.30182844,0.46531406,0.2328575
mpi,3200000,8,5,0.3673087469996972,0.30125375,0.46553219,0.23321406
mpi,6400000,1,0,0.6904620309996972,0.30172766,0.46577844,0.23249391
mpi,6400000,1,1,0.6971903550002025,0.30174797,0.46584969,0.23240234
mpi,6400000,1,2,0.6914718389998598,0.30191937,0.46516547,0.23291516
mpi,6400000,1,3,0.6964681960016605,0.30190203,0.46536344,0.23273453
mpi,6400000,1,4,0.6952028069990774,0.30157937,0.46584844,0.23257219
mpi,6400000,1,5,0.6881278150012804,0.30174156,0.46565812,0.23260031
mpi,6400000,2,0,0.5122933439997723,0.30196047,0.46507359,0.23296594
mpi,6400000,2,1,0.5075603810000757,0.30168563,0.46598187,0.2323325
mpi,6400000,2,2,0.5114427270000306,0.30187234,0.46531422,0.23281344
mpi,6400000,2,3,0.5131105050004408,0.30162062,0.46562297,0.23275641
mpi,6400000,2,4,0.5078489170009561,0.30183266,0.46535422,0.23281313
mpi,6400000,2,5,0.511999062000541,0.30191625,0.46536109,0.23272266
mpi,6400000,3,0,0.4474381540003378,0.30187531,0.46558906,0.23253562
mpi,6400000,3,1,0.4485663380000915,0.30173109,0.46604219,0.23222672
mpi,6400000,3,2,0.44699285800015787,0.30188531,0.46526734,0.23284734
mpi,6400000,3,3,0.44825957500142977,0.30176406,0.46555797,0.23267797
mpi,6400000,3,4,0.4480051379996439,0.30173672,0.46579375,0.23246953
mpi,6400000,3,5,0.45001793400115275,0.30171016,0.46545469,0.23283516
mpi,6400000,4,0,0.4199664979987574,0.30164375,0.46599969,0.23235656
mpi,6400000,4,1,0.42658599999958824,0.30185234,0.46591063,0.23223703
mpi,6400000,4,2,0.42082903099981195,0.30189938,0.46525187,0.23284875
mpi,6400000,4,3,0.431169810000938,0.30183328,0.46561453,0.23255219
mpi,6400000,4,4,0.4296154359999491,0.30167516,0.46556969,0.23275516
mpi,6400000,4,5,0.4225728519995755,0.30187516,0.46539938,0.23272547
mpi,6400000,5,0,0.40695533100006287,0.301595,0.46594062,0.23246438
mpi,6400000,5,1,0.4092435660004412,0.30199016,0.46584359,0.23216625
mpi,6400000,5,2,0.40765975000067556,0.30178641,0.46522594,0.23298766
mpi,6400000,5,3,0.4081828090002091,0.30186969,0.46569344,0.23243687
mpi,6400000,5,4,0.4070818530017277,0.30163344,0.46553,0.23283656
mpi,6400000,5,5,0.4116629609998199,0.30185781,0.46524609,0.23289609
mpi,6400000,6,0,0.3990281120004511,0.30178203,0.46581,0.23240797
mpi,6400000,6,1,0.3990451250010665,0.30214078,0.46562375,0.23223547
mpi,6400000,6,2,0.40043546599918045,0.30164641,0.4653475,0.23300609
mpi,6400000,6,3,0.401607491001414,0.30193469,0.46570594,0.23235938
mpi,6400000,6,4,0.39920744800110697,0.30171797,0.46531266,0.23296938
mpi,6400000,6,5,0.40126299599978665,0.30176734,0.46535156,0.23288109
mpi,6400000,7,0,0.3945588839997072,0.30175344,0.46578188,0.23246469
mpi,6400000,7,1,0.400174493999657,0.30205984,0.46566687,0.23227328
mpi,6400000,7,2,0.39509805600027903,0.30167906,0.46547563,0.23284531
mpi,6400000,7,3,0.4046127900001011,0.30195734,0.46582187,0.23222078
mpi,6400000,7,4,0.40764544799822033,0.30171891,0.46536547,0.23291562
mpi,6400000,7,5,0.39616006100004597,0.30167516,0.46545016,0.23287469
mpi,6400000,8,0,0.4115228210011992,0.30178172,0.46585312,0.23236516
mpi,6400000,8,1,0.39985106000131054,0.30213594,0.46558719,0.23227687
mpi,6400000,8,2,0.39574836700012384,0.30152406,0.46561266,0.23286328
mpi,6400000,8,3,0.39071829299973615,0.30190109,0.46583391,0.232265
mpi,6400000,8,4,0.39323965800031147,0.30164875,0.46545734,0.23289391
mpi,6400000,8,5,0.39998067200031073,0.30162219,0.46537859,0.23299922
mpi,12800000,1,0,1.0681524259998696,0.301795,0.46563547,0.23256953
mpi,12800000,1,1,1.0801379909989919,0.30172148,0.46575703,0.23252148
mpi,12800000,1,2,1.0790393990009761,0.30182641,0.46551406,0.23265953
mpi,12800000,1,3,1.080827734000195,0.30182195,0.46551336,0.23266469
mpi,12800000,1,4,1.0839267610008392,0.30162875,0.46573578,0.23263547
mpi,12800000,1,5,1.0716220989997964,0.30169859,0.4656532,0.2326482
mpi,12800000,2,0,0.6998594430006051,0.30178328,0.46551375,0.23270297
mpi,12800000,2,1,0.7037573569996312,0.30178063,0.46560375,0.23261562
mpi,12800000,2,2,0.7045054310001433,0.30180242,0.46542461,0.23277297
mpi,12800000,2,3,0.7032661049997841,0.30178109,0.46548031,0.23273859
mpi,12800000,2,4,0.6961102980003488,0.30171047,0.46554656,0.23274297
mpi,12800000,2,5,0.7042747590003273,0.3017768,0.46565984,0.23256336
mpi,12800000,3,0,0.5759718640001665,0.30182211,0.46552594,0.23265195
mpi,12800000,3,1,0.5761606479991315,0.30176477,0.46580266,0.23243258
mpi,12800000,3,2,0.5798899540004641,0.30177289,0.46554398,0.23268312
mpi,12800000,3,3,0.5797123219999776,0.3017082,0.46557711,0.23271469
mpi,12800000,3,4,0.5755910919997405,0.30170914,0.46575266,0.2325382
mpi,12800000,3,5,0.5756234580003365,0.3018032,0.46534273,0.23285406
mpi,12800000,4,0,0.5193525369995768,0.301795,0.46549141,0.23271359
mpi,12800000,4,1,0.5159884160002548,0.301735,0.46590945,0.23235555
mpi,12800000,4,2,0.5149302480003826,0.301805,0.46553008,0.23266492
mpi,12800000,4,3,0.5185597299987421,0.30166797,0.46563539,0.23269664
mpi,12800000,4,4,0.5215578499992262,0.30175742,0.46564227,0.23260031
mpi,12800000,4,5,0.5201418020005804,0.3018693,0.46541406,0.23271664
mpi,12800000,5,0,0.48260393000055046,0.30174367,0.46561641,0.23263992
mpi,12800000,5,1,0.48471911100023135,0.30180398,0.46590406,0.23229195
mpi,12800000,5,2,0.4873176250002871,0.30177437,0.46543406,0.23279156
mpi,12800000,5,3,0.4876496340002632,0.30172172,0.46567875,0.23259953
mpi,12800000,5,4,0.4901808640006493,0.30173867,0.46563109,0.23263023
mpi,12800000,5,5,0.4855973770008859,0.30175977,0.46549281,0.23274742
mpi,12800000,6,0,0.4694161789993814,0.30183125,0.46562391,0.23254484
mpi,12800000,6,1,0.46957047000068997,0.30181094,0.46571742,0.23247164
mpi,12800000,6,2,0.46815119900020363,0.30171734,0.46547086,0.2328118
mpi,12800000,6,3,0.4683174179990601,0.30174438,0.46576828,0.23248734
mpi,12800000,6,4,0.4680002740005875,0.30185383,0.46547945,0.23266672
mpi,12800000,6,5,0.4684514359996683,0.30175516,0.46553297,0.23271188
mpi,12800000,7,0,0.4637808410006983,0.30185445,0.46552539,0.23262016
mpi,12800000,7,1,0.45992287999979453,0.30181883,0.46572586,0.23245531
mpi,12800000,7,2,0.4754997709987947,0.3017507,0.46542352,0.23282578
mpi,12800000,7,3,0.4557877790011844,0.30181547,0.46572375,0.23246078
mpi,12800000,7,4,0.46020269700056815,0.30178516,0.46545219,0.23276266
mpi,12800000,7,5,0.45269458499933535,0.30177141,0.46549805,0.23273055
mpi,12800000,8,0,0.4452300320008362,0.30170141,0.46575227,0.23254633
mpi,12800000,8,1,0.4609634640000877,0.3019007,0.46571117,0.23238813
mpi,12800000,8,2,0.46374829200067325,0.30163859,0.46544281,0.23291859
mpi,12800000,8,3,0.45107988600102544,0.30183469,0.46567781,0.2324875
mpi,12800000,8,4,0.4488715589995991,0.30173398,0.46545188,0.23281414
mpi,12800000,8,5,0.47992261800027336,0.30182148,0.46546227,0.23271625
serial,100000,1,0,0.009244297998520778,0.302,0.46548,0.23252
serial,100000,1,1,0.009144981000645203,0.30147,0.46564,0.23289
serial,100000,1,2,0.00931015199967078,0.30144,0.4647,0.23386
serial,100000,1,3,0.009228545000951272,0.30498,0.46385,0.23117
serial,100000,1,4,0.009021997000672854,0.30111,0.46736,0.23153
serial,100000,1,5,0.00922165399970254,0.30056,0.46726,0.23218
serial,200000,1,0,0.017530824999994365,0.301695,0.465665,0.23264
serial,200000,1,1,0.017440721998355002,0.301375,0.46541,0.233215
serial,200000,1,2,0.01721728600023198,0.30189,0.465085,0.233025
serial,200000,1,3,0.017719281000609044,0.30375,0.463625,0.232625
serial,200000,1,4,0.017264676000195323,0.300615,0.466715,0.23267
serial,200000,1,5,0.017424900999685633,0.301245,0.466695,0.23206
serial,400000,1,0,0.03369552700132772,0.30086,0.465915,0.233225
serial,400000,1,1,0.03166715000043041,0.301395,0.465195,0.23341
serial,400000,1,2,0.030731070999536314,0.301485,0.4657475,0.2327675
serial,400000,1,3,0.03103663699948811,0.30309,0.464405,0.232505
serial,400000,1,4,0.03140815500046301,0.3021225,0.465675,0.2322025
serial,400000,1,5,0.031130190000112634,0.3012225,0.46647,0.2323075
serial,800000,1,0,0.060834806999992,0.30107,0.46631375,0.23261625
serial,800000,1,1,0.06038278400046693,0.3013975,0.4653925,0.23321
serial,800000,1,2,0.06034510099925683,0.3012175,0.46583625,0.23294625
serial,800000,1,3,0.06231943000057072,0.30225625,0.46527,0.23247375
serial,800000,1,4,0.0607881260002614,0.3024375,0.464685,0.2328775
serial,800000,1,5,0.06028012500064506,0.30105375,0.46675375,0.2321925
serial,1600000,1,0,0.11893303099896002,0.30163875,0.46586187,0.23249938
serial,1600000,1,1,0.11950313400120649,0.30176313,0.46549,0.23274687
serial,1600000,1,2,0.1193794020000496,0.30126125,0.46590312,0.23283562
serial,1600000,1,3,0.1187834379998094,0.30237313,0.46523437,0.2323925
serial,1600000,1,4,0.11946960299974307,0.3019275,0.4652475,0.232825
serial,1600000,1,5,0.12098592300026212,0.30151187,0.46643125,0.23205687
serial,3200000,1,0,0.23703012799887802,0.30182625,0.46569906,0.23247469
serial,3200000,1,1,0.2367961829986598,0.30158687,0.4656075,0.23280562
serial,3200000,1,2,0.24185088900048868,0.30151844,0.46562219,0.23285938
serial,3200000,1,3,0.23762289400110603,0.30206656,0.46527031,0.23266312
serial,3200000,1,4,0.23740977499983273,0.30180187,0.46548281,0.23271531
serial,3200000,1,5,0.2376984700003959,0.30167688,0.46609625,0.23222687
serial,6400000,1,0,0.47100932499961345,0.30204938,0.46543297,0.23251766
serial,6400000,1,1,0.471323249001216,0.301685,0.46542125,0.23289375
serial,6400000,1,2,0.4801632519993291,0.30176859,0.46539141,0.23284
serial,6400000,1,3,0.4740703939987725,0.30211047,0.46508813,0.23280141
serial,6400000,1,4,0.47880215599980147,0.30174828,0.46542672,0.232825
serial,6400000,1,5,0.474218239000038,0.30161547,0.46599016,0.23239437
serial,12800000,1,0,0.9571365150004567,0.30192562,0.46554656,0.23252781
serial,12800000,1,1,0.9469170020001911,0.30183656,0.46550508,0.23265836
serial,12800000,1,2,0.95249647700075,0.3017432,0.46553648,0.23272031
serial,12800000,1,3,0.9599478920008551,0.30189086,0.46534031,0.23276883
serial,12800000,1,4,0.9533917490007298,0.30187336,0.46526352,0.23286313
serial,12800000,1,5,0.9436630580003111,0.30173078,0.46581195,0.23245727
pthreads,100000,1,0,0.007272987000760622,0.3023,0.46462,0.23308
pthreads,100000,1,1,0.007264164998559863,0.3038,0.46482,0.23138
pthreads,100000,1,2,0.007394341000690474,0.30377,0.46422,0.23201
pthreads,100000,1,3,0.00691542499953357,0.30223,0.4637,0.23407
pthreads,100000,1,4,0.006934355998964747,0.30201,0.46557,0.23242
pthreads,100000,1,5,0.0068965659993409645,0.29851,0.46869,0.2328
pthreads,100000,2,0,0.004571041001327103,0.29945,0.46639,0.23416
pthreads,100000,2,1,0.004564386999845738,0.30209,0.46575,0.23216
pthreads,100000,2,2,0.0050977359987882664,0.30301,0.46541,0.23158
pthreads,100000,2,3,0.004529290999926161,0.30009,0.4649,0.23501
pthreads,100000,2,4,0.004364852999060531,0.30372,0.46451,0.23177
pthreads,100000,2,5,0.004257049000443658,0.30082,0.468,0.23118
pthreads,100000,3,0,0.005044735999035765,0.30094,0.46602,0.23304
pthreads,100000,3,1,0.00409085599858372,0.30133,0.46526,0.23341
pthreads,100000,3,2,0.004879883999819867,0.30245,0.46553,0.23202
pthreads,100000,3,3,0.004200904999379418,0.30052,0.46611,0.23337
pthreads,100000,3,4,0.003421059000174864,0.30242,0.46528,0.2323
pthreads,100000,3,5,0.0046293030009110225,0.30137,0.46779,0.23084
pthreads,100000,4,0,0.003909682000085013,0.30122,0.46598,0.2328
pthreads,100000,4,1,0.0037135240017960314,0.30234,0.46649,0.23117
pthreads,100000,4,2,0.004478659000596963,0.302,0.46536,0.23264
pthreads,100000,4,3,0.0029757409993180772,0.30188,0.4657,0.23242
pthreads,100000,4,4,0.0037232430004223716,0.30307,0.46457,0.23236
pthreads,100000,4,5,0.0036155720008537173,0.30001,0.46892,0.23107
pthreads,100000,5,0,0.003941306000342593,0.30325,0.46473,0.23202
pthreads,100000,5,1,0.0037422549994516885,0.30302,0.4654,0.23158
pthreads,100000,5,2,0.0036826819996349514,0.30061,0.46635,0.23304
pthreads,100000,5,3,0.0031696659989393083,0.30158,0.46618,0.23224
pthreads,100000,5,4,0.0032617390006635105,0.30353,0.46395,0.23252
pthreads,100000,5,5,0.004068985999765573,0.30055,0.46867,0.23078
pthreads,100000,6,0,0.0038772829993831692,0.30142,0.46506,0.23352
pthreads,100000,6,1,0.0037355130007199477,0.30303,0.4653,0.23167
pthreads,100000,6,2,0.0035030409999308176,0.3009,0.46679,0.23231
pthreads,100000,6,3,0.004055963001519558,0.30139,0.46629,0.23232
pthreads,100000,6,4,0.003680812000311562,0.30476,0.46327,0.23197
pthreads,100000,6,5,0.0034367670014034957,0.30148,0.46928,0.22924
pthreads,100000,7,0,0.003732369001227198,0.30077,0.46511,0.23412
pthreads,100000,7,1,0.003822693999609328,0.30268,0.46527,0.23205
pthreads,100000,7,2,0.003590054000596865,0.30008,0.4663,0.23362
pthreads,100000,7,3,0.003974850998929469,0.30226,0.46561,0.23213
pthreads,100000,7,4,0.003980980000051204,0.30457,0.46485,0.23058
pthreads,100000,7,5,0.003898433998983819,0.30218,0.46896,0.22886
pthreads,100000,8,0,0.003960080999604543,0.30229,0.46325,0.23446
pthreads,100000,8,1,0.0037810169997101184,0.30315,0.46598,0.23087
pthreads,100000,8,2,0.0032777460000943393,0.30002,0.46582,0.23416
pthreads,100000,8,3,0.0035629680005513364,0.30223,0.46673,0.23104
pthreads,100000,8,4,0.0036354540006868774,0.30577,0.46458,0.22965
pthreads,100000,8,5,0.004092895000212593,0.30252,0.4677,0.22978
pthreads,200000,1,0,0.013333147000594181,0.301555,0.46547,0.232975
pthreads,200000,1,1,0.013649728000018513,0.302645,0.46438,0.232975
pthreads,200000,1,2,0.013049179000518052,0.302755,0.46481,0.232435
pthreads,200000,1,3,0.013269535998915671,0.301055,0.46473,0.234215
pthreads,200000,1,4,0.013928890000897809,0.30147,0.465715,0.232815
pthreads,200000,1,5,0.013804411000819528,0.300405,0.46723,0.232365
pthreads,200000,2,0,0.007833916999516077,0.30162,0.46515,0.23323
pthreads,200000,2,1,0.007548834000772331,0.302875,0.464875,0.23225
pthreads,200000,2,2,0.007731584999419283,0.303915,0.464365,0.23172
pthreads,200000,2,3,0.008354842999324319,0.30108,0.46444,0.23448
pthreads,200000,2,4,0.007707799999479903,0.303155,0.465015,0.23183
pthreads,200000,2,5,0.007824312000593636,0.3003,0.46781,0.23189
pthreads,200000,3,0,0.005937365000136197,0.301585,0.465435,0.23298
pthreads,200000,3,1,0.005742522998843924,0.30236,0.465225,0.232415
pthreads,200000,3,2,0.005860960000063642,0.30307,0.46438,0.23255
pthreads,200000,3,3,0.005882150999241276,0.300025,0.465435,0.23454
pthreads,200000,3,4,0.00612724500024342,0.302885,0.46476,0.232355
pthreads,200000,3,5,0.005819058000270161,0.3009,0.466835,0.232265
pthreads,200000,4,0,0.00503141199988022,0.30052,0.466995,0.232485
pthreads,200000,4,1,0.00589297899932717,0.30177,0.4655,0.23273
pthreads,200000,4,2,0.005695279000065057,0.3029,0.464275,0.232825
pthreads,200000,4,3,0.005946040000708308,0.301655,0.46472,0.233625
pthreads,200000,4,4,0.005786901001556544,0.302755,0.464365,0.23288
pthreads,200000,4,5,0.005688080000254558,0.300915,0.46703,0.232055
pthreads,200000,5,0,0.00550554999972519,0.301475,0.465595,0.23293
pthreads,200000,5,1,0.005688809000275796,0.30213,0.465125,0.232745
pthreads,200000,5,2,0.005769657000200823,0.301775,0.464735,0.23349
pthreads,200000,5,3,0.005470458001582301,0.302095,0.46562,0.232285
pthreads,200000,5,4,0.005413056000179495,0.303205,0.463715,0.23308
pthreads,200000,5,5,0.005441850998977316,0.30091,0.46744,0.23165
pthreads,200000,6,0,0.006127474998720572,0.301605,0.465465,0.23293
pthreads,200000,6,1,0.00658619600108068,0.30172,0.46531,0.23297
pthreads,200000,6,2,0.004281416000594618,0.30165,0.465465,0.232885
pthreads,200000,6,3,0.0059913590012001805,0.301585,0.465665,0.23275
pthreads,200000,6,4,0.0054292509994411375,0.303515,0.46396,0.232525
pthreads,200000,6,5,0.006343782999465475,0.301715,0.467425,0.23086
pthreads,200000,7,0,0.006763420000424958,0.30175,0.46518,0.23307
pthreads,200000,7,1,0.006745292999767116,0.301545,0.465925,0.23253
pthreads,200000,7,2,0.005955048000032548,0.30069,0.465975,0.233335
pthreads,200000,7,3,0.006294918999628862,0.301735,0.465955,0.23231
pthreads,200000,7,4,0.007209704999695532,0.304035,0.464385,0.23158
pthreads,200000,7,5,0.006302015999608557,0.302055,0.46649,0.231455
pthreads,200000,8,0,0.006583509999472881,0.302105,0.46432,0.233575
pthreads,200000,8,1,0.00660868799968739,0.301605,0.467,0.231395
pthreads,200000,8,2,0.006185501000800286,0.300815,0.465995,0.23319
pthreads,200000,8,3,0.00677099299900874,0.30187,0.466785,0.231345
pthreads,200000,8,4,0.006618548999540508,0.304275,0.46403,0.231695
pthreads,200000,8,5,0.006764458001271123,0.301835,0.4671,0.231065
pthreads,400000,1,0,0.02607182800056762,0.3021475,0.4652225,0.23263
pthreads,400000,1,1,0.025468968000495806,0.302245,0.4652525,0.2325025
pthreads,400000,1,2,0.02577460500106099,0.30214,0.4648625,0.2329975
pthreads,400000,1,3,0.02565682000022207,0.30183,0.46524,0.23293
pthreads,400000,1,4,0.025369751998368884,0.3009575,0.465745,0.2332975
pthreads,400000,1,5,0.02515991000109352,0.30021,0.466435,0.233355
pthreads,400000,2,0,0.013790623999739182,0.3016025,0.4644825,0.233915
pthreads,400000,2,1,0.014153542999338242,0.3021975,0.46477,0.2330325
pthreads,400000,2,2,0.013861696999811102,0.3031675,0.4650825,0.23175
pthreads,400000,2,3,0.013690472000234877,0.300055,0.466075,0.23387
pthreads,400000,2,4,0.014447137000388466,0.3027325,0.4647125,0.232555
pthreads,400000,2,5,0.014098008001383278,0.300855,0.4670125,0.2321325
pthreads,400000,3,0,0.01042089600014151,0.3027075,0.464805,0.2324875
pthreads,400000,3,1,0.01058380199901876,0.3025125,0.46459,0.2328975
pthreads,400000,3,2,0.010469785000168486,0.3025625,0.4659425,0.231495
pthreads,400000,3,3,0.010560394999629352,0.300585,0.4655925,0.2338225
pthreads,400000,3,4,0.010708458999943105,0.302415,0.4648025,0.2327825
pthreads,400000,3,5,0.0105698030001804,0.300675,0.466775,0.23255
pthreads,400000,4,0,0.009335812999779591,0.3022375,0.4657675,0.231995
pthreads,400000,4,1,0.009126861999902758,0.30268,0.464655,0.232665
pthreads,400000,4,2,0.009347904999231105,0.302835,0.4641075,0.2330575
pthreads,400000,4,3,0.008889942000678275,0.30173,0.46497,0.2333
pthreads,400000,4,4,0.009122398001636611,0.30244,0.4648775,0.2326825
pthreads,400000,4,5,0.00996515100086981,0.3011925,0.4664325,0.232375
pthreads,400000,5,0,0.009313734000897966,0.30164,0.465975,0.232385
pthreads,400000,5,1,0.009100952998778666,0.3025275,0.46545,0.2320225
pthreads,400000,5,2,0.009259107999241678,0.30288,0.4639025,0.2332175
pthreads,400000,5,3,0.0093980300007388,0.30135,0.465395,0.233255
pthreads,400000,5,4,0.009242944999641622,0.302595,0.46484,0.232565
pthreads,400000,5,5,0.010322234000341268,0.3010875,0.466,0.2329125
pthreads,400000,6,0,0.00987417199939955,0.3016375,0.46552,0.2328425
pthreads,400000,6,1,0.00903690499944787,0.3022175,0.46517,0.2326125
pthreads,400000,6,2,0.00885260399991239,0.3024875,0.46405,0.2334625
pthreads,400000,6,3,0.00884336200033431,0.300865,0.46539,0.233745
pthreads,400000,6,4,0.008804698998574167,0.302815,0.464705,0.23248
pthreads,400000,6,5,0.011653763000140316,0.301455,0.46623,0.232315
pthreads,400000,7,0,0.011229847999857157,0.3013875,0.4659475,0.232665
pthreads,400000,7,1,0.01135134600008314,0.30139,0.4657975,0.2328125
pthreads,400000,7,2,0.011213212999791722,0.301735,0.46447,0.233795
pthreads,400000,7,3,0.01122685799964529,0.301535,0.465285,0.23318
pthreads,400000,7,4,0.011407321000660886,0.302625,0.4647525,0.2326225
pthreads,400000,7,5,0.011399322998840944,0.30157,0.46599,0.23244
pthreads,400000,8,0,0.011720663998858072,0.30169,0.4653675,0.2329425
pthreads,400000,8,1,0.011517098000695114,0.301725,0.46569,0.232585
pthreads,400000,8,2,0.011107644000730943,0.30136,0.464915,0.233725
pthreads,400000,8,3,0.012556330999359488,0.3014225,0.4657975,0.23278
pthreads,400000,8,4,0.011876165999638033,0.302785,0.4645825,0.2326325
pthreads,400000,8,5,0.011566715000299155,0.30216,0.4657525,0.2320875
pthreads,800000,1,0,0.050018003001241595,0.302055,0.465475,0.23247
pthreads,800000,1,1,0.05022661099974357,0.302545,0.46566625,0.23178875
pthreads,800000,1,2,0.050373731000945554,0.30242,0.46414875,0.23343125
pthreads,800000,1,3,0.04943280100087577,0.30171625,0.46583,0.23245375
pthreads,800000,1,4,0.04972064300091006,0.3007925,0.4657075,0.2335
pthreads,800000,1,5,0.04942119299994374,0.30113125,0.4656725,0.23319625
pthreads,800000,2,0,0.02650250400074583,0.3017525,0.46473625,0.23351125
pthreads,800000,2,1,0.027234270000917604,0.3020425,0.46550875,0.23244875
pthreads,800000,2,2,0.027065088999734144,0.30287375,0.4650325,0.23209375
pthreads,800000,2,3,0.026979859001585282,0.30110625,0.46563125,0.2332625
pthreads,800000,2,4,0.026687102999858325,0.30203625,0.4650525,0.23291125
pthreads,800000,2,5,0.026325036998969154,0.30111375,0.46607375,0.2328125
pthreads,800000,3,0,0.02028332600093563,0.30212125,0.46486,0.23301875
pthreads,800000,3,1,0.02081693199943402,0.30196375,0.46562,0.23241625
pthreads,800000,3,2,0.02072349700029008,0.3028475,0.465475,0.2316775
pthreads,800000,3,3,0.02010989799964591,0.30079125,0.46615125,0.2330575
pthreads,800000,3,4,0.02008304099945235,0.30201,0.464815,0.233175
pthreads,800000,3,5,0.020137719000558718,0.30149,0.4659625,0.2325475
pthreads,800000,4,0,0.017756133998773294,0.302065,0.464925,0.23301
pthreads,800000,4,1,0.017932069999005762,0.30246125,0.46496625,0.2325725
pthreads,800000,4,2,0.017221591000634362,0.30230375,0.46512875,0.2325675
pthreads,800000,4,3,0.017567231001521577,0.3011375,0.46588,0.2329825
pthreads,800000,4,4,0.017953703998500714,0.30209,0.46475875,0.23315125
pthreads,800000,4,5,0.017395529001078103,0.3015825,0.46600375,0.23241375
pthreads,800000,5,0,0.017124562000390142,0.30192625,0.46529875,0.232775
pthreads,800000,5,1,0.0168196850008826,0.3025075,0.46495125,0.23254125
pthreads,800000,5,2,0.016842265000377665,0.30185875,0.46536125,0.23278
pthreads,800000,5,3,0.016934088998823427,0.30112625,0.465935,0.23293875
pthreads,800000,5,4,0.017162339001515647,0.3017975,0.465275,0.2329275
pthreads,800000,5,5,0.017029035998348263,0.301505,0.46589125,0.23260375
pthreads,800000,6,0,0.018727950999164023,0.302025,0.46528625,0.23268875
pthreads,800000,6,1,0.015580339000734966,0.302235,0.46512,0.232645
pthreads,800000,6,2,0.017275750000408152,0.30225625,0.4648625,0.23288125
pthreads,800000,6,3,0.016583204000198748,0.3011625,0.46549375,0.23334375
pthreads,800000,6,4,0.01648492999993323,0.30229,0.46487875,0.23283125
pthreads,800000,6,5,0.016118724999614642,0.30139625,0.4660075,0.23259625
pthreads,800000,7,0,0.02151635200061719,0.3020125,0.465265,0.2327225
pthreads,800000,7,1,0.016318953999871155,0.30198125,0.4651875,0.23283125
pthreads,800000,7,2,0.02506945999994059,0.30212125,0.46477,0.23310875
pthreads,800000,7,3,0.023569062001115526,0.301245,0.465615,0.23314
pthreads,800000,7,4,0.02361582200137491,0.30223125,0.46531875,0.23245
pthreads,800000,7,5,0.022261968999373494,0.30171375,0.46586375,0.2324225
pthreads,800000,8,0,0.02148756699898513,0.302255,0.46506375,0.23268125
pthreads,800000,8,1,0.02135255800021696,0.30233375,0.46522,0.23244625
pthreads,800000,8,2,0.021381913000368513,0.3022475,0.4643875,0.233365
pthreads,800000,8,3,0.02375375500014343,0.30155,0.46574625,0.23270375
pthreads,800000,8,4,0.021678172000974882,0.3024625,0.465325,0.2322125
pthreads,800000,8,5,0.0212247830004344,0.3020475,0.46548,0.2324725
pthreads,1600000,1,0,0.09746249499949045,0.30205188,0.46525688,0.23269125
pthreads,1600000,1,1,0.09742700500100909,0.30189625,0.46593375,0.23217
pthreads,1600000,1,2,0.09735743000055663,0.30236438,0.46446437,0.23317125
pthreads,1600000,1,3,0.09812584199971752,0.3022875,0.465425,0.2322875
pthreads,1600000,1,4,0.09791039799893042,0.30135375,0.46535312,0.23329312
pthreads,1600000,1,5,0.0973589040004299,0.30166,0.46555812,0.23278187
pthreads,1600000,2,0,0.05185434899976826,0.30167813,0.46523687,0.233085
pthreads,1600000,2,1,0.052486962000330095,0.302225,0.46568688,0.23208813
pthreads,1600000,2,2,0.05212697899878549,0.30278187,0.46460937,0.23260875
pthreads,1600000,2,3,0.05226261700045143,0.30129375,0.46546562,0.23324063
pthreads,1600000,2,4,0.05209844900127791,0.30182188,0.46495,0.23322813
pthreads,1600000,2,5,0.05251512399991043,0.30148687,0.4655775,0.23293563
pthreads,1600000,3,0,0.038818851000542054,0.30204063,0.46499187,0.2329675
pthreads,1600000,3,1,0.038670263998938026,0.30266,0.46543937,0.23190062
pthreads,1600000,3,2,0.03839086900006805,0.30268187,0.46483687,0.23248125
pthreads,1600000,3,3,0.03837925500010897,0.30145,0.46554438,0.23300562
pthreads,1600000,3,4,0.039269380999030545,0.30130187,0.46535312,0.233345
pthreads,1600000,3,5,0.03859766500136175,0.30147438,0.46567375,0.23285188
pthreads,1600000,4,0,0.03323804100000416,0.30212438,0.46486312,0.2330125
pthreads,1600000,4,1,0.03384598699994967,0.30257937,0.46536187,0.23205875
pthreads,1600000,4,2,0.03408351899997797,0.30265938,0.46471313,0.2326275
pthreads,1600000,4,3,0.03375821400004497,0.30167312,0.46577125,0.23255562
pthreads,1600000,4,4,0.03380949099846475,0.30190312,0.4648225,0.23327438
pthreads,1600000,4,5,0.03331531100047869,0.30173062,0.46563625,0.23263312
pthreads,1600000,5,0,0.03233539699976973,0.30166562,0.46531625,0.23301812
pthreads,1600000,5,1,0.032237994999377406,0.30227562,0.46556687,0.2321575
pthreads,1600000,5,2,0.0331756960003986,0.30238312,0.46486125,0.23275562
pthreads,1600000,5,3,0.03202081200106477,0.30148938,0.46601562,0.232495
pthreads,1600000,5,4,0.03156586399927619,0.30162187,0.4650925,0.23328562
pthreads,1600000,5,5,0.03225837500031048,0.30144938,0.46571187,0.23283875
pthreads,1600000,6,0,0.030625582001448493,0.30146812,0.46527875,0.23325313
pthreads,1600000,6,1,0.03104124999845226,0.30184937,0.46572313,0.2324275
pthreads,1600000,6,2,0.0308004290000099,0.30242812,0.46513187,0.23244
pthreads,1600000,6,3,0.030958030998590402,0.30121,0.46594687,0.23284313
pthreads,1600000,6,4,0.03069545099970128,0.30195125,0.46483062,0.23321812
pthreads,1600000,6,5,0.030629786000645254,0.30154938,0.46556938,0.23288125
pthreads,1600000,7,0,0.03776247099995089,0.301285,0.46559,0.233125
pthreads,1600000,7,1,0.04377764200035017,0.3018125,0.46579375,0.23239375
pthreads,1600000,7,2,0.045237962000101106,0.30190187,0.46518813,0.23291
pthreads,1600000,7,3,0.04327980400012166,0.30142562,0.46574312,0.23283125
pthreads,1600000,7,4,0.041722150999703445,0.30206625,0.46514187,0.23279188
pthreads,1600000,7,5,0.04153522299930046,0.301805,0.46549,0.232705
pthreads,1600000,8,0,0.04057589399963035,0.30162625,0.4651725,0.23320125
pthreads,1600000,8,1,0.04073616000096081,0.30209875,0.46540437,0.23249687
pthreads,1600000,8,2,0.040592012999695726,0.3017875,0.46529063,0.23292188
pthreads,1600000,8,3,0.040489464001439046,0.30108812,0.46609,0.23282188
pthreads,1600000,8,4,0.04025228899990907,0.3020775,0.46524688,0.23267562
pthreads,1600000,8,5,0.042356670999652124,0.3018475,0.4655,0.2326525
pthreads,3200000,1,0,0.19286323899905256,0.30188219,0.46519625,0.23292156
pthreads,3200000,1,1,0.1929719899999327,0.30166562,0.46626469,0.23206969
pthreads,3200000,1,2,0.1933465680012887,0.30199531,0.46506938,0.23293531
pthreads,3200000,1,3,0.1930803390005167,0.3015975,0.46569531,0.23270719
pthreads,3200000,1,4,0.19359142299981613,0.30161594,0.46577344,0.23261062
pthreads,3200000,1,5,0.19458123100048397,0.30189813,0.46541594,0.23268594
pthreads,3200000,2,0,0.1033234820006328,0.30186687,0.46536281,0.23277031
pthreads,3200000,2,1,0.10441804299989599,0.301885,0.4656825,0.2324325
pthreads,3200000,2,2,0.10282276799989631,0.30217656,0.464855,0.23296844
pthreads,3200000,2,3,0.10307266099880508,0.30184281,0.46548187,0.23267531
pthreads,3200000,2,4,0.10292151199973887,0.30189156,0.46516344,0.232945
pthreads,3200000,2,5,0.10772313400048006,0.30184531,0.4651725,0.23298219
pthreads,3200000,3,0,0.07704811099938524,0.30185375,0.46513344,0.23301281
pthreads,3200000,3,1,0.07605747799971141,0.30228719,0.46557688,0.23213594
pthreads,3200000,3,2,0.07648044400048093,0.30227094,0.46501625,0.23271281
pthreads,3200000,3,3,0.07640496299973165,0.30160281,0.465445,0.23295219
pthreads,3200000,3,4,0.07726571800048987,0.30166312,0.46535938,0.2329775
pthreads,3200000,3,5,0.07662262299891154,0.30160938,0.46558906,0.23280156
pthreads,3200000,4,0,0.06651913699897705,0.30193437,0.46497781,0.23308781
pthreads,3200000,4,1,0.06546743400031119,0.3025325,0.46551219,0.23195531
pthreads,3200000,4,2,0.06655753499944694,0.30245625,0.464705,0.23283875
pthreads,3200000,4,3,0.06622530299864593,0.30160687,0.46547969,0.23291344
pthreads,3200000,4,4,0.06671794000067166,0.30174781,0.46517625,0.23307594
pthreads,3200000,4,5,0.06632016799994744,0.30190594,0.46547469,0.23261937
pthreads,3200000,5,0,0.062468988999171415,0.3017275,0.46518375,0.23308875
pthreads,3200000,5,1,0.06269538000015018,0.30244625,0.46537656,0.23217719
pthreads,3200000,5,2,0.06268519399964134,0.30218406,0.46498531,0.23283063
pthreads,3200000,5,3,0.06405743300092581,0.30167688,0.46568906,0.23263406
pthreads,3200000,5,4,0.06204610099848651,0.30159438,0.46528656,0.23311906
pthreads,3200000,5,5,0.06458373700115771,0.30190406,0.46522281,0.23287312
pthreads,3200000,6,0,0.06124375000035798,0.30176969,0.46529312,0.23293719
pthreads,3200000,6,1,0.059827171000506496,0.30244875,0.46557656,0.23197469
pthreads,3200000,6,2,0.05985810000129277,0.30221031,0.4650375,0.23275219
pthreads,3200000,6,3,0.06011789300100645,0.30174906,0.46557406,0.23267688
pthreads,3200000,6,4,0.059911721999014844,0.30155531,0.46513781,0.23330687
pthreads,3200000,6,5,0.059527752000576584,0.30167406,0.46522969,0.23309625
pthreads,3200000,7,0,0.08227060899844219,0.30165656,0.46543937,0.23290406
pthreads,3200000,7,1,0.08293904600031965,0.30213375,0.46579906,0.23206719
pthreads,3200000,7,2,0.07912230799956887,0.30212344,0.46509187,0.23278469
pthreads,3200000,7,3,0.08259873999850242,0.30166281,0.46567969,0.2326575
pthreads,3200000,7,4,0.08645539800090773,0.3016575,0.46517031,0.23317219
pthreads,3200000,7,5,0.0860357590008789,0.30184563,0.46517562,0.23297875
pthreads,3200000,8,0,0.08014512299996568,0.30171188,0.46526219,0.23302594
pthreads,3200000,8,1,0.08478603200092039,0.30226125,0.46564187,0.23209688
pthreads,3200000,8,2,0.059277612999721896,0.30207375,0.46517562,0.23275062
pthreads,3200000,8,3,0.08753646900004242,0.3015525,0.46589156,0.23255594
pthreads,3200000,8,4,0.08446595300119952,0.30178281,0.46532594,0.23289125
pthreads,3200000,8,5,0.06467186599911656,0.30185563,0.46527438,0.23287
pthreads,6400000,1,0,0.3856117670002277,0.30172766,0.46577844,0.23249391
pthreads,6400000,1,1,0.3849413159987307,0.30174797,0.46584969,0.23240234
pthreads,6400000,1,2,0.38416240100013965,0.30191937,0.46516547,0.23291516
pthreads,6400000,1,3,0.38491510299900256,0.30190203,0.46536344,0.23273453
pthreads,6400000,1,4,0.38505888800136745,0.30157937,0.46584844,0.23257219
pthreads,6400000,1,5,0.38410211200061894,0.30174156,0.46565812,0.23260031
pthreads,6400000,2,0,0.20659746999990602,0.30194906,0.46505812,0.23299281
pthreads,6400000,2,1,0.2047395499994309,0.30175297,0.46582766,0.23241938
pthreads,6400000,2,2,0.2044681160004984,0.30201187,0.46527391,0.23271422
pthreads,6400000,2,3,0.20538252200094576,0.30164031,0.46543969,0.23292
pthreads,6400000,2,4,0.21016620800037344,0.30185109,0.46551063,0.23263828
pthreads,6400000,2,5,0.20466868499897828,0.3019125,0.46528156,0.23280594
pthreads,6400000,3,0,0.15120560099967406,0.30193938,0.46535578,0.23270484
pthreads,6400000,3,1,0.15067047699994873,0.30189922,0.465615,0.23248578
pthreads,6400000,3,2,0.15226999600054114,0.3021175,0.46504703,0.23283547
pthreads,6400000,3,3,0.15053208300014376,0.30174937,0.46557047,0.23268016
pthreads,6400000,3,4,0.1506702860006044,0.3018725,0.46534828,0.23277922
pthreads,6400000,3,5,0.1502908739985287,0.30179375,0.46535859,0.23284766
pthreads,6400000,4,0,0.13115105599899834,0.30198234,0.46509875,0.23291891
pthreads,6400000,4,1,0.13075223000123515,0.30182656,0.46563891,0.23253453
pthreads,6400000,4,2,0.12995258299997658,0.30215703,0.46489766,0.23294531
pthreads,6400000,4,3,0.1310758640011045,0.30183078,0.46535609,0.23281313
pthreads,6400000,4,4,0.1298877879999054,0.30181469,0.46535813,0.23282719
pthreads,6400000,4,5,0.13043045899939898,0.30182656,0.46552016,0.23265328
pthreads,6400000,5,0,0.12346866799998679,0.30174953,0.46529984,0.23295062
pthreads,6400000,5,1,0.12370614999963436,0.30193359,0.46562234,0.23244406
pthreads,6400000,5,2,0.12387018000117678,0.30194391,0.46523422,0.23282188
pthreads,6400000,5,3,0.1229671689998213,0.30174141,0.46561562,0.23264297
pthreads,6400000,5,4,0.12466444399979082,0.30175969,0.46549641,0.23274391
pthreads,6400000,5,5,0.12470611199933046,0.30203687,0.46517031,0.23279281
pthreads,6400000,6,0,0.116734319999523,0.30182109,0.46515297,0.23302594
pthreads,6400000,6,1,0.1188120409988187,0.30208281,0.46575156,0.23216562
pthreads,6400000,6,2,0.11834625499977847,0.30211,0.46520391,0.23268609
pthreads,6400000,6,3,0.11691212999903655,0.30166359,0.46567313,0.23266328
pthreads,6400000,6,4,0.11926772799961327,0.30181703,0.46522297,0.23296
pthreads,6400000,6,5,0.11618378300045151,0.30197188,0.46525047,0.23277766
pthreads,6400000,7,0,0.14147851600137074,0.30167187,0.46537625,0.23295188
pthreads,6400000,7,1,0.16266322899900842,0.3021,0.46587219,0.23202781
pthreads,6400000,7,2,0.163355861999662,0.30200578,0.46529672,0.2326975
pthreads,6400000,7,3,0.15059939599996142,0.30163672,0.46565266,0.23271063
pthreads,6400000,7,4,0.16520357099943794,0.30186969,0.46528422,0.23284609
pthreads,6400000,7,5,0.18065746200045396,0.3019225,0.46527516,0.23280234
pthreads,6400000,8,0,0.12402191899855097,0.30173984,0.46519516,0.233065
pthreads,6400000,8,1,0.178294380000807,0.30203203,0.46580047,0.2321675
pthreads,6400000,8,2,0.16201738900053897,0.30195484,0.46538844,0.23265672
pthreads,6400000,8,3,0.15937678599948413,0.30168062,0.46567656,0.23264281
pthreads,6400000,8,4,0.16452823299914598,0.30179094,0.46529016,0.23291891
pthreads,6400000,8,5,0.15770721500121,0.30194234,0.46524844,0.23280922
pthreads,12800000,1,0,0.7827801929997804,0.301795,0.46563547,0.23256953
pthreads,12800000,1,1,0.7703913269997429,0.30172148,0.46575703,0.23252148
pthreads,12800000,1,2,0.7683892080003716,0.30182641,0.46551406,0.23265953
pthreads,12800000,1,3,0.7676551759996073,0.30182195,0.46551336,0.23266469
pthreads,12800000,1,4,0.7675062420003087,0.30162875,0.46573578,0.23263547
pthreads,12800000,1,5,0.7675514700003987,0.30169859,0.4656532,0.2326482
pthreads,12800000,2,0,0.41161780999937037,0.30178828,0.46550789,0.23270383
pthreads,12800000,2,1,0.4081562749997829,0.30178828,0.46579539,0.23241633
pthreads,12800000,2,2,0.40869243999986793,0.30186641,0.46543758,0.23269602
pthreads,12800000,2,3,0.41119950099891867,0.30185297,0.46532969,0.23281734
pthreads,12800000,2,4,0.409278606000953,0.30177742,0.46556242,0.23266016
pthreads,12800000,2,5,0.40833929399923363,0.30184453,0.46543812,0.23271734
pthreads,12800000,3,0,0.29959519200019713,0.30191203,0.46531273,0.23277523
pthreads,12800000,3,1,0.29939335100061726,0.30186969,0.4657068,0.23242352
pthreads,12800000,3,2,0.29984152900033223,0.30188172,0.46550648,0.2326118
pthreads,12800000,3,3,0.3006756939994375,0.30178187,0.46546781,0.23275031
pthreads,12800000,3,4,0.3005614939993393,0.30180289,0.46553273,0.23266438
pthreads,12800000,3,5,0.3009097859994654,0.30175906,0.4654918,0.23274914
pthreads,12800000,4,0,0.2578509049999411,0.30191102,0.46513641,0.23295258
pthreads,12800000,4,1,0.2603598679997958,0.30178539,0.46574023,0.23247438
pthreads,12800000,4,2,0.2586185309992288,0.301935,0.46531766,0.23274734
pthreads,12800000,4,3,0.2583382939992589,0.30171008,0.4654957,0.23279422
pthreads,12800000,4,4,0.2807250629994087,0.3018968,0.46538594,0.23271727
pthreads,12800000,4,5,0.27599516000009316,0.30185508,0.46549281,0.23265211
pthreads,12800000,5,0,0.2704206119997252,0.30184883,0.46537477,0.23277641
pthreads,12800000,5,1,0.2454676590004965,0.30193273,0.46551172,0.23255555
pthreads,12800000,5,2,0.24773807900055544,0.30186242,0.46543516,0.23270242
pthreads,12800000,5,3,0.24836809700173035,0.30176703,0.46560789,0.23262508
pthreads,12800000,5,4,0.24614996300078928,0.30181484,0.46548187,0.23270328
pthreads,12800000,5,5,0.24919494499954453,0.30175773,0.46537828,0.23286398
pthreads,12800000,6,0,0.24180942599923583,0.30191336,0.46533172,0.23275492
pthreads,12800000,6,1,0.2568750099999306,0.30181586,0.46558641,0.23259773
pthreads,12800000,6,2,0.24521336600082577,0.30188555,0.46541703,0.23269742
pthreads,12800000,6,3,0.23572743300064758,0.3017893,0.46558031,0.23263039
pthreads,12800000,6,4,0.23544402799961972,0.30195125,0.46533391,0.23271484
pthreads,12800000,6,5,0.23528047800027707,0.30183047,0.46531555,0.23285398
pthreads,12800000,7,0,0.3294034099999408,0.30186266,0.46537422,0.23276312
pthreads,12800000,7,1,0.3063663080010883,0.30169578,0.46576828,0.23253594
pthreads,12800000,7,2,0.36934722700061684,0.30187102,0.46540523,0.23272375
pthreads,12800000,7,3,0.27712848899864184,0.30174258,0.46560758,0.23264984
pthreads,12800000,7,4,0.29864283700044325,0.30187898,0.46542258,0.23269844
pthreads,12800000,7,5,0.3313934429988876,0.30180711,0.46535484,0.23283805
pthreads,12800000,8,0,0.3002788989997498,0.30180812,0.46534219,0.23284969
pthreads,12800000,8,1,0.30126454399942304,0.30173148,0.46572016,0.23254836
pthreads,12800000,8,2,0.32533555400004843,0.30190125,0.46536617,0.23273258
pthreads,12800000,8,3,0.3237582330002624,0.30175547,0.46559539,0.23264914
pthreads,12800000,8,4,0.35741600899928017,0.30182508,0.4654843,0.23269063
pthreads,12800000,8,5,0.3176413000001048,0.30187352,0.4653218,0.23280469
mpi,100000,1,0,0.32029226799932076,0.3023,0.46462,0.23308
mpi,100000,1,1,0.31984643599935225,0.3038,0.46482,0.23138
mpi,100000,1,2,0.31987317300081486,0.30377,0.46422,0.23201
mpi,100000,1,3,0.3200344130000303,0.30223,0.4637,0.23407
mpi,100000,1,4,0.3156512929999735,0.30201,0.46557,0.23242
mpi,100000,1,5,0.3203248310001072,0.29851,0.46869,0.2328
mpi,100000,2,0,0.32019605200002843,0.29994,0.46401,0.23605
mpi,100000,2,1,0.32016482400103996,0.30271,0.46636,0.23093
mpi,100000,2,2,0.320258694999211,0.30218,0.46465,0.23317
mpi,100000,2,3,0.3193713149994437,0.29996,0.46507,0.23497
mpi,100000,2,4,0.3241846809996787,0.30207,0.46542,0.23251
mpi,100000,2,5,0.3238817520013981,0.30075,0.46608,0.23317
mpi,100000,3,0,0.32468904800043674,0.30136,0.4648,0.23384
mpi,100000,3,1,0.3269168240003637,0.303,0.46566,0.23134
mpi,100000,3,2,0.3245775999985199,0.30087,0.46724,0.23189
mpi,100000,3,3,0.32392576600068423,0.30004,0.4661,0.23386
mpi,100000,3,4,0.3238787919999595,0.30272,0.4644,0.23288
mpi,100000,3,5,0.31923167999957514,0.30392,0.46443,0.23165
mpi,100000,4,0,0.324072243000046,0.30289,0.46354,0.23357
mpi,100000,4,1,0.3239510840012372,0.30258,0.4677,0.22972
mpi,100000,4,2,0.3240150649999123,0.30113,0.46622,0.23265
mpi,100000,4,3,0.3232765840002685,0.30244,0.46549,0.23207
mpi,100000,4,4,0.32395964299939806,0.30249,0.46364,0.23387
mpi,100000,4,5,0.3322634809992451,0.30323,0.46403,0.23274
mpi,100000,5,0,0.3287200180002401,0.30333,0.46459,0.23208
mpi,100000,5,1,0.3319072619997314,0.30333,0.46563,0.23104
mpi,100000,5,2,0.3315553970005567,0.30083,0.46543,0.23374
mpi,100000,5,3,0.33243379700070363,0.30204,0.46598,0.23198
mpi,100000,5,4,0.3318417310001678,0.30314,0.46332,0.23354
mpi,100000,5,5,0.3292073180000443,0.30353,0.46393,0.23254
mpi,100000,6,0,0.3478602619998128,0.30332,0.46578,0.2309
mpi,100000,6,1,0.3340346410004713,0.3042,0.46478,0.23102
mpi,100000,6,2,0.3342989630000375,0.30183,0.46607,0.2321
mpi,100000,6,3,0.33270377300141263,0.30218,0.46617,0.23165
mpi,100000,6,4,0.3353636199990433,0.30242,0.46355,0.23403
mpi,100000,6,5,0.3361636260015075,0.30342,0.4638,0.23278
mpi,100000,7,0,0.3405909779994545,0.30165,0.46678,0.23157
mpi,100000,7,1,0.33694234600079653,0.3027,0.46488,0.23242
mpi,100000,7,2,0.3400970510010666,0.30065,0.46616,0.23319
mpi,100000,7,3,0.3395774300006451,0.30185,0.4655,0.23265
mpi,100000,7,4,0.33890425699974003,0.30189,0.46402,0.23409
mpi,100000,7,5,0.3408954350015847,0.30354,0.46406,0.2324
mpi,100000,8,0,0.34412508200148295,0.30138,0.46714,0.23148
mpi,100000,8,1,0.33901340999909735,0.30355,0.46354,0.23291
mpi,100000,8,2,0.34062398400055827,0.30056,0.46625,0.23319
mpi,100000,8,3,0.34478386899900215,0.30265,0.46475,0.2326
mpi,100000,8,4,0.34297079800126085,0.3025,0.46334,0.23416
mpi,100000,8,5,0.33944779800003744,0.30382,0.46401,0.23217
mpi,200000,1,0,0.324110612998993,0.301555,0.46547,0.232975
mpi,200000,1,1,0.3238418870005262,0.302645,0.46438,0.232975
mpi,200000,1,2,0.32383556200147723,0.302755,0.46481,0.232435
mpi,200000,1,3,0.323965646999568,0.301055,0.46473,0.234215
mpi,200000,1,4,0.33218003299953125,0.30147,0.465715,0.232815
mpi,200000,1,5,0.3278946110003744,0.300405,0.46723,0.232365
mpi,200000,2,0,0.32375240699911956,0.30171,0.464145,0.234145
mpi,200000,2,1,0.32393625500117196,0.303385,0.464765,0.23185
mpi,200000,2,2,0.32026651699925424,0.30341,0.464465,0.232125
mpi,200000,2,3,0.32363017900024715,0.30081,0.46566,0.23353
mpi,200000,2,4,0.32373128200015344,0.301935,0.46438,0.233685
mpi,200000,2,5,0.32743434499934665,0.300545,0.466355,0.2331
mpi,200000,3,0,0.32381767299921194,0.30117,0.464275,0.234555
mpi,200000,3,1,0.323845123000865,0.301375,0.466075,0.23255
mpi,200000,3,2,0.3240807349993702,0.302235,0.464545,0.23322
mpi,200000,3,3,0.32372962399858807,0.300165,0.465975,0.23386
mpi,200000,3,4,0.3240016159998049,0.30198,0.46547,0.23255
mpi,200000,3,5,0.3236176609989343,0.301715,0.465595,0.23269
mpi,200000,4,0,0.3239698879988282,0.3001,0.46562,0.23428
mpi,200000,4,1,0.327332856000794,0.301895,0.465925,0.23218
mpi,200000,4,2,0.3235760020015732,0.301905,0.4647,0.233395
mpi,200000,4,3,0.3237773639993975,0.301465,0.465385,0.23315
mpi,200000,4,4,0.324901650999891,0.301595,0.46572,0.232685
mpi,200000,4,5,0.32752547900054196,0.302215,0.46607,0.231715
mpi,200000,5,0,0.3322984219994396,0.3012,0.46551,0.23329
mpi,200000,5,1,0.33104484800060163,0.30222,0.46575,0.23203
mpi,200000,5,2,0.3281843849999859,0.301505,0.46614,0.232355
mpi,200000,5,3,0.3330484650014114,0.302325,0.464835,0.23284
mpi,200000,5,4,0.3347659629998816,0.30243,0.464115,0.233455
mpi,200000,5,5,0.3286639620000642,0.30291,0.46562,0.23147
mpi,200000,6,0,0.3367256500005169,0.301215,0.466475,0.23231
mpi,200000,6,1,0.3389566500009096,0.303065,0.464575,0.23236
mpi,200000,6,2,0.3351238720006222,0.30235,0.46619,0.23146
mpi,200000,6,3,0.33755612499953713,0.30286,0.46467,0.23247
mpi,200000,6,4,0.33386380200136045,0.302145,0.46371,0.234145
mpi,200000,6,5,0.3359829979999631,0.303595,0.46501,0.231395
mpi,200000,7,0,0.345018299000003,0.301785,0.46623,0.231985
mpi,200000,7,1,0.34221785199952137,0.303615,0.465265,0.23112
mpi,200000,7,2,0.3394768429989199,0.301475,0.465995,0.23253
mpi,200000,7,3,0.34025325199945655,0.30245,0.46433,0.23322
mpi,200000,7,4,0.3358518160002859,0.30195,0.46375,0.2343
mpi,200000,7,5,0.33580583299954014,0.30253,0.465415,0.232055
mpi,200000,8,0,0.34443973599991295,0.30127,0.466585,0.232145
mpi,200000,8,1,0.34314425100092194,0.30317,0.46549,0.23134
mpi,200000,8,2,0.3487147529995127,0.3011,0.465705,0.233195
mpi,200000,8,3,0.3441721430008329,0.30258,0.464885,0.232535
mpi,200000,8,4,0.34284753000065393,0.30199,0.463485,0.234525
mpi,200000,8,5,0.3451595599999564,0.302965,0.464595,0.23244
mpi,400000,1,0,0.3361808560002828,0.3021475,0.4652225,0.23263
mpi,400000,1,1,0.33596211000076437,0.302245,0.4652525,0.2325025
mpi,400000,1,2,0.3357771179998963,0.30214,0.4648625,0.2329975
mpi,400000,1,3,0.3358796849988721,0.30183,0.46524,0.23293
mpi,400000,1,4,0.3360058050002408,0.3009575,0.465745,0.2332975
mpi,400000,1,5,0.33982599999944796,0.30021,0.466435,0.233355
mpi,400000,2,0,0.3279457629996614,0.3014825,0.4644775,0.23404
mpi,400000,2,1,0.3280637919997389,0.3029625,0.464485,0.2325525
mpi,400000,2,2,0.3320911080008955,0.3023275,0.46509,0.2325825
mpi,400000,2,3,0.33147835599993414,0.300985,0.465955,0.23306
mpi,400000,2,4,0.3321381010009645,0.3012575,0.4649375,0.233805
mpi,400000,2,5,0.3318571290001273,0.3014025,0.465655,0.2329425
mpi,400000,3,0,0.3268419609994453,0.3017575,0.4647,0.2335425
mpi,400000,3,1,0.32674241499989876,0.3020875,0.4653075,0.232605
mpi,400000,3,2,0.3252117090014508,0.3027275,0.46448,0.2327925
mpi,400000,3,3,0.330686262999734,0.3007675,0.4660825,0.23315
mpi,400000,3,4,0.3361444500005746,0.302,0.46539,0.23261
mpi,400000,3,5,0.3294268040008319,0.30173,0.4657025,0.2325675
mpi,400000,4,0,0.33172297199962486,0.30152,0.464865,0.233615
mpi,400000,4,1,0.3275100009996095,0.3020775,0.4652575,0.232665
mpi,400000,4,2,0.33279605800089485,0.3026575,0.46423,0.2331125
mpi,400000,4,3,0.3309228409998468,0.301225,0.4660925,0.2326825
mpi,400000,4,4,0.3320667179996235,0.302085,0.4649725,0.2329425
mpi,400000,4,5,0.3273579159995279,0.3018325,0.465525,0.2326425
mpi,400000,5,0,0.33297994500026107,0.3011075,0.4658475,0.233045
mpi,400000,5,1,0.3313709120011481,0.3021475,0.4652475,0.232605
mpi,400000,5,2,0.33567275300083566,0.3025475,0.4648075,0.232645
mpi,400000,5,3,0.34099787999912223,0.30087,0.4663125,0.2328175
mpi,400000,5,4,0.33203900500120653,0.3023675,0.46471,0.2329225
mpi,400000,5,5,0.3357087309996132,0.3017775,0.465725,0.2324975
mpi,400000,6,0,0.3405372830002307,0.3012675,0.4658175,0.232915
mpi,400000,6,1,0.3379878400010057,0.3021825,0.4649425,0.232875
mpi,400000,6,2,0.3399417620003078,0.3024375,0.465175,0.2323875
mpi,400000,6,3,0.33982248500069545,0.3014525,0.46571,0.2328375
mpi,400000,6,4,0.33575062500131025,0.3014525,0.46574,0.2328075
mpi,400000,6,5,0.33844554200004495,0.301815,0.4662675,0.2319175
mpi,400000,7,0,0.3403499920004833,0.3007825,0.465905,0.2333125
mpi,400000,7,1,0.3403153859999293,0.30191,0.46525,0.23284
mpi,400000,7,2,0.3393261579985847,0.3018675,0.465285,0.2328475
mpi,400000,7,3,0.3369077710012789,0.3015175,0.46565,0.2328325
mpi,400000,7,4,0.3435735359998944,0.301415,0.46536,0.233225
mpi,400000,7,5,0.3433770999999979,0.301845,0.466895,0.23126
mpi,400000,8,0,0.34776451499965333,0.300255,0.466775,0.23297
mpi,400000,8,1,0.3439611720004905,0.3023425,0.4652125,0.232445
mpi,400000,8,2,0.34754493400032516,0.3016425,0.4656575,0.2327
mpi,400000,8,3,0.34423067700117826,0.3019175,0.46555,0.2325325
mpi,400000,8,4,0.34371884200118075,0.3016225,0.46504,0.2333375
mpi,400000,8,5,0.3433593200006726,0.30168,0.466465,0.231855
mpi,800000,1,0,0.363816205999683,0.302055,0.465475,0.23247
mpi,800000,1,1,0.36010796899972775,0.302545,0.46566625,0.23178875
mpi,800000,1,2,0.3598485210004583,0.30242,0.46414875,0.23343125
mpi,800000,1,3,0.359779967000577,0.30171625,0.46583,0.23245375
mpi,800000,1,4,0.36008485699858284,0.3007925,0.4657075,0.2335
mpi,800000,1,5,0.3597322709993023,0.30113125,0.4656725,0.23319625
mpi,800000,2,0,0.34117417100060266,0.301325,0.465005,0.23367
mpi,800000,2,1,0.3391324849999364,0.30266375,0.46493625,0.2324
mpi,800000,2,2,0.3403876920001494,0.301635,0.46560125,0.23276375
mpi,800000,2,3,0.33948885899917514,0.30125125,0.46568,0.23306875
mpi,800000,2,4,0.34058946699951775,0.30083,0.4653275,0.2338425
mpi,800000,2,5,0.33953974499854667,0.30122875,0.4655,0.23327125
mpi,800000,3,0,0.34041243600040616,0.3015225,0.4655325,0.232945
mpi,800000,3,1,0.3345722769990971,0.302235,0.465295,0.23247
mpi,800000,3,2,0.3363060539995786,0.30214375,0.4649425,0.23291375
mpi,800000,3,3,0.33654365000074904,0.30111,0.466005,0.232885
mpi,800000,3,4,0.3349860529997386,0.302265,0.46491875,0.23281625
mpi,800000,3,5,0.33638256000085676,0.302015,0.4653025,0.2326825
mpi,800000,4,0,0.33431601700067404,0.30128875,0.46521625,0.233495
mpi,800000,4,1,0.33760604999952193,0.302545,0.46487875,0.23257625
mpi,800000,4,2,0.3373516110004857,0.3017025,0.465075,0.2332225
mpi,800000,4,3,0.338109333999455,0.3010675,0.465975,0.2329575
mpi,800000,4,4,0.33515005899971584,0.301725,0.46527875,0.23299625
mpi,800000,4,5,0.3361210740004026,0.30212125,0.46488375,0.232995
mpi,800000,5,0,0.34026722599992354,0.3013725,0.4654275,0.2332
mpi,800000,5,1,0.33930408299966075,0.3025575,0.46489625,0.23254625
mpi,800000,5,2,0.3402784129993961,0.30215875,0.46515875,0.2326825
mpi,800000,5,3,0.33660604499891633,0.30090375,0.4663525,0.23274375
mpi,800000,5,4,0.3396346049994463,0.30222,0.465145,0.232635
mpi,800000,5,5,0.34026858399920457,0.3016575,0.46546,0.2328825
mpi,800000,6,0,0.34721790900039196,0.301785,0.46549625,0.23271875
mpi,800000,6,1,0.33827171600023576,0.30225125,0.46454375,0.233205
mpi,800000,6,2,0.34262434800075425,0.30257625,0.4652025,0.23222125
mpi,800000,6,3,0.3411745499997778,0.3013975,0.466325,0.2322775
mpi,800000,6,4,0.3450769200007926,0.30181625,0.46574625,0.2324375
mpi,800000,6,5,0.3450124920000235,0.3013325,0.46612,0.2325475
mpi,800000,7,0,0.34691227300027094,0.301345,0.466095,0.23256
mpi,800000,7,1,0.3433723990001454,0.30258625,0.46448875,0.232925
mpi,800000,7,2,0.3411640129997977,0.30248625,0.46516875,0.232345
mpi,800000,7,3,0.34398597899962624,0.30135125,0.46628375,0.232365
mpi,800000,7,4,0.3445891789997404,0.30191375,0.46540875,0.2326775
mpi,800000,7,5,0.35200095500113093,0.30071125,0.46671,0.23257875
mpi,800000,8,0,0.3471886440001981,0.30142875,0.46616,0.23241125
mpi,800000,8,1,0.3432721369990759,0.30233375,0.46458625,0.23308
mpi,800000,8,2,0.3491248069985886,0.3018525,0.46552375,0.23262375
mpi,800000,8,3,0.3496306380002352,0.30142625,0.4660425,0.23253125
mpi,800000,8,4,0.35011896600008185,0.3021975,0.46484,0.2329625
mpi,800000,8,5,0.34787224600040645,0.30114,0.46600375,0.23285625
mpi,1600000,1,0,0.40767758499896445,0.30205188,0.46525688,0.23269125
mpi,1600000,1,1,0.40776189300049737,0.30189625,0.46593375,0.23217
mpi,1600000,1,2,0.4083026250009425,0.30236438,0.46446437,0.23317125
mpi,1600000,1,3,0.4076240730009886,0.3022875,0.465425,0.2322875
mpi,1600000,1,4,0.40829321399905893,0.30135375,0.46535312,0.23329312
mpi,1600000,1,5,0.4075337579997722,0.30166,0.46555812,0.23278187
mpi,1600000,2,0,0.3639223789996322,0.30173125,0.46534813,0.23292062
mpi,1600000,2,1,0.3640421099989908,0.30258875,0.46537125,0.23204
mpi,1600000,2,2,0.3637466639993363,0.30193063,0.4651375,0.23293188
mpi,1600000,2,3,0.364065069001299,0.3015125,0.465845,0.2326425
mpi,1600000,2,4,0.36356113700094284,0.30108187,0.46547187,0.23344625
mpi,1600000,2,5,0.3642717399998219,0.30158313,0.46549125,0.23292562
mpi,1600000,3,0,0.35146064999935334,0.30160313,0.46565125,0.23274563
mpi,1600000,3,1,0.35134086000107345,0.3026325,0.46545625,0.23191125
mpi,1600000,3,2,0.3529415409993817,0.30180875,0.46493563,0.23325562
mpi,1600000,3,3,0.3513869259986677,0.3012075,0.46612687,0.23266562
mpi,1600000,3,4,0.3544219239993254,0.301445,0.46567313,0.23288187
mpi,1600000,3,5,0.3495722260013281,0.30173125,0.46533625,0.2329325
mpi,1600000,4,0,0.34700293599962606,0.3012925,0.46566062,0.23304687
mpi,1600000,4,1,0.3483799059995363,0.30246,0.46516937,0.23237062
mpi,1600000,4,2,0.34877009599949815,0.3013375,0.46542875,0.23323375
mpi,1600000,4,3,0.3469505930006562,0.30153625,0.46580938,0.23265437
mpi,1600000,4,4,0.3489060209994932,0.30160938,0.46548125,0.23290938
mpi,1600000,4,5,0.35150096799952735,0.30184,0.4650075,0.2331525
mpi,1600000,5,0,0.34459217800031183,0.30164062,0.46559375,0.23276563
mpi,1600000,5,1,0.34421333399950527,0.30208062,0.46525563,0.23266375
mpi,1600000,5,2,0.3465777960009291,0.3015125,0.46518437,0.23330313
mpi,1600000,5,3,0.3478089510008431,0.30155625,0.4658175,0.23262625
mpi,1600000,5,4,0.34872847000042384,0.30217625,0.46504187,0.23278187
mpi,1600000,5,5,0.3477274249999027,0.30181938,0.46517562,0.233005
mpi,1600000,6,0,0.34813580499940144,0.3018325,0.46562188,0.23254563
mpi,1600000,6,1,0.3520849240012467,0.3020375,0.46515625,0.23280625
mpi,1600000,6,2,0.35251661600159423,0.30176063,0.4654825,0.23275688
mpi,1600000,6,3,0.34719635500005097,0.30174625,0.46607125,0.2321825
mpi,1600000,6,4,0.3515530509994278,0.30199625,0.46507938,0.23292437
mpi,1600000,6,5,0.3487698080007249,0.30160188,0.46553187,0.23286625
mpi,1600000,7,0,0.3522660540002107,0.30162062,0.46584687,0.2325325
mpi,1600000,7,1,0.3532579530001385,0.30211875,0.46523375,0.2326475
mpi,1600000,7,2,0.35016087100120785,0.30175937,0.46553937,0.23270125
mpi,1600000,7,3,0.35355633799917996,0.30146875,0.46616687,0.23236438
mpi,1600000,7,4,0.35513292600080604,0.30211063,0.46493125,0.23295812
mpi,1600000,7,5,0.35084943900073995,0.30147438,0.46564312,0.2328825
mpi,1600000,8,0,0.3569446279998374,0.30167375,0.46595188,0.23237437
mpi,1600000,8,1,0.35568417200011027,0.30226125,0.46512562,0.23261313
mpi,1600000,8,2,0.35084475300027407,0.30151875,0.46579625,0.232685
mpi,1600000,8,3,0.35711636900123267,0.30143562,0.46619187,0.2323725
mpi,1600000,8,4,0.35399958699963463,0.30192,0.46514187,0.23293812
mpi,1600000,8,5,0.3561818240013963,0.30138687,0.46553813,0.233075
mpi,3200000,1,0,0.5042291629997635,0.30188219,0.46519625,0.23292156
mpi,3200000,1,1,0.5036270469990995,0.30166562,0.46626469,0.23206969
mpi,3200000,1,2,0.5079759559994272,0.30199531,0.46506938,0.23293531
mpi,3200000,1,3,0.504059042001245,0.3015975,0.46569531,0.23270719
mpi,3200000,1,4,0.5037583290013572,0.30161594,0.46577344,0.23261062
mpi,3200000,1,5,0.5041362840001966,0.30189813,0.46541594,0.23268594
mpi,3200000,2,0,0.4159040059985273,0.3018875,0.46538281,0.23272969
mpi,3200000,2,1,0.4120428379992518,0.30183031,0.46597531,0.23219438
mpi,3200000,2,2,0.41196236699943256,0.30209656,0.46507,0.23283344
mpi,3200000,2,3,0.4115824729997257,0.30197406,0.46535031,0.23267562
mpi,3200000,2,4,0.41193765600110055,0.30152406,0.46548375,0.23299219
mpi,3200000,2,5,0.4080890620007267,0.30185125,0.46547594,0.23267281
mpi,3200000,3,0,0.38402811200103315,0.30174688,0.46580875,0.23244438
mpi,3200000,3,1,0.3836609190002491,0.30240312,0.46583594,0.23176094
mpi,3200000,3,2,0.38339047900080914,0.30195125,0.46514437,0.23290437
mpi,3200000,3,3,0.383790409001449,0.30184719,0.46554594,0.23260687
mpi,3200000,3,4,0.38488726899959147,0.30163812,0.4656225,0.23273937
mpi,3200000,3,5,0.383602083000369,0.3018475,0.46526469,0.23288781
mpi,3200000,4,0,0.3768705080001382,0.3016175,0.46592031,0.23246219
mpi,3200000,4,1,0.3794106639998063,0.30246563,0.46553719,0.23199719
mpi,3200000,4,2,0.37146319999919797,0.30176531,0.46513656,0.23309812
mpi,3200000,4,3,0.38001729899951897,0.30189656,0.46567531,0.23242813
mpi,3200000,4,4,0.37169399699996575,0.30152937,0.46554031,0.23293031
mpi,3200000,4,5,0.37274398200133874,0.30193031,0.465135,0.23293469
mpi,3200000,5,0,0.374858558001506,0.30163969,0.46589875,0.23246156
mpi,3200000,5,1,0.36486259100092866,0.30230125,0.46554969,0.23214906
mpi,3200000,5,2,0.369045677000031,0.30150906,0.46533625,0.23315469
mpi,3200000,5,3,0.42309453199959535,0.30173062,0.46576156,0.23250781
mpi,3200000,5,4,0.3666790959996433,0.30168062,0.46557125,0.23274813
mpi,3200000,5,5,0.37208139300128096,0.30186656,0.46508688,0.23304656
mpi,3200000,6,0,0.369662048000464,0.30187812,0.46566344,0.23245844
mpi,3200000,6,1,0.37043529900074645,0.3022325,0.46535031,0.23241719
mpi,3200000,6,2,0.3672955900001398,0.30138125,0.46556219,0.23305656
mpi,3200000,6,3,0.3647518800007674,0.30188531,0.46589094,0.23222375
mpi,3200000,6,4,0.3682749679992412,0.30170344,0.46545281,0.23284375
mpi,3200000,6,5,0.36632470099903003,0.30169406,0.46541938,0.23288656
mpi,3200000,7,0,0.36966485000084504,0.30189813,0.46556,0.23254188
mpi,3200000,7,1,0.36802383000031114,0.30220406,0.46535469,0.23244125
mpi,3200000,7,2,0.363159602999076,0.30146625,0.46575219,0.23278156
mpi,3200000,7,3,0.3733012480006437,0.30186438,0.46590781,0.23222781
mpi,3200000,7,4,0.36601785400125664,0.30180375,0.46541688,0.23277938
mpi,3200000,7,5,0.3686417300014,0.30146031,0.46556406,0.23297562
mpi,3200000,8,0,0.37186234799992235,0.30190719,0.46568219,0.23241063
mpi,3200000,8,1,0.3675525609996839,0.30228344,0.46525406,0.2324625
mpi,3200000,8,2,0.36861824600055115,0.30104125,0.46609906,0.23285969
mpi,3200000,8,3,0.3665970530000777,0.30177906,0.46592031,0.23230063
mpi,3200000,8,4,0.3754507739995461,0.30182844,0.46531406,0.2328575
mpi,3200000,8,5,0.36819627200020477,0.30125375,0.46553219,0.23321406
mpi,6400000,1,0,0.6919113700005255,0.30172766,0.46577844,0.23249391
mpi,6400000,1,1,0.6918545749995246,0.30174797,0.46584969,0.23240234
mpi,6400000,1,2,0.6921823909997329,0.30191937,0.46516547,0.23291516
mpi,6400000,1,3,0.6956921470009547,0.30190203,0.46536344,0.23273453
mpi,6400000,1,4,0.6956035349994636,0.30157937,0.46584844,0.23257219
mpi,6400000,1,5,0.6921898290001991,0.30174156,0.46565812,0.23260031
mpi,6400000,2,0,0.5074861660013994,0.30196047,0.46507359,0.23296594
mpi,6400000,2,1,0.5121814280009858,0.30168563,0.46598187,0.2323325
mpi,6400000,2,2,0.5122802580008283,0.30187234,0.46531422,0.23281344
mpi,6400000,2,3,0.5076096409993625,0.30162062,0.46562297,0.23275641
mpi,6400000,2,4,0.5077009060005366,0.30183266,0.46535422,0.23281313
mpi,6400000,2,5,0.5081399239988968,0.30191625,0.46536109,0.23272266
mpi,6400000,3,0,0.4472602879995975,0.30187531,0.46558906,0.23253562
mpi,6400000,3,1,0.45140993000131857,0.30173109,0.46604219,0.23222672
mpi,6400000,3,2,0.44463323399941146,0.30188531,0.46526734,0.23284734
mpi,6400000,3,3,0.44870110000010754,0.30176406,0.46555797,0.23267797
mpi,6400000,3,4,0.4476819030005572,0.30173672,0.46579375,0.23246953
mpi,6400000,3,5,0.44787942500079225,0.30171016,0.46545469,0.23283516
mpi,6400000,4,0,0.4199981459987612,0.30164375,0.46599969,0.23235656
mpi,6400000,4,1,0.42411622700092266,0.30185234,0.46591063,0.23223703
mpi,6400000,4,2,0.41931676900094317,0.30189938,0.46525187,0.23284875
mpi,6400000,4,3,0.4201736520008126,0.30183328,0.46561453,0.23255219
mpi,6400000,4,4,0.420235876001243,0.30167516,0.46556969,0.23275516
mpi,6400000,4,5,0.42125408399988373,0.30187516,0.46539938,0.23272547
mpi,6400000,5,0,0.41306055200038827,0.301595,0.46594062,0.23246438
mpi,6400000,5,1,0.41174978599883616,0.30199016,0.46584359,0.23216625
mpi,6400000,5,2,0.4077871409990621,0.30178641,0.46522594,0.23298766
mpi,6400000,5,3,0.4053587039998092,0.30186969,0.46569344,0.23243687
mpi,6400000,5,4,0.40888679300041986,0.30163344,0.46553,0.23283656
mpi,6400000,5,5,0.40560641400043096,0.30185781,0.46524609,0.23289609
mpi,6400000,6,0,0.4173099119998369,0.30178203,0.46581,0.23240797
mpi,6400000,6,1,0.4028817020007409,0.30214078,0.46562375,0.23223547
mpi,6400000,6,2,0.40310746999966796,0.30164641,0.4653475,0.23300609
mpi,6400000,6,3,0.3957837609996204,0.30193469,0.46570594,0.23235938
mpi,6400000,6,4,0.39803198499976133,0.30171797,0.46531266,0.23296938
mpi,6400000,6,5,0.40005136499894434,0.30176734,0.46535156,0.23288109
mpi,6400000,7,0,0.39999271300075634,0.30175344,0.46578188,0.23246469
mpi,6400000,7,1,0.400498532999336,0.30205984,0.46566687,0.23227328
mpi,6400000,7,2,0.3964674990002095,0.30167906,0.46547563,0.23284531
mpi,6400000,7,3,0.39699271400058933,0.30195734,0.46582187,0.23222078
mpi,6400000,7,4,0.3950750740004878,0.30171891,0.46536547,0.23291562
mpi,6400000,7,5,0.39823136099948897,0.30167516,0.46545016,0.23287469
mpi,6400000,8,0,0.39718841499961854,0.30178172,0.46585312,0.23236516
mpi,6400000,8,1,0.39966503899995587,0.30213594,0.46558719,0.23227687
mpi,6400000,8,2,0.3989333150002494,0.30152406,0.46561266,0.23286328
mpi,6400000,8,3,0.39690255999994406,0.30190109,0.46583391,0.232265
mpi,6400000,8,4,0.38964957499956654,0.30164875,0.46545734,0.23289391
mpi,6400000,8,5,0.3926819099997374,0.30162219,0.46537859,0.23299922
mpi,12800000,1,0,1.0599684080007137,0.301795,0.46563547,0.23256953
mpi,12800000,1,1,1.0557117810003547,0.30172148,0.46575703,0.23252148
mpi,12800000,1,2,1.068021838000277,0.30182641,0.46551406,0.23265953
mpi,12800000,1,3,1.068006036000952,0.30182195,0.46551336,0.23266469
mpi,12800000,1,4,1.07246669900087,0.30162875,0.46573578,0.23263547
mpi,12800000,1,5,1.0799618109995208,0.30169859,0.4656532,0.2326482
mpi,12800000,2,0,0.6962865619989316,0.30178328,0.46551375,0.23270297
mpi,12800000,2,1,0.7036664999995992,0.30178063,0.46560375,0.23261562
mpi,12800000,2,2,0.7031369180003821,0.30180242,0.46542461,0.23277297
mpi,12800000,2,3,0.6964767619992926,0.30178109,0.46548031,0.23273859
mpi,12800000,2,4,0.708261620000485,0.30171047,0.46554656,0.23274297
mpi,12800000,2,5,0.6993638399999327,0.3017768,0.46565984,0.23256336
mpi,12800000,3,0,0.5759323649999715,0.30182211,0.46552594,0.23265195
mpi,12800000,3,1,0.6912224660009088,0.30176477,0.46580266,0.23243258
mpi,12800000,3,2,0.5764667530002043,0.30177289,0.46554398,0.23268312
mpi,12800000,3,3,0.5802671970013762,0.3017082,0.46557711,0.23271469
mpi,12800000,3,4,0.5758371560004889,0.30170914,0.46575266,0.2325382
mpi,12800000,3,5,0.5791883799993229,0.3018032,0.46534273,0.23285406
mpi,12800000,4,0,0.5212951239991526,0.301795,0.46549141,0.23271359
mpi,12800000,4,1,0.5184632760010572,0.301735,0.46590945,0.23235555
mpi,12800000,4,2,0.5169921409997187,0.301805,0.46553008,0.23266492
mpi,12800000,4,3,0.5212480700010929,0.30166797,0.46563539,0.23269664
mpi,12800000,4,4,0.5214714020003157,0.30175742,0.46564227,0.23260031
mpi,12800000,4,5,0.5189397710000776,0.3018693,0.46541406,0.23271664
mpi,12800000,5,0,0.48639836800066405,0.30174367,0.46561641,0.23263992
mpi,12800000,5,1,0.4854244190009922,0.30180398,0.46590406,0.23229195
mpi,12800000,5,2,0.4859817449996626,0.30177437,0.46543406,0.23279156
mpi,12800000,5,3,0.488445885001056,0.30172172,0.46567875,0.23259953
mpi,12800000,5,4,0.5507419469995511,0.30173867,0.46563109,0.23263023
mpi,12800000,5,5,0.5083512530000007,0.30175977,0.46549281,0.23274742
mpi,12800000,6,0,0.4709677449991432,0.30183125,0.46562391,0.23254484
mpi,12800000,6,1,0.4870180120014993,0.30181094,0.46571742,0.23247164
mpi,12800000,6,2,0.4683453380002902,0.30171734,0.46547086,0.2328118
mpi,12800000,6,3,0.46434617599879857,0.30174438,0.46576828,0.23248734
mpi,12800000,6,4,0.46226958999977796,0.30185383,0.46547945,0.23266672
mpi,12800000,6,5,0.46044916700157046,0.30175516,0.46553297,0.23271188
mpi,12800000,7,0,0.45130718799919123,0.30185445,0.46552539,0.23262016
mpi,12800000,7,1,0.491208851999545,0.30181883,0.46572586,0.23245531
mpi,12800000,7,2,0.45367724300012924,0.3017507,0.46542352,0.23282578
mpi,12800000,7,3,0.4563744240003871,0.30181547,0.46572375,0.23246078
mpi,12800000,7,4,0.45870427599948016,0.30178516,0.46545219,0.23276266
mpi,12800000,7,5,0.4769349730013346,0.30177141,0.46549805,0.23273055
mpi,12800000,8,0,0.44393028000013146,0.30170141,0.46575227,0.23254633
mpi,12800000,8,1,0.4829562380000425,0.3019007,0.46571117,0.23238813
mpi,12800000,8,2,0.48076139600016177,0.30163859,0.46544281,0.23291859
mpi,12800000,8,3,0.4549270589996013,0.30183469,0.46567781,0.2324875
mpi,12800000,8,4,0.44902638900020975,0.30173398,0.46545188,0.23281414
mpi,12800000,8,5,0.48341498599984334,0.30182148,0.46546227,0.23271625
serial,100000,1,0,0.008946177000325406,0.302,0.46548,0.23252
serial,100000,1,1,0.008848024999679183,0.30147,0.46564,0.23289
serial,100000,1,2,0.008385818000533618,0.30144,0.4647,0.23386
serial,100000,1,3,0.008702576998985023,0.30498,0.46385,0.23117
serial,100000,1,4,0.008212108999941847,0.30111,0.46736,0.23153
serial,100000,1,5,0.008539751999705913,0.30056,0.46726,0.23218
serial,200000,1,0,0.016322603998560226,0.301695,0.465665,0.23264
serial,200000,1,1,0.015820679000171367,0.301375,0.46541,0.233215
serial,200000,1,2,0.016314136000801227,0.30189,0.465085,0.233025
serial,200000,1,3,0.01639244299985876,0.30375,0.463625,0.232625
serial,200000,1,4,0.016179204001673497,0.300615,0.466715,0.23267
serial,200000,1,5,0.015798898000866757,0.301245,0.466695,0.23206
serial,400000,1,0,0.03128696900057548,0.30086,0.465915,0.233225
serial,400000,1,1,0.031119692999709514,0.301395,0.465195,0.23341
serial,400000,1,2,0.03101213099944289,0.301485,0.4657475,0.2327675
serial,400000,1,3,0.031567132000418496,0.30309,0.464405,0.232505
serial,400000,1,4,0.030876077000357327,0.3021225,0.465675,0.2322025
serial,400000,1,5,0.03143433299919707,0.3012225,0.46647,0.2323075
serial,800000,1,0,0.06123604899948987,0.30107,0.46631375,0.23261625
serial,800000,1,1,0.060741479999705916,0.3013975,0.4653925,0.23321
serial,800000,1,2,0.061110132999601774,0.3012175,0.46583625,0.23294625
serial,800000,1,3,0.0602760469992063,0.30225625,0.46527,0.23247375
serial,800000,1,4,0.06026856000062253,0.3024375,0.464685,0.2328775
serial,800000,1,5,0.0617293890009023,0.30105375,0.46675375,0.2321925
serial,1600000,1,0,0.1232554069993057,0.30163875,0.46586187,0.23249938
serial,1600000,1,1,0.11988216600002488,0.30176313,0.46549,0.23274687
serial,1600000,1,2,0.11946575200090592,0.30126125,0.46590312,0.23283562
serial,1600000,1,3,0.1188965029996325,0.30237313,0.46523437,0.2323925
serial,1600000,1,4,0.11895684500086645,0.3019275,0.4652475,0.232825
serial,1600000,1,5,0.11903363899909891,0.30151187,0.46643125,0.23205687
serial,3200000,1,0,0.24378213099953427,0.30182625,0.46569906,0.23247469
serial,3200000,1,1,0.24186787199869286,0.30158687,0.4656075,0.23280562
serial,3200000,1,2,0.23735224899974128,0.30151844,0.46562219,0.23285938
serial,3200000,1,3,0.2377868200001103,0.30206656,0.46527031,0.23266312
serial,3200000,1,4,0.23472088199923746,0.30180187,0.46548281,0.23271531
serial,3200000,1,5,0.2384926220001944,0.30167688,0.46609625,0.23222687
serial,6400000,1,0,0.48872403699897404,0.30204938,0.46543297,0.23251766
serial,6400000,1,1,0.4787052660012705,0.301685,0.46542125,0.23289375
serial,6400000,1,2,0.4767736789999617,0.30176859,0.46539141,0.23284
serial,6400000,1,3,0.47887429900038114,0.30211047,0.46508813,0.23280141
serial,6400000,1,4,0.47718970400092076,0.30174828,0.46542672,0.232825
serial,6400000,1,5,0.4698315069999808,0.30161547,0.46599016,0.23239437
serial,12800000,1,0,0.9639309180001874,0.30192562,0.46554656,0.23252781
serial,12800000,1,1,0.9634607890002371,0.30183656,0.46550508,0.23265836
serial,12800000,1,2,0.9615264390013181,0.3017432,0.46553648,0.23272031
serial,12800000,1,3,0.9615700630001811,0.30189086,0.46534031,0.23276883
serial,12800000,1,4,0.959324313000252,0.30187336,0.46526352,0.23286313
serial,12800000,1,5,0.9607254699985788,0.30173078,0.46581195,0.23245727
pthreads,100000,1,0,0.007497792999856756,0.3023,0.46462,0.23308
pthreads,100000,1,1,0.007234654000058072,0.3038,0.46482,0.23138
pthreads,100000,1,2,0.007526629000494722,0.30377,0.46422,0.23201
pthreads,100000,1,3,0.006941173000086565,0.30223,0.4637,0.23407
pthreads,100000,1,4,0.0074003369991260115,0.30201,0.46557,0.23242
pthreads,100000,1,5,0.007560186999398866,0.29851,0.46869,0.2328
pthreads,100000,2,0,0.004752015998747083,0.29945,0.46639,0.23416
pthreads,100000,2,1,0.004790449000211083,0.30209,0.46575,0.23216
pthreads,100000,2,2,0.004484114999286248,0.30301,0.46541,0.23158
pthreads,100000,2,3,0.005000984001526376,0.30009,0.4649,0.23501
pthreads,100000,2,4,0.004732129000331042,0.30372,0.46451,0.23177
pthreads,100000,2,5,0.004267835000064224,0.30082,0.468,0.23118
pthreads,100000,3,0,0.0036128789997746935,0.30094,0.46602,0.23304
pthreads,100000,3,1,0.0034550839991425164,0.30133,0.46526,0.23341
pthreads,100000,3,2,0.003281092000179342,0.30245,0.46553,0.23202
pthreads,100000,3,3,0.003353196998432395,0.30052,0.46611,0.23337
pthreads,100000,3,4,0.004070253999088891,0.30242,0.46528,0.2323
pthreads,100000,3,5,0.0033553199991729343,0.30137,0.46779,0.23084
pthreads,100000,4,0,0.0031031319995236117,0.30122,0.46598,0.2328
pthreads,100000,4,1,0.003598676999899908,0.30234,0.46649,0.23117
pthreads,100000,4,2,0.003852441001072293,0.302,0.46536,0.23264
pthreads,100000,4,3,0.004491740999583271,0.30188,0.4657,0.23242
pthreads,100000,4,4,0.003910135001206072,0.30307,0.46457,0.23236
pthreads,100000,4,5,0.0038155829988681944,0.30001,0.46892,0.23107
pthreads,100000,5,0,0.0039042279986460926,0.30325,0.46473,0.23202
pthreads,100000,5,1,0.0036917380002705613,0.30302,0.4654,0.23158
pthreads,100000,5,2,0.0037418840001919307,0.30061,0.46635,0.23304
pthreads,100000,5,3,0.003743908999240375,0.30158,0.46618,0.23224
pthreads,100000,5,4,0.003570328000932932,0.30353,0.46395,0.23252
pthreads,100000,5,5,0.004267368000000715,0.30055,0.46867,0.23078
pthreads,100000,6,0,0.003790443999605486,0.30142,0.46506,0.23352
pthreads,100000,6,1,0.0038567899991903687,0.30303,0.4653,0.23167
pthreads,100000,6,2,0.0037124820009921677,0.3009,0.46679,0.23231
pthreads,100000,6,3,0.003707178999320604,0.30139,0.46629,0.23232
pthreads,100000,6,4,0.003937711000617128,0.30476,0.46327,0.23197
pthreads,100000,6,5,0.004115497000384494,0.30148,0.46928,0.22924
pthreads,100000,7,0,0.004052944999784813,0.30077,0.46511,0.23412
pthreads,100000,7,1,0.003890284000590327,0.30268,0.46527,0.23205
pthreads,100000,7,2,0.003796142000282998,0.30008,0.4663,0.23362
pthreads,100000,7,3,0.00395842400030233,0.30226,0.46561,0.23213
pthreads,100000,7,4,0.0037018359998910455,0.30457,0.46485,0.23058
pthreads,100000,7,5,0.004256194000845426,0.30218,0.46896,0.22886
pthreads,100000,8,0,0.003989225999248447,0.30229,0.46325,0.23446
pthreads,100000,8,1,0.003824592999080778,0.30315,0.46598,0.23087
pthreads,100000,8,2,0.003961933000027784,0.30002,0.46582,0.23416
pthreads,100000,8,3,0.003889319999871077,0.30223,0.46673,0.23104
pthreads,100000,8,4,0.003761084000871051,0.30577,0.46458,0.22965
pthreads,100000,8,5,0.0036356540003907867,0.30252,0.4677,0.22978
pthreads,200000,1,0,0.013363911000851658,0.301555,0.46547,0.232975
pthreads,200000,1,1,0.013695849998839549,0.302645,0.46438,0.232975
pthreads,200000,1,2,0.013550027000746923,0.302755,0.46481,0.232435
pthreads,200000,1,3,0.013410850999207469,0.301055,0.46473,0.234215
pthreads,200000,1,4,0.01347964900014631,0.30147,0.465715,0.232815
pthreads,200000,1,5,0.013858381998943514,0.300405,0.46723,0.232365
pthreads,200000,2,0,0.007484227000531973,0.30162,0.46515,0.23323
pthreads,200000,2,1,0.0076147360014147125,0.302875,0.464875,0.23225
pthreads,200000,2,2,0.007712646000072709,0.303915,0.464365,0.23172
pthreads,200000,2,3,0.008010472998648765,0.30108,0.46444,0.23448
pthreads,200000,2,4,0.008287575999929686,0.303155,0.465015,0.23183
pthreads,200000,2,5,0.007816275998266065,0.3003,0.46781,0.23189
pthreads,200000,3,0,0.005745641999965301,0.301585,0.465435,0.23298
pthreads,200000,3,1,0.005935208999289898,0.30236,0.465225,0.232415
pthreads,200000,3,2,0.006117352999353898,0.30307,0.46438,0.23255
pthreads,200000,3,3,0.006622068000069703,0.300025,0.465435,0.23454
pthreads,200000,3,4,0.00588643800074351,0.302885,0.46476,0.232355
pthreads,200000,3,5,0.00576756100053899,0.3009,0.466835,0.232265
pthreads,200000,4,0,0.005071007999504218,0.30052,0.466995,0.232485
pthreads,200000,4,1,0.00577359199996863,0.30177,0.4655,0.23273
pthreads,200000,4,2,0.005160636999789858,0.3029,0.464275,0.232825
pthreads,200000,4,3,0.005870529001185787,0.301655,0.46472,0.233625
pthreads,200000,4,4,0.006589201000679168,0.302755,0.464365,0.23288
pthreads,200000,4,5,0.006089321999752428,0.300915,0.46703,0.232055
pthreads,200000,5,0,0.004918751001241617,0.301475,0.465595,0.23293
pthreads,200000,5,1,0.0058715550003398675,0.30213,0.465125,0.232745
pthreads,200000,5,2,0.005605370999546722,0.301775,0.464735,0.23349
pthreads,200000,5,3,0.005625833000522107,0.302095,0.46562,0.232285
pthreads,200000,5,4,0.005593277999651036,0.303205,0.463715,0.23308
pthreads,200000,5,5,0.006398691999493167,0.30091,0.46744,0.23165
pthreads,200000,6,0,0.0063182119993143715,0.301605,0.465465,0.23293
pthreads,200000,6,1,0.005468547000418766,0.30172,0.46531,0.23297
pthreads,200000,6,2,0.005330826999852434,0.30165,0.465465,0.232885
pthreads,200000,6,3,0.005225152001003153,0.301585,0.465665,0.23275
pthreads,200000,6,4,0.00518414600082906,0.303515,0.46396,0.232525
pthreads,200000,6,5,0.005515316001037718,0.301715,0.467425,0.23086
pthreads,200000,7,0,0.0064883659997576615,0.30175,0.46518,0.23307
pthreads,200000,7,1,0.006408836001355667,0.301545,0.465925,0.23253
pthreads,200000,7,2,0.006036747001417098,0.30069,0.465975,0.233335
pthreads,200000,7,3,0.006434287000956829,0.301735,0.465955,0.23231
pthreads,200000,7,4,0.006591530000150669,0.304035,0.464385,0.23158
pthreads,200000,7,5,0.0069616549990314525,0.302055,0.46649,0.231455
pthreads,200000,8,0,0.0066620659999898635,0.302105,0.46432,0.233575
pthreads,200000,8,1,0.006278553000811371,0.301605,0.467,0.231395
pthreads,200000,8,2,0.006558019998919917,0.300815,0.465995,0.23319
pthreads,200000,8,3,0.006195070000103442,0.30187,0.466785,0.231345
pthreads,200000,8,4,0.006728857999405591,0.304275,0.46403,0.231695
pthreads,200000,8,5,0.00640358899909188,0.301835,0.4671,0.231065
pthreads,400000,1,0,0.02556169899980887,0.3021475,0.4652225,0.23263
pthreads,400000,1,1,0.025920275000316906,0.302245,0.4652525,0.2325025
pthreads,400000,1,2,0.025477684999714256,0.30214,0.4648625,0.2329975
pthreads,400000,1,3,0.02489108900044812,0.30183,0.46524,0.23293
pthreads,400000,1,4,0.025615292999646044,0.3009575,0.465745,0.2332975
pthreads,400000,1,5,0.02564869500019995,0.30021,0.466435,0.233355
pthreads,400000,2,0,0.013794300999506959,0.3016025,0.4644825,0.233915
pthreads,400000,2,1,0.014292227000623825,0.3021975,0.46477,0.2330325
pthreads,400000,2,2,0.014987504000600893,0.3031675,0.4650825,0.23175
pthreads,400000,2,3,0.014111778000369668,0.300055,0.466075,0.23387
pthreads,400000,2,4,0.014688778999698116,0.3027325,0.4647125,0.232555
pthreads,400000,2,5,0.014246067999920342,0.300855,0.4670125,0.2321325
pthreads,400000,3,0,0.010545418999754474,0.3027075,0.464805,0.2324875
pthreads,400000,3,1,0.01052619300025981,0.3025125,0.46459,0.2328975
pthreads,400000,3,2,0.010805631000039284,0.3025625,0.4659425,0.231495
pthreads,400000,3,3,0.010719656998844584,0.300585,0.4655925,0.2338225
pthreads,400000,3,4,0.011019370000212803,0.302415,0.4648025,0.2327825
pthreads,400000,3,5,0.010765992999949958,0.300675,0.466775,0.23255
pthreads,400000,4,0,0.010635173999617109,0.3022375,0.4657675,0.231995
pthreads,400000,4,1,0.009307318001447129,0.30268,0.464655,0.232665
pthreads,400000,4,2,0.010002728999097599,0.302835,0.4641075,0.2330575
pthreads,400000,4,3,0.010062237999591161,0.30173,0.46497,0.2333
pthreads,400000,4,4,0.009602488999007619,0.30244,0.4648775,0.2326825
pthreads,400000,4,5,0.011244129000260727,0.3011925,0.4664325,0.232375
pthreads,400000,5,0,0.011648824000076274,0.30164,0.465975,0.232385
pthreads,400000,5,1,0.010490392000065185,0.3025275,0.46545,0.2320225
pthreads,400000,5,2,0.011552149999261019,0.30288,0.4639025,0.2332175
pthreads,400000,5,3,0.010243455000818358,0.30135,0.465395,0.233255
pthreads,400000,5,4,0.010156018999623484,0.302595,0.46484,0.232565
pthreads,400000,5,5,0.00937805300054606,0.3010875,0.466,0.2329125
pthreads,400000,6,0,0.011076250999394688,0.3016375,0.46552,0.2328425
pthreads,400000,6,1,0.009900770999593078,0.3022175,0.46517,0.2326125
pthreads,400000,6,2,0.012403665999954683,0.3024875,0.46405,0.2334625
pthreads,400000,6,3,0.010934670001006452,0.300865,0.46539,0.233745
pthreads,400000,6,4,0.010835437000423553,0.302815,0.464705,0.23248
pthreads,400000,6,5,0.012546118001409923,0.301455,0.46623,0.232315
pthreads,400000,7,0,0.011685654000757495,0.3013875,0.4659475,0.232665
pthreads,400000,7,1,0.012067486000887584,0.30139,0.4657975,0.2328125
pthreads,400000,7,2,0.01207720300044457,0.301735,0.46447,0.233795
pthreads,400000,7,3,0.01238334799927543,0.301535,0.465285,0.23318
pthreads,400000,7,4,0.011770736000471516,0.302625,0.4647525,0.2326225
pthreads,400000,7,5,0.013534821000575903,0.30157,0.46599,0.23244
pthreads,400000,8,0,0.012920787999973982,0.30169,0.4653675,0.2329425
pthreads,400000,8,1,0.014672948000225006,0.301725,0.46569,0.232585
pthreads,400000,8,2,0.011705786000675289,0.30136,0.464915,0.233725
pthreads,400000,8,3,0.011995655999271548,0.3014225,0.4657975,0.23278
pthreads,400000,8,4,0.01312532799965993,0.302785,0.4645825,0.2326325
pthreads,400000,8,5,0.010991614999511512,0.30216,0.4657525,0.2320875
pthreads,800000,1,0,0.04951507400073751,0.302055,0.465475,0.23247
pthreads,800000,1,1,0.04908521099969221,0.302545,0.46566625,0.23178875
pthreads,800000,1,2,0.04973730500023521,0.30242,0.46414875,0.23343125
pthreads,800000,1,3,0.049036995000278694,0.30171625,0.46583,0.23245375
pthreads,800000,1,4,0.05028567500085046,0.3007925,0.4657075,0.2335
pthreads,800000,1,5,0.0495659970001725,0.30113125,0.4656725,0.23319625
pthreads,800000,2,0,0.027366194999558502,0.3017525,0.46473625,0.23351125
pthreads,800000,2,1,0.027103476000775117,0.3020425,0.46550875,0.23244875
pthreads,800000,2,2,0.027606994000962004,0.30287375,0.4650325,0.23209375
pthreads,800000,2,3,0.02640839400010009,0.30110625,0.46563125,0.2332625
pthreads,800000,2,4,0.0273072489999322,0.30203625,0.4650525,0.23291125
pthreads,800000,2,5,0.027309444998536492,0.30111375,0.46607375,0.2328125
pthreads,800000,3,0,0.020734139001433505,0.30212125,0.46486,0.23301875
pthreads,800000,3,1,0.019825708999633207,0.30196375,0.46562,0.23241625
pthreads,800000,3,2,0.02008704900072189,0.3028475,0.465475,0.2316775
pthreads,800000,3,3,0.020216881999658654,0.30079125,0.46615125,0.2330575
pthreads,800000,3,4,0.019939936999435304,0.30201,0.464815,0.233175
pthreads,800000,3,5,0.01981980900018243,0.30149,0.4659625,0.2325475
pthreads,800000,4,0,0.01705134099938732,0.302065,0.464925,0.23301
pthreads,800000,4,1,0.018022786998699303,0.30246125,0.46496625,0.2325725
pthreads,800000,4,2,0.017094651000661543,0.30230375,0.46512875,0.2325675
pthreads,800000,4,3,0.01731590000053984,0.3011375,0.46588,0.2329825
pthreads,800000,4,4,0.017887347001305898,0.30209,0.46475875,0.23315125
pthreads,800000,4,5,0.017010878000291996,0.3015825,0.46600375,0.23241375
pthreads,800000,5,0,0.016886126999452244,0.30192625,0.46529875,0.232775
pthreads,800000,5,1,0.01701712999965821,0.3025075,0.46495125,0.23254125
pthreads,800000,5,2,0.016670675999193918,0.30185875,0.46536125,0.23278
pthreads,800000,5,3,0.01714341800106922,0.30112625,0.465935,0.23293875
pthreads,800000,5,4,0.016933910999796353,0.3017975,0.465275,0.2329275
pthreads,800000,5,5,0.016927244998441893,0.301505,0.46589125,0.23260375
pthreads,800000,6,0,0.016167134999705013,0.302025,0.46528625,0.23268875
pthreads,800000,6,1,0.01629615500132786,0.302235,0.46512,0.232645
pthreads,800000,6,2,0.016037653998864698,0.30225625,0.4648625,0.23288125
pthreads,800000,6,3,0.016826675999254803,0.3011625,0.46549375,0.23334375
pthreads,800000,6,4,0.016979696998532745,0.30229,0.46487875,0.23283125
pthreads,800000,6,5,0.016006940999432118,0.30139625,0.4660075,0.23259625
pthreads,800000,7,0,0.022678713999994216,0.3020125,0.465265,0.2327225
pthreads,800000,7,1,0.021339598000849946,0.30198125,0.4651875,0.23283125
pthreads,800000,7,2,0.02310969300015131,0.30212125,0.46477,0.23310875
pthreads,800000,7,3,0.02198867699917173,0.301245,0.465615,0.23314
pthreads,800000,7,4,0.02146666000044206,0.30223125,0.46531875,0.23245
pthreads,800000,7,5,0.021729139998569735,0.30171375,0.46586375,0.2324225
pthreads,800000,8,0,0.021729486999902292,0.302255,0.46506375,0.23268125
pthreads,800000,8,1,0.022044401999664842,0.30233375,0.46522,0.23244625
pthreads,800000,8,2,0.022061825000491808,0.3022475,0.4643875,0.233365
pthreads,800000,8,3,0.021274000000630622,0.30155,0.46574625,0.23270375
pthreads,800000,8,4,0.022998571001153323,0.3024625,0.465325,0.2322125
pthreads,800000,8,5,0.02428665300067223,0.3020475,0.46548,0.2324725
pthreads,1600000,1,0,0.09941487700052676,0.30205188,0.46525688,0.23269125
pthreads,1600000,1,1,0.09784815999955754,0.30189625,0.46593375,0.23217
pthreads,1600000,1,2,0.09778141900096671,0.30236438,0.46446437,0.23317125
pthreads,1600000,1,3,0.09995189400069648,0.3022875,0.465425,0.2322875
pthreads,1600000,1,4,0.09785576199828938,0.30135375,0.46535312,0.23329312
pthreads,1600000,1,5,0.09695958900010737,0.30166,0.46555812,0.23278187
pthreads,1600000,2,0,0.05311488599909353,0.30167813,0.46523687,0.233085
pthreads,1600000,2,1,0.06929728100112698,0.302225,0.46568688,0.23208813
pthreads,1600000,2,2,0.05601021400070749,0.30278187,0.46460937,0.23260875
pthreads,1600000,2,3,0.05318847700073093,0.30129375,0.46546562,0.23324063
pthreads,1600000,2,4,0.052308553000329994,0.30182188,0.46495,0.23322813
pthreads,1600000,2,5,0.053338145999077824,0.30148687,0.4655775,0.23293563
pthreads,1600000,3,0,0.039334867000434315,0.30204063,0.46499187,0.2329675
pthreads,1600000,3,1,0.039762665999660385,0.30266,0.46543937,0.23190062
pthreads,1600000,3,2,0.038660405998598435,0.30268187,0.46483687,0.23248125
pthreads,1600000,3,3,0.03878838899981929,0.30145,0.46554438,0.23300562
pthreads,1600000,3,4,0.038911829999051406,0.30130187,0.46535312,0.233345
pthreads,1600000,3,5,0.03993175499999779,0.30147438,0.46567375,0.23285188
pthreads,1600000,4,0,0.03382889499880548,0.30212438,0.46486312,0.2330125
pthreads,1600000,4,1,0.033200623000084306,0.30257937,0.46536187,0.23205875
pthreads,1600000,4,2,0.033350718000292545,0.30265938,0.46471313,0.2326275
pthreads,1600000,4,3,0.03441676700094831,0.30167312,0.46577125,0.23255562
pthreads,1600000,4,4,0.033555574000274646,0.30190312,0.4648225,0.23327438
pthreads,1600000,4,5,0.03342926400000579,0.30173062,0.46563625,0.23263312
pthreads,1600000,5,0,0.03224971200143045,0.30166562,0.46531625,0.23301812
pthreads,1600000,5,1,0.034698161000051186,0.30227562,0.46556687,0.2321575
pthreads,1600000,5,2,0.03345320900007209,0.30238312,0.46486125,0.23275562
pthreads,1600000,5,3,0.03266802500002086,0.30148938,0.46601562,0.232495
pthreads,1600000,5,4,0.03206491200035089,0.30162187,0.4650925,0.23328562
pthreads,1600000,5,5,0.032536063001316506,0.30144938,0.46571187,0.23283875
pthreads,1600000,6,0,0.033765949001463014,0.30146812,0.46527875,0.23325313
pthreads,1600000,6,1,0.03187496700047632,0.30184937,0.46572313,0.2324275
pthreads,1600000,6,2,0.0343458509996708,0.30242812,0.46513187,0.23244
pthreads,1600000,6,3,0.030893654000465176,0.30121,0.46594687,0.23284313
pthreads,1600000,6,4,0.031746741999086225,0.30195125,0.46483062,0.23321812
pthreads,1600000,6,5,0.0345372519986995,0.30154938,0.46556938,0.23288125
pthreads,1600000,7,0,0.04572822800037102,0.301285,0.46559,0.233125
pthreads,1600000,7,1,0.04733728199971665,0.3018125,0.46579375,0.23239375
pthreads,1600000,7,2,0.04207931400014786,0.30190187,0.46518813,0.23291
pthreads,1600000,7,3,0.04187907999948948,0.30142562,0.46574312,0.23283125
pthreads,1600000,7,4,0.041954022000936675,0.30206625,0.46514187,0.23279188
pthreads,1600000,7,5,0.041905250000127126,0.301805,0.46549,0.232705
pthreads,1600000,8,0,0.04383301200141432,0.30162625,0.4651725,0.23320125
pthreads,1600000,8,1,0.04425640199951886,0.30209875,0.46540437,0.23249687
pthreads,1600000,8,2,0.03965768699890759,0.3017875,0.46529063,0.23292188
pthreads,1600000,8,3,0.044661308000286226,0.30108812,0.46609,0.23282188
pthreads,1600000,8,4,0.04654062200097542,0.3020775,0.46524688,0.23267562
pthreads,1600000,8,5,0.041168394998749136,0.3018475,0.4655,0.2326525
pthreads,3200000,1,0,0.19303008499991847,0.30188219,0.46519625,0.23292156
pthreads,3200000,1,1,0.1932192809999833,0.30166562,0.46626469,0.23206969
pthreads,3200000,1,2,0.19432459800009383,0.30199531,0.46506938,0.23293531
pthreads,3200000,1,3,0.194338957000582,0.3015975,0.46569531,0.23270719
pthreads,3200000,1,4,0.19836324300013075,0.30161594,0.46577344,0.23261062
pthreads,3200000,1,5,0.19399633600005473,0.30189813,0.46541594,0.23268594
pthreads,3200000,2,0,0.10488275200077624,0.30186687,0.46536281,0.23277031
pthreads,3200000,2,1,0.10605441100051394,0.301885,0.4656825,0.2324325
pthreads,3200000,2,2,0.10471744700043928,0.30217656,0.464855,0.23296844
pthreads,3200000,2,3,0.10702430799938156,0.30184281,0.46548187,0.23267531
pthreads,3200000,2,4,0.10457823700016888,0.30189156,0.46516344,0.232945
pthreads,3200000,2,5,0.10487579299842764,0.30184531,0.4651725,0.23298219
pthreads,3200000,3,0,0.07771070700073324,0.30185375,0.46513344,0.23301281
pthreads,3200000,3,1,0.07613039100033347,0.30228719,0.46557688,0.23213594
pthreads,3200000,3,2,0.0769830320004985,0.30227094,0.46501625,0.23271281
pthreads,3200000,3,3,0.07599199899959785,0.30160281,0.465445,0.23295219
pthreads,3200000,3,4,0.07630573900132731,0.30166312,0.46535938,0.2329775
pthreads,3200000,3,5,0.076801606999652,0.30160938,0.46558906,0.23280156
pthreads,3200000,4,0,0.06725239699881058,0.30193437,0.46497781,0.23308781
pthreads,3200000,4,1,0.06654018000153883,0.3025325,0.46551219,0.23195531
pthreads,3200000,4,2,0.06635360000109358,0.30245625,0.464705,0.23283875
pthreads,3200000,4,3,0.06573207700057537,0.30160687,0.46547969,0.23291344
pthreads,3200000,4,4,0.0659220630004711,0.30174781,0.46517625,0.23307594
pthreads,3200000,4,5,0.06530463299895928,0.30190594,0.46547469,0.23261937
pthreads,3200000,5,0,0.06287783100015076,0.3017275,0.46518375,0.23308875
pthreads,3200000,5,1,0.06268110800010618,0.30244625,0.46537656,0.23217719
pthreads,3200000,5,2,0.06396932600000582,0.30218406,0.46498531,0.23283063
pthreads,3200000,5,3,0.0634669209994172,0.30167688,0.46568906,0.23263406
pthreads,3200000,5,4,0.06351958999948693,0.30159438,0.46528656,0.23311906
pthreads,3200000,5,5,0.06558376300017699,0.30190406,0.46522281,0.23287312
pthreads,3200000,6,0,0.06513741799972195,0.30176969,0.46529312,0.23293719
pthreads,3200000,6,1,0.060529795999173075,0.30244875,0.46557656,0.23197469
pthreads,3200000,6,2,0.05992014099865628,0.30221031,0.4650375,0.23275219
pthreads,3200000,6,3,0.06122447200141323,0.30174906,0.46557406,0.23267688
pthreads,3200000,6,4,0.06894311399992148,0.30155531,0.46513781,0.23330687
pthreads,3200000,6,5,0.06274838599892973,0.30167406,0.46522969,0.23309625
pthreads,3200000,7,0,0.08409554100035166,0.30165656,0.46543937,0.23290406
pthreads,3200000,7,1,0.09077371100102027,0.30213375,0.46579906,0.23206719
pthreads,3200000,7,2,0.06629307900038839,0.30212344,0.46509187,0.23278469
pthreads,3200000,7,3,0.06511599099940213,0.30166281,0.46567969,0.2326575
pthreads,3200000,7,4,0.08312260700040497,0.3016575,0.46517031,0.23317219
pthreads,3200000,7,5,0.08581909299937251,0.30184563,0.46517562,0.23297875
pthreads,3200000,8,0,0.08798643099908077,0.30171188,0.46526219,0.23302594
pthreads,3200000,8,1,0.08137786800034519,0.30226125,0.46564187,0.23209688
pthreads,3200000,8,2,0.08817438700134517,0.30207375,0.46517562,0.23275062
pthreads,3200000,8,3,0.07872142700034601,0.3015525,0.46589156,0.23255594
pthreads,3200000,8,4,0.07904617399981362,0.30178281,0.46532594,0.23289125
pthreads,3200000,8,5,0.08349819199975173,0.30185563,0.46527438,0.23287
pthreads,6400000,1,0,0.3850797760005662,0.30172766,0.46577844,0.23249391
pthreads,6400000,1,1,0.3853749230001995,0.30174797,0.46584969,0.23240234
pthreads,6400000,1,2,0.38409689200125285,0.30191937,0.46516547,0.23291516
pthreads,6400000,1,3,0.38972003600065364,0.30190203,0.46536344,0.23273453
pthreads,6400000,1,4,0.38746860699939134,0.30157937,0.46584844,0.23257219
pthreads,6400000,1,5,0.3877571690009063,0.30174156,0.46565812,0.23260031
pthreads,6400000,2,0,0.20803844000147365,0.30194906,0.46505812,0.23299281
pthreads,6400000,2,1,0.20786401800069143,0.30175297,0.46582766,0.23241938
pthreads,6400000,2,2,0.20779546400081017,0.30201187,0.46527391,0.23271422
pthreads,6400000,2,3,0.20915930599949206,0.30164031,0.46543969,0.23292
pthreads,6400000,2,4,0.20860997599993425,0.30185109,0.46551063,0.23263828
pthreads,6400000,2,5,0.20477207099975203,0.3019125,0.46528156,0.23280594
pthreads,6400000,3,0,0.15038891399854037,0.30193938,0.46535578,0.23270484
pthreads,6400000,3,1,0.1488181619988609,0.30189922,0.465615,0.23248578
pthreads,6400000,3,2,0.14885781399971165,0.3021175,0.46504703,0.23283547
pthreads,6400000,3,3,0.14850356500028283,0.30174937,0.46557047,0.23268016
pthreads,6400000,3,4,0.15098713999941538,0.3018725,0.46534828,0.23277922
pthreads,6400000,3,5,0.1496230109987664,0.30179375,0.46535859,0.23284766
pthreads,6400000,4,0,0.12773717200070678,0.30198234,0.46509875,0.23291891
pthreads,6400000,4,1,0.1302480470003502,0.30182656,0.46563891,0.23253453
pthreads,6400000,4,2,0.12867183300113538,0.30215703,0.46489766,0.23294531
pthreads,6400000,4,3,0.12813556599940057,0.30183078,0.46535609,0.23281313
pthreads,6400000,4,4,0.12902553500134673,0.30181469,0.46535813,0.23282719
pthreads,6400000,4,5,0.1306107130003511,0.30182656,0.46552016,0.23265328
pthreads,6400000,5,0,0.12295094799992512,0.30174953,0.46529984,0.23295062
pthreads,6400000,5,1,0.1268373340008111,0.30193359,0.46562234,0.23244406
pthreads,6400000,5,2,0.1264782929993089,0.30194391,0.46523422,0.23282188
pthreads,6400000,5,3,0.12358157000016945,0.30174141,0.46561562,0.23264297
pthreads,6400000,5,4,0.12738332799926866,0.30175969,0.46549641,0.23274391
pthreads,6400000,5,5,0.12263647899999341,0.30203687,0.46517031,0.23279281
pthreads,6400000,6,0,0.11805417100003979,0.30182109,0.46515297,0.23302594
pthreads,6400000,6,1,0.1182607859991549,0.30208281,0.46575156,0.23216562
pthreads,6400000,6,2,0.1231455229990388,0.30211,0.46520391,0.23268609
pthreads,6400000,6,3,0.11846270599926356,0.30166359,0.46567313,0.23266328
pthreads,6400000,6,4,0.11932556099964131,0.30181703,0.46522297,0.23296
pthreads,6400000,6,5,0.12067236899929412,0.30197188,0.46525047,0.23277766
pthreads,6400000,7,0,0.10322437899958459,0.30167187,0.46537625,0.23295188
pthreads,6400000,7,1,0.1348018869994121,0.3021,0.46587219,0.23202781
pthreads,6400000,7,2,0.1522090759990533,0.30200578,0.46529672,0.2326975
pthreads,6400000,7,3,0.1672337210002297,0.30163672,0.46565266,0.23271063
pthreads,6400000,7,4,0.16833736900116492,0.30186969,0.46528422,0.23284609
pthreads,6400000,7,5,0.16812577999917266,0.3019225,0.46527516,0.23280234
pthreads,6400000,8,0,0.15532956700008071,0.30173984,0.46519516,0.233065
pthreads,6400000,8,1,0.14812668800004758,0.30203203,0.46580047,0.2321675
pthreads,6400000,8,2,0.15690914900005737,0.30195484,0.46538844,0.23265672
pthreads,6400000,8,3,0.15974187000028905,0.30168062,0.46567656,0.23264281
pthreads,6400000,8,4,0.12629631999880075,0.30179094,0.46529016,0.23291891
pthreads,6400000,8,5,0.1428998760002287,0.30194234,0.46524844,0.23280922
pthreads,12800000,1,0,0.7859111139987363,0.301795,0.46563547,0.23256953
pthreads,12800000,1,1,0.7691206580002472,0.30172148,0.46575703,0.23252148
pthreads,12800000,1,2,0.7827635289995669,0.30182641,0.46551406,0.23265953
pthreads,12800000,1,3,0.7654924869984825,0.30182195,0.46551336,0.23266469
pthreads,12800000,1,4,0.780369015999895,0.30162875,0.46573578,0.23263547
pthreads,12800000,1,5,0.7845601140015788,0.30169859,0.4656532,0.2326482
pthreads,12800000,2,0,0.4098534690001543,0.30178828,0.46550789,0.23270383
pthreads,12800000,2,1,0.40978043399991293,0.30178828,0.46579539,0.23241633
pthreads,12800000,2,2,0.410131137999997,0.30186641,0.46543758,0.23269602
pthreads,12800000,2,3,0.4128858419990138,0.30185297,0.46532969,0.23281734
pthreads,12800000,2,4,0.4095022559995414,0.30177742,0.46556242,0.23266016
pthreads,12800000,2,5,0.4135384340006567,0.30184453,0.46543812,0.23271734
pthreads,12800000,3,0,0.30207392200100003,0.30191203,0.46531273,0.23277523
pthreads,12800000,3,1,0.3003615889992943,0.30186969,0.4657068,0.23242352
pthreads,12800000,3,2,0.3031372099994769,0.30188172,0.46550648,0.2326118
pthreads,12800000,3,3,0.30347126299966476,0.30178187,0.46546781,0.23275031
pthreads,12800000,3,4,0.30566968099992664,0.30180289,0.46553273,0.23266438
pthreads,12800000,3,5,0.30019529099990905,0.30175906,0.4654918,0.23274914
pthreads,12800000,4,0,0.2576779589999205,0.30191102,0.46513641,0.23295258
pthreads,12800000,4,1,0.2601494700011244,0.30178539,0.46574023,0.23247438
pthreads,12800000,4,2,0.2607013979995827,0.301935,0.46531766,0.23274734
pthreads,12800000,4,3,0.2600977759993839,0.30171008,0.4654957,0.23279422
pthreads,12800000,4,4,0.25870819900046627,0.3018968,0.46538594,0.23271727
pthreads,12800000,4,5,0.2586571409992757,0.30185508,0.46549281,0.23265211
pthreads,12800000,5,0,0.247424912000497,0.30184883,0.46537477,0.23277641
pthreads,12800000,5,1,0.2525058360006369,0.30193273,0.46551172,0.23255555
pthreads,12800000,5,2,0.2460229469998012,0.30186242,0.46543516,0.23270242
pthreads,12800000,5,3,0.24662357099987275,0.30176703,0.46560789,0.23262508
pthreads,12800000,5,4,0.2489950109993515,0.30181484,0.46548187,0.23270328
pthreads,12800000,5,5,0.2486491850013408,0.30175773,0.46537828,0.23286398
pthreads,12800000,6,0,0.25731785599964496,0.30191336,0.46533172,0.23275492
pthreads,12800000,6,1,0.24765096299961442,0.30181586,0.46558641,0.23259773
pthreads,12800000,6,2,0.23490030100037984,0.30188555,0.46541703,0.23269742
pthreads,12800000,6,3,0.24619560500104853,0.3017893,0.46558031,0.23263039
pthreads,12800000,6,4,0.23476603999915824,0.30195125,0.46533391,0.23271484
pthreads,12800000,6,5,0.2603676569997333,0.30183047,0.46531555,0.23285398
pthreads,12800000,7,0,0.2566735799991875,0.30186266,0.46537422,0.23276312
pthreads,12800000,7,1,0.24986590499975136,0.30169578,0.46576828,0.23253594
pthreads,12800000,7,2,0.33108751399959147,0.30187102,0.46540523,0.23272375
pthreads,12800000,7,3,0.24205626999901142,0.30174258,0.46560758,0.23264984
pthreads,12800000,7,4,0.29506131100060884,0.30187898,0.46542258,0.23269844
pthreads,12800000,7,5,0.3389196499992977,0.30180711,0.46535484,0.23283805
pthreads,12800000,8,0,0.32322068699977535,0.30180812,0.46534219,0.23284969
pthreads,12800000,8,1,0.28408044499883545,0.30173148,0.46572016,0.23254836
pthreads,12800000,8,2,0.2341610010007571,0.30190125,0.46536617,0.23273258
pthreads,12800000,8,3,0.25234882699987793,0.30175547,0.46559539,0.23264914
pthreads,12800000,8,4,0.34615192399905936,0.30182508,0.4654843,0.23269063
pthreads,12800000,8,5,0.23820477799927176,0.30187352,0.4653218,0.23280469
mpi,100000,1,0,0.3184838260003744,0.3023,0.46462,0.23308
mpi,100000,1,1,0.32039488299960794,0.3038,0.46482,0.23138
mpi,100000,1,2,0.3194983060002414,0.30377,0.46422,0.23201
mpi,100000,1,3,0.3189963439999701,0.30223,0.4637,0.23407
mpi,100000,1,4,0.31639466200067545,0.30201,0.46557,0.23242
mpi,100000,1,5,0.316238126000826,0.29851,0.46869,0.2328
mpi,100000,2,0,0.320212132000961,0.29994,0.46401,0.23605
mpi,100000,2,1,0.32392930099922523,0.30271,0.46636,0.23093
mpi,100000,2,2,0.32383588700031396,0.30218,0.46465,0.23317
mpi,100000,2,3,0.319702075999885,0.29996,0.46507,0.23497
mpi,100000,2,4,0.319683781999629,0.30207,0.46542,0.23251
mpi,100000,2,5,0.32011453800078016,0.30075,0.46608,0.23317
mpi,100000,3,0,0.3238599409996823,0.30136,0.4648,0.23384
mpi,100000,3,1,0.32406055399951583,0.303,0.46566,0.23134
mpi,100000,3,2,0.3231738939994102,0.30087,0.46724,0.23189
mpi,100000,3,3,0.3249103229991306,0.30004,0.4661,0.23386
mpi,100000,3,4,0.32361924599899794,0.30272,0.4644,0.23288
mpi,100000,3,5,0.41128989400021965,0.30392,0.46443,0.23165
mpi,100000,4,0,0.32770596299997123,0.30289,0.46354,0.23357
mpi,100000,4,1,0.33056587199826026,0.30258,0.4677,0.22972
mpi,100000,4,2,0.3249105380000401,0.30113,0.46622,0.23265
mpi,100000,4,3,0.3234631979994447,0.30244,0.46549,0.23207
mpi,100000,4,4,0.32356522099871654,0.30249,0.46364,0.23387
mpi,100000,4,5,0.3236442529996566,0.30323,0.46403,0.23274
mpi,100000,5,0,0.3283858240010886,0.30333,0.46459,0.23208
mpi,100000,5,1,0.33026682199852075,0.30333,0.46563,0.23104
mpi,100000,5,2,0.32521538699984376,0.30083,0.46543,0.23374
mpi,100000,5,3,0.3278134409993072,0.30204,0.46598,0.23198
mpi,100000,5,4,0.3278367019993311,0.30314,0.46332,0.23354
mpi,100000,5,5,0.33166636700116214,0.30353,0.46393,0.23254
mpi,100000,6,0,0.3320415509988379,0.30332,0.46578,0.2309
mpi,100000,6,1,0.3362955040011002,0.3042,0.46478,0.23102
mpi,100000,6,2,0.3357201229991915,0.30183,0.46607,0.2321
mpi,100000,6,3,0.3376669480003329,0.30218,0.46617,0.23165
mpi,100000,6,4,0.3303281299995433,0.30242,0.46355,0.23403
mpi,100000,6,5,0.336045448000732,0.30342,0.4638,0.23278
mpi,100000,7,0,0.33519018800143385,0.30165,0.46678,0.23157
mpi,100000,7,1,0.34127450400046655,0.3027,0.46488,0.23242
mpi,100000,7,2,0.33940799699848867,0.30065,0.46616,0.23319
mpi,100000,7,3,0.3428622939991328,0.30185,0.4655,0.23265
mpi,100000,7,4,0.339521870999306,0.30189,0.46402,0.23409
mpi,100000,7,5,0.33641537399853405,0.30354,0.46406,0.2324
mpi,100000,8,0,0.33969290599998203,0.30138,0.46714,0.23148
mpi,100000,8,1,0.3447145640002418,0.30355,0.46354,0.23291
mpi,100000,8,2,0.34752693400150747,0.30056,0.46625,0.23319
mpi,100000,8,3,0.34256884000024,0.30265,0.46475,0.2326
mpi,100000,8,4,0.34379586100112647,0.3025,0.46334,0.23416
mpi,100000,8,5,0.3400951210005587,0.30382,0.46401,0.23217
mpi,200000,1,0,0.32418847200096934,0.301555,0.46547,0.232975
mpi,200000,1,1,0.3281000799997855,0.302645,0.46438,0.232975
mpi,200000,1,2,0.3282932809997874,0.302755,0.46481,0.232435
mpi,200000,1,3,0.32726996800010966,0.301055,0.46473,0.234215
mpi,200000,1,4,0.32370833099957963,0.30147,0.465715,0.232815
mpi,200000,1,5,0.3279824319997715,0.300405,0.46723,0.232365
mpi,200000,2,0,0.32125880899911863,0.30171,0.464145,0.234145
mpi,200000,2,1,0.31974353099940345,0.303385,0.464765,0.23185
mpi,200000,2,2,0.31989312000041537,0.30341,0.464465,0.232125
mpi,200000,2,3,0.3235573470010422,0.30081,0.46566,0.23353
mpi,200000,2,4,0.32043345400052203,0.301935,0.46438,0.233685
mpi,200000,2,5,0.3239140449986735,0.300545,0.466355,0.2331
mpi,200000,3,0,0.3244182460002776,0.30117,0.464275,0.234555
mpi,200000,3,1,0.3272362699990481,0.301375,0.466075,0.23255
mpi,200000,3,2,0.329147179998472,0.302235,0.464545,0.23322
mpi,200000,3,3,0.322809197999959,0.300165,0.465975,0.23386
mpi,200000,3,4,0.32330800100135093,0.30198,0.46547,0.23255
mpi,200000,3,5,0.3245019490004779,0.301715,0.465595,0.23269
mpi,200000,4,0,0.32941253500030143,0.3001,0.46562,0.23428
mpi,200000,4,1,0.3310347569986334,0.301895,0.465925,0.23218
mpi,200000,4,2,0.32919401400067727,0.301905,0.4647,0.233395
mpi,200000,4,3,0.3270223179988534,0.301465,0.465385,0.23315
mpi,200000,4,4,0.3319104980000702,0.301595,0.46572,0.232685
mpi,200000,4,5,0.32788651600094454,0.302215,0.46607,0.231715
mpi,200000,5,0,0.33081826899979205,0.3012,0.46551,0.23329
mpi,200000,5,1,0.3332550440009072,0.30222,0.46575,0.23203
mpi,200000,5,2,0.3318831220003631,0.301505,0.46614,0.232355
mpi,200000,5,3,0.3354020289989421,0.302325,0.464835,0.23284
mpi,200000,5,4,0.3322262959991349,0.30243,0.464115,0.233455
mpi,200000,5,5,0.3320221029989625,0.30291,0.46562,0.23147
mpi,200000,6,0,0.3365049639996869,0.301215,0.466475,0.23231
mpi,200000,6,1,0.34063258599962865,0.303065,0.464575,0.23236
mpi,200000,6,2,0.33908086600058596,0.30235,0.46619,0.23146
mpi,200000,6,3,0.3359058130008634,0.30286,0.46467,0.23247
mpi,200000,6,4,0.332134987000245,0.302145,0.46371,0.234145
mpi,200000,6,5,0.334855349999998,0.303595,0.46501,0.231395
mpi,200000,7,0,0.3400055649999558,0.301785,0.46623,0.231985
mpi,200000,7,1,0.34363891999964835,0.303615,0.465265,0.23112
mpi,200000,7,2,0.3408014090000506,0.301475,0.465995,0.23253
mpi,200000,7,3,0.3427055560005101,0.30245,0.46433,0.23322
mpi,200000,7,4,0.33717683000031684,0.30195,0.46375,0.2343
mpi,200000,7,5,0.3424094089987193,0.30253,0.465415,0.232055
mpi,200000,8,0,0.33958468200034986,0.30127,0.466585,0.232145
mpi,200000,8,1,0.34424605400090513,0.30317,0.46549,0.23134
mpi,200000,8,2,0.3483024610013672,0.3011,0.465705,0.233195
mpi,200000,8,3,0.33943855200050166,0.30258,0.464885,0.232535
mpi,200000,8,4,0.3481154519995471,0.30199,0.463485,0.234525
mpi,200000,8,5,0.34450427800038597,0.302965,0.464595,0.23244
mpi,400000,1,0,0.3352995949990145,0.3021475,0.4652225,0.23263
mpi,400000,1,1,0.3405058400003327,0.302245,0.4652525,0.2325025
mpi,400000,1,2,0.33563924900045095,0.30214,0.4648625,0.2329975
mpi,400000,1,3,0.3438463420006883,0.30183,0.46524,0.23293
mpi,400000,1,4,0.33631791500010877,0.3009575,0.465745,0.2332975
mpi,400000,1,5,0.33532140699935553,0.30021,0.466435,0.233355
mpi,400000,2,0,0.32823102499969536,0.3014825,0.4644775,0.23404
mpi,400000,2,1,0.3273703699996986,0.3029625,0.464485,0.2325525
mpi,400000,2,2,0.3276321930006816,0.3023275,0.46509,0.2325825
mpi,400000,2,3,0.3275268729994423,0.300985,0.465955,0.23306
mpi,400000,2,4,0.3242147759992804,0.3012575,0.4649375,0.233805
mpi,400000,2,5,0.32345816799897875,0.3014025,0.465655,0.2329425
mpi,400000,3,0,0.32419213299908733,0.3017575,0.4647,0.2335425
mpi,400000,3,1,0.33163731600143365,0.3020875,0.4653075,0.232605
mpi,400000,3,2,0.32820714399895223,0.3027275,0.46448,0.2327925
mpi,400000,3,3,0.32813718900069944,0.3007675,0.4660825,0.23315
mpi,400000,3,4,0.33029256199915835,0.302,0.46539,0.23261
mpi,400000,3,5,0.32488269599889463,0.30173,0.4657025,0.2325675
mpi,400000,4,0,0.33053673799986427,0.30152,0.464865,0.233615
mpi,400000,4,1,0.3295316860003368,0.3020775,0.4652575,0.232665
mpi,400000,4,2,0.33157403800032625,0.3026575,0.46423,0.2331125
mpi,400000,4,3,0.3319125380003243,0.301225,0.4660925,0.2326825
mpi,400000,4,4,0.33222931400086964,0.302085,0.4649725,0.2329425
mpi,400000,4,5,0.331622943000184,0.3018325,0.465525,0.2326425
mpi,400000,5,0,0.33657555100035097,0.3011075,0.4658475,0.233045
mpi,400000,5,1,0.33662660700065317,0.3021475,0.4652475,0.232605
mpi,400000,5,2,0.3338192060000438,0.3025475,0.4648075,0.232645
mpi,400000,5,3,0.33715352000035637,0.30087,0.4663125,0.2328175
mpi,400000,5,4,0.33150569099962013,0.3023675,0.46471,0.2329225
mpi,400000,5,5,0.3338901369988889,0.3017775,0.465725,0.2324975
mpi,400000,6,0,0.3389718280013767,0.3012675,0.4658175,0.232915
mpi,400000,6,1,0.3414686009982688,0.3021825,0.4649425,0.232875
mpi,400000,6,2,0.33732753900039825,0.3024375,0.465175,0.2323875
mpi,400000,6,3,0.33707234900066396,0.3014525,0.46571,0.2328375
mpi,400000,6,4,0.3363172930003202,0.3014525,0.46574,0.2328075
mpi,400000,6,5,0.33939972599910107,0.301815,0.4662675,0.2319175
mpi,400000,7,0,0.34469619499941473,0.3007825,0.465905,0.2333125
mpi,400000,7,1,0.3453967770001327,0.30191,0.46525,0.23284
mpi,400000,7,2,0.3420873320010287,0.3018675,0.465285,0.2328475
mpi,400000,7,3,0.3396490459999768,0.3015175,0.46565,0.2328325
mpi,400000,7,4,0.3435335630001646,0.301415,0.46536,0.233225
mpi,400000,7,5,0.3404260239985888,0.301845,0.466895,0.23126
mpi,400000,8,0,0.35152979899976344,0.300255,0.466775,0.23297
mpi,400000,8,1,0.3475254569984827,0.3023425,0.4652125,0.232445
mpi,400000,8,2,0.3512079440006346,0.3016425,0.4656575,0.2327
mpi,400000,8,3,0.3529994250002346,0.3019175,0.46555,0.2325325
mpi,400000,8,4,0.35014661099921796,0.3016225,0.46504,0.2333375
mpi,400000,8,5,0.34900909700081684,0.30168,0.466465,0.231855
mpi,800000,1,0,0.36090296499969554,0.302055,0.465475,0.23247
mpi,800000,1,1,0.36315902800015465,0.302545,0.46566625,0.23178875
mpi,800000,1,2,0.36380155199913133,0.30242,0.46414875,0.23343125
mpi,800000,1,3,0.3640920110010484,0.30171625,0.46583,0.23245375
mpi,800000,1,4,0.3594526600008976,0.3007925,0.4657075,0.2335
mpi,800000,1,5,0.3601011210012075,0.30113125,0.4656725,0.23319625
mpi,800000,2,0,0.3400078280010348,0.301325,0.465005,0.23367
mpi,800000,2,1,0.3406828110000788,0.30266375,0.46493625,0.2324
mpi,800000,2,2,0.34013295600016136,0.301635,0.46560125,0.23276375
mpi,800000,2,3,0.33940431299924967,0.30125125,0.46568,0.23306875
mpi,800000,2,4,0.34403950900014024,0.30083,0.4653275,0.2338425
mpi,800000,2,5,0.3397297299998172,0.30122875,0.4655,0.23327125
mpi,800000,3,0,0.33526852799877815,0.3015225,0.4655325,0.232945
mpi,800000,3,1,0.3396286000006512,0.302235,0.465295,0.23247
mpi,800000,3,2,0.34037552600057097,0.30214375,0.4649425,0.23291375
mpi,800000,3,3,0.3357101749988942,0.30111,0.466005,0.232885
mpi,800000,3,4,0.33969247300046845,0.302265,0.46491875,0.23281625
mpi,800000,3,5,0.3359465880002972,0.302015,0.4653025,0.2326825
mpi,800000,4,0,0.3401271450002241,0.30128875,0.46521625,0.233495
mpi,800000,4,1,0.33989905300040846,0.302545,0.46487875,0.23257625
mpi,800000,4,2,0.3389724029984791,0.3017025,0.465075,0.2332225
mpi,800000,4,3,0.3356853580007737,0.3010675,0.465975,0.2329575
mpi,800000,4,4,0.3352267570007825,0.301725,0.46527875,0.23299625
mpi,800000,4,5,0.3358623259991873,0.30212125,0.46488375,0.232995
mpi,800000,5,0,0.33898686399879807,0.3013725,0.4654275,0.2332
mpi,800000,5,1,0.3413711240009434,0.3025575,0.46489625,0.23254625
mpi,800000,5,2,0.3398691410002357,0.30215875,0.46515875,0.2326825
mpi,800000,5,3,0.33458367200000794,0.30090375,0.4663525,0.23274375
mpi,800000,5,4,0.336038864999864,0.30222,0.465145,0.232635
mpi,800000,5,5,0.3368226519996824,0.3016575,0.46546,0.2328825
mpi,800000,6,0,0.3399900830008846,0.301785,0.46549625,0.23271875
mpi,800000,6,1,0.348125013999379,0.30225125,0.46454375,0.233205
mpi,800000,6,2,0.3414109990008001,0.30257625,0.4652025,0.23222125
mpi,800000,6,3,0.34204821399907814,0.3013975,0.466325,0.2322775
mpi,800000,6,4,0.3408037970002624,0.30181625,0.46574625,0.2324375
mpi,800000,6,5,0.3440695209992555,0.3013325,0.46612,0.2325475
mpi,800000,7,0,0.3452863230013463,0.301345,0.466095,0.23256
mpi,800000,7,1,0.34838292799940973,0.30258625,0.46448875,0.232925
mpi,800000,7,2,0.346429478000573,0.30248625,0.46516875,0.232345
mpi,800000,7,3,0.34387166499982413,0.30135125,0.46628375,0.232365
mpi,800000,7,4,0.3438525719993777,0.30191375,0.46540875,0.2326775
mpi,800000,7,5,0.34318602699931944,0.30071125,0.46671,0.23257875
mpi,800000,8,0,0.3500903059994016,0.30142875,0.46616,0.23241125
mpi,800000,8,1,0.35164815499956603,0.30233375,0.46458625,0.23308
mpi,800000,8,2,0.347495299000002,0.3018525,0.46552375,0.23262375
mpi,800000,8,3,0.3502200040002208,0.30142625,0.4660425,0.23253125
mpi,800000,8,4,0.34861735199956456,0.3021975,0.46484,0.2329625
mpi,800000,8,5,0.34834542100179533,0.30114,0.46600375,0.23285625
mpi,1600000,1,0,0.4087370689994714,0.30205188,0.46525688,0.23269125
mpi,1600000,1,1,0.411825511000643,0.30189625,0.46593375,0.23217
mpi,1600000,1,2,0.4119521729990083,0.30236438,0.46446437,0.23317125
mpi,1600000,1,3,0.4078298910008016,0.3022875,0.465425,0.2322875
mpi,1600000,1,4,0.4077431700006855,0.30135375,0.46535312,0.23329312
mpi,1600000,1,5,0.4077681550006673,0.30166,0.46555812,0.23278187
mpi,1600000,2,0,0.38044331600031,0.30173125,0.46534813,0.23292062
mpi,1600000,2,1,0.36796905499977584,0.30258875,0.46537125,0.23204
mpi,1600000,2,2,0.3633091890005744,0.30193063,0.4651375,0.23293188
mpi,1600000,2,3,0.3679254630005744,0.3015125,0.465845,0.2326425
mpi,1600000,2,4,0.36395755400008056,0.30108187,0.46547187,0.23344625
mpi,1600000,2,5,0.36461329700068745,0.30158313,0.46549125,0.23292562
mpi,1600000,3,0,0.35296428599940555,0.30160313,0.46565125,0.23274563
mpi,1600000,3,1,0.3557507719997375,0.3026325,0.46545625,0.23191125
mpi,1600000,3,2,0.35642570500021975,0.30180875,0.46493563,0.23325562
mpi,1600000,3,3,0.35616229900006147,0.3012075,0.46612687,0.23266562
mpi,1600000,3,4,0.3556504709995352,0.301445,0.46567313,0.23288187
mpi,1600000,3,5,0.3503370870002982,0.30173125,0.46533625,0.2329325
mpi,1600000,4,0,0.3485082670013071,0.3012925,0.46566062,0.23304687
mpi,1600000,4,1,0.35191348700027447,0.30246,0.46516937,0.23237062
mpi,1600000,4,2,0.3514973559995269,0.3013375,0.46542875,0.23323375
mpi,1600000,4,3,0.35281811300046684,0.30153625,0.46580938,0.23265437
mpi,1600000,4,4,0.35187055399910605,0.30160938,0.46548125,0.23290938
mpi,1600000,4,5,0.3525290870002209,0.30184,0.4650075,0.2331525
mpi,1600000,5,0,0.3482126029994106,0.30164062,0.46559375,0.23276563
mpi,1600000,5,1,0.34729606800101465,0.30208062,0.46525563,0.23266375
mpi,1600000,5,2,0.34809947599933366,0.3015125,0.46518437,0.23330313
mpi,1600000,5,3,0.34779176200026996,0.30155625,0.4658175,0.23262625
mpi,1600000,5,4,0.3467346550005459,0.30217625,0.46504187,0.23278187
mpi,1600000,5,5,0.3448510449998139,0.30181938,0.46517562,0.233005
mpi,1600000,6,0,0.3502492360003089,0.3018325,0.46562188,0.23254563
mpi,1600000,6,1,0.35554987299838103,0.3020375,0.46515625,0.23280625
mpi,1600000,6,2,0.35338081999907445,0.30176063,0.4654825,0.23275688
mpi,1600000,6,3,0.35183563900136505,0.30174625,0.46607125,0.2321825
mpi,1600000,6,4,0.3556890359996032,0.30199625,0.46507938,0.23292437
mpi,1600000,6,5,0.3477060489985888,0.30160188,0.46553187,0.23286625
mpi,1600000,7,0,0.3521559790005995,0.30162062,0.46584687,0.2325325
mpi,1600000,7,1,0.35642282299886574,0.30211875,0.46523375,0.2326475
mpi,1600000,7,2,0.3561796759986464,0.30175937,0.46553937,0.23270125
mpi,1600000,7,3,0.35611234699899796,0.30146875,0.46616687,0.23236438
mpi,1600000,7,4,0.35115018599935865,0.30211063,0.46493125,0.23295812
mpi,1600000,7,5,0.3526775339996675,0.30147438,0.46564312,0.2328825
mpi,1600000,8,0,0.35659479900095903,0.30167375,0.46595188,0.23237437
mpi,1600000,8,1,0.3584576189987274,0.30226125,0.46512562,0.23261313
mpi,1600000,8,2,0.3568525500013493,0.30151875,0.46579625,0.232685
mpi,1600000,8,3,0.35556232499948237,0.30143562,0.46619187,0.2323725
mpi,1600000,8,4,0.35087469999962195,0.30192,0.46514187,0.23293812
mpi,1600000,8,5,0.35623112299981585,0.30138687,0.46553813,0.233075
mpi,3200000,1,0,0.5159313759995712,0.30188219,0.46519625,0.23292156
mpi,3200000,1,1,0.5040773349992378,0.30166562,0.46626469,0.23206969
mpi,3200000,1,2,0.5038910139992367,0.30199531,0.46506938,0.23293531
mpi,3200000,1,3,0.4987113090010098,0.3015975,0.46569531,0.23270719
mpi,3200000,1,4,0.4957428390007408,0.30161594,0.46577344,0.23261062
mpi,3200000,1,5,0.4921487489991705,0.30189813,0.46541594,0.23268594
mpi,3200000,2,0,0.40478144199914823,0.3018875,0.46538281,0.23272969
mpi,3200000,2,1,0.40330564600117214,0.30183031,0.46597531,0.23219438
mpi,3200000,2,2,0.4074269419998018,0.30209656,0.46507,0.23283344
mpi,3200000,2,3,0.40785074199993687,0.30197406,0.46535031,0.23267562
mpi,3200000,2,4,0.4079469070002233,0.30152406,0.46548375,0.23299219
mpi,3200000,2,5,0.4040138170003047,0.30185125,0.46547594,0.23267281
mpi,3200000,3,0,0.3812865880008758,0.30174688,0.46580875,0.23244438
mpi,3200000,3,1,0.387632965001103,0.30240312,0.46583594,0.23176094
mpi,3200000,3,2,0.4716512189988862,0.30195125,0.46514437,0.23290437
mpi,3200000,3,3,0.3848389290014893,0.30184719,0.46554594,0.23260687
mpi,3200000,3,4,0.37914028900013363,0.30163812,0.4656225,0.23273937
mpi,3200000,3,5,0.38422074600021006,0.3018475,0.46526469,0.23288781
mpi,3200000,4,0,0.3733313230004569,0.3016175,0.46592031,0.23246219
mpi,3200000,4,1,0.37521379600002547,0.30246563,0.46553719,0.23199719
mpi,3200000,4,2,0.3758760849996179,0.30176531,0.46513656,0.23309812
mpi,3200000,4,3,0.37190075000034994,0.30189656,0.46567531,0.23242813
mpi,3200000,4,4,0.37193674000081955,0.30152937,0.46554031,0.23293031
mpi,3200000,4,5,0.37109773399970436,0.30193031,0.465135,0.23293469
mpi,3200000,5,0,0.3743932310007949,0.30163969,0.46589875,0.23246156
mpi,3200000,5,1,0.3716271030007192,0.30230125,0.46554969,0.23214906
mpi,3200000,5,2,0.3734343450014421,0.30150906,0.46533625,0.23315469
mpi,3200000,5,3,0.36962086600033217,0.30173062,0.46576156,0.23250781
mpi,3200000,5,4,0.36893003399927693,0.30168062,0.46557125,0.23274813
mpi,3200000,5,5,0.36595181099983165,0.30186656,0.46508688,0.23304656
mpi,3200000,6,0,0.3698353540003154,0.30187812,0.46566344,0.23245844
mpi,3200000,6,1,0.373838531999354,0.3022325,0.46535031,0.23241719
mpi,3200000,6,2,0.37542313300036767,0.30138125,0.46556219,0.23305656
mpi,3200000,6,3,0.36318292999931145,0.30188531,0.46589094,0.23222375
mpi,3200000,6,4,0.3655113019995042,0.30170344,0.46545281,0.23284375
mpi,3200000,6,5,0.3668299010005285,0.30169406,0.46541938,0.23288656
mpi,3200000,7,0,0.3684097210007167,0.30189813,0.46556,0.23254188
mpi,3200000,7,1,0.37546287500117614,0.30220406,0.46535469,0.23244125
mpi,3200000,7,2,0.372059437999269,0.30146625,0.46575219,0.23278156
mpi,3200000,7,3,0.3645037369988131,0.30186438,0.46590781,0.23222781
mpi,3200000,7,4,0.3666773019995162,0.30180375,0.46541688,0.23277938
mpi,3200000,7,5,0.3649208530005126,0.30146031,0.46556406,0.23297562
mpi,3200000,8,0,0.37287846300023375,0.30190719,0.46568219,0.23241063
mpi,3200000,8,1,0.3715810909998254,0.30228344,0.46525406,0.2324625
mpi,3200000,8,2,0.3731610880004155,0.30104125,0.46609906,0.23285969
mpi,3200000,8,3,0.37526848600100493,0.30177906,0.46592031,0.23230063
mpi,3200000,8,4,0.3749407909999718,0.30182844,0.46531406,0.2328575
mpi,3200000,8,5,0.3715296579994174,0.30125375,0.46553219,0.23321406
mpi,6400000,1,0,0.7036890949984809,0.30172766,0.46577844,0.23249391
mpi,6400000,1,1,0.6878752250013349,0.30174797,0.46584969,0.23240234
mpi,6400000,1,2,0.6956740160003392,0.30191937,0.46516547,0.23291516
mpi,6400000,1,3,0.6873528600008285,0.30190203,0.46536344,0.23273453
mpi,6400000,1,4,0.6926984079982503,0.30157937,0.46584844,0.23257219
mpi,6400000,1,5,0.6882849100002204,0.30174156,0.46565812,0.23260031
mpi,6400000,2,0,0.5084406080004555,0.30196047,0.46507359,0.23296594
mpi,6400000,2,1,0.5121572759999253,0.30168563,0.46598187,0.2323325
mpi,6400000,2,2,0.5114034629987145,0.30187234,0.46531422,0.23281344
mpi,6400000,2,3,0.5081993170006172,0.30162062,0.46562297,0.23275641
mpi,6400000,2,4,0.5071371479989466,0.30183266,0.46535422,0.23281313
mpi,6400000,2,5,0.5086033459992905,0.30191625,0.46536109,0.23272266
mpi,6400000,3,0,0.4480421429998387,0.30187531,0.46558906,0.23253562
mpi,6400000,3,1,0.44803972899899236,0.30173109,0.46604219,0.23222672
mpi,6400000,3,2,0.4468570279987034,0.30188531,0.46526734,0.23284734
mpi,6400000,3,3,0.44457404000058887,0.30176406,0.46555797,0.23267797
mpi,6400000,3,4,0.45419785500052967,0.30173672,0.46579375,0.23246953
mpi,6400000,3,5,0.4450225769996905,0.30171016,0.46545469,0.23283516
mpi,6400000,4,0,0.4209597130011389,0.30164375,0.46599969,0.23235656
mpi,6400000,4,1,0.4201211660001718,0.30185234,0.46591063,0.23223703
mpi,6400000,4,2,0.42341925099935906,0.30189938,0.46525187,0.23284875
mpi,6400000,4,3,0.4193637199987279,0.30183328,0.46561453,0.23255219
mpi,6400000,4,4,0.4202278640004806,0.30167516,0.46556969,0.23275516
mpi,6400000,4,5,0.41965935999905923,0.30187516,0.46539938,0.23272547
mpi,6400000,5,0,0.40498177299923555,0.301595,0.46594062,0.23246438
mpi,6400000,5,1,0.4074385820003954,0.30199016,0.46584359,0.23216625
mpi,6400000,5,2,0.4074653740008216,0.30178641,0.46522594,0.23298766
mpi,6400000,5,3,0.4044817880003393,0.30186969,0.46569344,0.23243687
mpi,6400000,5,4,0.40329427299911913,0.30163344,0.46553,0.23283656
mpi,6400000,5,5,0.4042081789993972,0.30185781,0.46524609,0.23289609
mpi,6400000,6,0,0.4638172190007026,0.30178203,0.46581,0.23240797
mpi,6400000,6,1,0.42871234500125865,0.30214078,0.46562375,0.23223547
mpi,6400000,6,2,0.40224293599931116,0.30164641,0.4653475,0.23300609
mpi,6400000,6,3,0.39993641399996704,0.30193469,0.46570594,0.23235938
mpi,6400000,6,4,0.4224076659993443,0.30171797,0.46531266,0.23296938
mpi,6400000,6,5,0.3975536669986468,0.30176734,0.46535156,0.23288109
mpi,6400000,7,0,0.4043922319997364,0.30175344,0.46578188,0.23246469
mpi,6400000,7,1,0.44873120300144365,0.30205984,0.46566687,0.23227328
mpi,6400000,7,2,0.39813190000131726,0.30167906,0.46547563,0.23284531
mpi,6400000,7,3,0.3973354179997841,0.30195734,0.46582187,0.23222078
mpi,6400000,7,4,0.3908840930016595,0.30171891,0.46536547,0.23291562
mpi,6400000,7,5,0.39565976900121314,0.30167516,0.46545016,0.23287469
mpi,6400000,8,0,0.40018091999991157,0.30178172,0.46585312,0.23236516
mpi,6400000,8,1,0.3999651369995263,0.30213594,0.46558719,0.23227687
mpi,6400000,8,2,0.4086194739993516,0.30152406,0.46561266,0.23286328
mpi,6400000,8,3,0.4003188560000126,0.30190109,0.46583391,0.232265
mpi,6400000,8,4,0.3938804800000071,0.30164875,0.46545734,0.23289391
mpi,6400000,8,5,0.393240720999529,0.30162219,0.46537859,0.23299922
mpi,12800000,1,0,1.0676692970009753,0.301795,0.46563547,0.23256953
mpi,12800000,1,1,1.0637587479996,0.30172148,0.46575703,0.23252148
mpi,12800000,1,2,1.075765980000142,0.30182641,0.46551406,0.23265953
mpi,12800000,1,3,1.0760745340012363,0.30182195,0.46551336,0.23266469
mpi,12800000,1,4,1.0599182579990156,0.30162875,0.46573578,0.23263547
mpi,12800000,1,5,1.0635524729987083,0.30169859,0.4656532,0.2326482
mpi,12800000,2,0,0.7035521140005585,0.30178328,0.46551375,0.23270297
mpi,12800000,2,1,0.6961631169997418,0.30178063,0.46560375,0.23261562
mpi,12800000,2,2,0.6954007519998413,0.30180242,0.46542461,0.23277297
mpi,12800000,2,3,0.6960591479983123,0.30178109,0.46548031,0.23273859
mpi,12800000,2,4,0.7043344779995095,0.30171047,0.46554656,0.23274297
mpi,12800000,2,5,0.7032503179998457,0.3017768,0.46565984,0.23256336
mpi,12800000,3,0,0.5754964139996446,0.30182211,0.46552594,0.23265195
mpi,12800000,3,1,0.5764824630005023,0.30176477,0.46580266,0.23243258
mpi,12800000,3,2,0.5757178199983173,0.30177289,0.46554398,0.23268312
mpi,12800000,3,3,0.5782579120004812,0.3017082,0.46557711,0.23271469
mpi,12800000,3,4,0.5777440660003776,0.30170914,0.46575266,0.2325382
mpi,12800000,3,5,0.5749107000010554,0.3018032,0.46534273,0.23285406
mpi,12800000,4,0,0.520713350000733,0.301795,0.46549141,0.23271359
mpi,12800000,4,1,0.5194225139985065,0.301735,0.46590945,0.23235555
mpi,12800000,4,2,0.5157372379999288,0.301805,0.46553008,0.23266492
mpi,12800000,4,3,0.5119056250005087,0.30166797,0.46563539,0.23269664
mpi,12800000,4,4,0.5201492070009408,0.30175742,0.46564227,0.23260031
mpi,12800000,4,5,0.5154221630000393,0.3018693,0.46541406,0.23271664
mpi,12800000,5,0,0.48478760900070483,0.30174367,0.46561641,0.23263992
mpi,12800000,5,1,0.5077298019987211,0.30180398,0.46590406,0.23229195
mpi,12800000,5,2,0.48412743100016087,0.30177437,0.46543406,0.23279156
mpi,12800000,5,3,0.4852675009988161,0.30172172,0.46567875,0.23259953
mpi,12800000,5,4,0.48127803200077324,0.30173867,0.46563109,0.23263023
mpi,12800000,5,5,0.4848789059997216,0.30175977,0.46549281,0.23274742
mpi,12800000,6,0,0.4684397849996458,0.30183125,0.46562391,0.23254484
mpi,12800000,6,1,0.47898732099929475,0.30181094,0.46571742,0.23247164
mpi,12800000,6,2,0.46817566100071417,0.30171734,0.46547086,0.2328118
mpi,12800000,6,3,0.4639854880006169,0.30174438,0.46576828,0.23248734
mpi,12800000,6,4,0.4671925349994126,0.30185383,0.46547945,0.23266672
mpi,12800000,6,5,0.5080380529998365,0.30175516,0.46553297,0.23271188
mpi,12800000,7,0,0.4562663300002896,0.30185445,0.46552539,0.23262016
mpi,12800000,7,1,0.4586172269991948,0.30181883,0.46572586,0.23245531
mpi,12800000,7,2,0.4558691029997135,0.3017507,0.46542352,0.23282578
mpi,12800000,7,3,0.45765460099937627,0.30181547,0.46572375,0.23246078
mpi,12800000,7,4,0.468419400998755,0.30178516,0.46545219,0.23276266
mpi,12800000,7,5,0.4550067300006049,0.30177141,0.46549805,0.23273055
mpi,12800000,8,0,0.4464215999996668,0.30170141,0.46575227,0.23254633
mpi,12800000,8,1,0.4587671279987262,0.3019007,0.46571117,0.23238813
mpi,12800000,8,2,0.4485860220011091,0.30163859,0.46544281,0.23291859
mpi,12800000,8,3,0.4726815459998761,0.30183469,0.46567781,0.2324875
mpi,12800000,8,4,0.4540476319998561,0.30173398,0.46545188,0.23281414
mpi,12800000,8,5,0.47510168900043936,0.30182148,0.46546227,0.23271625
serial,100000,1,0,0.009080773999812664,0.302,0.46548,0.23252
serial,100000,1,1,0.009219387000484858,0.30147,0.46564,0.23289
serial,100000,1,2,0.008931849000873626,0.30144,0.4647,0.23386
serial,100000,1,3,0.009215272000801633,0.30498,0.46385,0.23117
serial,100000,1,4,0.008891445000699605,0.30111,0.46736,0.23153
serial,100000,1,5,0.00899150599980203,0.30056,0.46726,0.23218
serial,200000,1,0,0.017609837999771116,0.301695,0.465665,0.23264
serial,200000,1,1,0.017521694000606658,0.301375,0.46541,0.233215
serial,200000,1,2,0.017131855000116047,0.30189,0.465085,0.233025
serial,200000,1,3,0.017082160000427393,0.30375,0.463625,0.232625
serial,200000,1,4,0.017198351000843104,0.300615,0.466715,0.23267
serial,200000,1,5,0.01733708900064812,0.301245,0.466695,0.23206
serial,400000,1,0,0.03363131999867619,0.30086,0.465915,0.233225
serial,400000,1,1,0.03349357300066913,0.301395,0.465195,0.23341
serial,400000,1,2,0.030659092999485438,0.301485,0.4657475,0.2327675
serial,400000,1,3,0.030258900000262656,0.30309,0.464405,0.232505
serial,400000,1,4,0.030306139999083825,0.3021225,0.465675,0.2322025
serial,400000,1,5,0.03020096799991734,0.3012225,0.46647,0.2323075
serial,800000,1,0,0.06059793799977342,0.30107,0.46631375,0.23261625
serial,800000,1,1,0.06034728799932054,0.3013975,0.4653925,0.23321
serial,800000,1,2,0.059938899999906425,0.3012175,0.46583625,0.23294625
serial,800000,1,3,0.06020378600078402,0.30225625,0.46527,0.23247375
serial,800000,1,4,0.06034463300056814,0.3024375,0.464685,0.2328775
serial,800000,1,5,0.05974655299905862,0.30105375,0.46675375,0.2321925
serial,1600000,1,0,0.11917250199985574,0.30163875,0.46586187,0.23249938
serial,1600000,1,1,0.11755982099930407,0.30176313,0.46549,0.23274687
serial,1600000,1,2,0.11841401899982884,0.30126125,0.46590312,0.23283562
serial,1600000,1,3,0.12064737699984107,0.30237313,0.46523437,0.2323925
serial,1600000,1,4,0.1182008579999092,0.3019275,0.4652475,0.232825
serial,1600000,1,5,0.11998712300010084,0.30151187,0.46643125,0.23205687
serial,3200000,1,0,0.23786212900085957,0.30182625,0.46569906,0.23247469
serial,3200000,1,1,0.23593364599946653,0.30158687,0.4656075,0.23280562
serial,3200000,1,2,0.2355371739995462,0.30151844,0.46562219,0.23285938
serial,3200000,1,3,0.23585699999966891,0.30206656,0.46527031,0.23266312
serial,3200000,1,4,0.23560141799862322,0.30180187,0.46548281,0.23271531
serial,3200000,1,5,0.23579260599944973,0.30167688,0.46609625,0.23222687
serial,6400000,1,0,0.46923634199993103,0.30204938,0.46543297,0.23251766
serial,6400000,1,1,0.4681128699994588,0.301685,0.46542125,0.23289375
serial,6400000,1,2,0.4692813969995768,0.30176859,0.46539141,0.23284
serial,6400000,1,3,0.46978942699934123,0.30211047,0.46508813,0.23280141
serial,6400000,1,4,0.4726392009997653,0.30174828,0.46542672,0.232825
serial,6400000,1,5,0.4718870300002891,0.30161547,0.46599016,0.23239437
serial,12800000,1,0,0.9429484270003741,0.30192562,0.46554656,0.23252781
serial,12800000,1,1,0.9382909109990578,0.30183656,0.46550508,0.23265836
serial,12800000,1,2,0.940630068000246,0.3017432,0.46553648,0.23272031
serial,12800000,1,3,0.9379756179987453,0.30189086,0.46534031,0.23276883
serial,12800000,1,4,0.940574801999901,0.30187336,0.46526352,0.23286313
serial,12800000,1,5,0.9397580469994864,0.30173078,0.46581195,0.23245727
pthreads,100000,1,0,0.007213789000161341,0.3023,0.46462,0.23308
pthreads,100000,1,1,0.007392169998638565,0.3038,0.46482,0.23138
pthreads,100000,1,2,0.007895222999650287,0.30377,0.46422,0.23201
pthreads,100000,1,3,0.007169631000579102,0.30223,0.4637,0.23407
pthreads,100000,1,4,0.007251225000800332,0.30201,0.46557,0.23242
pthreads,100000,1,5,0.006854774999737856,0.29851,0.46869,0.2328
pthreads,100000,2,0,0.004442559000381152,0.29945,0.46639,0.23416
pthreads,100000,2,1,0.0041056480004044715,0.30209,0.46575,0.23216
pthreads,100000,2,2,0.00463519400000223,0.30301,0.46541,0.23158
pthreads,100000,2,3,0.004534784000497893,0.30009,0.4649,0.23501
pthreads,100000,2,4,0.004240484999172622,0.30372,0.46451,0.23177
pthreads,100000,2,5,0.004501342998992186,0.30082,0.468,0.23118
pthreads,100000,3,0,0.0033604190011828905,0.30094,0.46602,0.23304
pthreads,100000,3,1,0.003457078000792535,0.30133,0.46526,0.23341
pthreads,100000,3,2,0.0035255999991932185,0.30245,0.46553,0.23202
pthreads,100000,3,3,0.003594874000555137,0.30052,0.46611,0.23337
pthreads,100000,3,4,0.0034952259993588086,0.30242,0.46528,0.2323
pthreads,100000,3,5,0.003581430999474833,0.30137,0.46779,0.23084
pthreads,100000,4,0,0.0030963429999246728,0.30122,0.46598,0.2328
pthreads,100000,4,1,0.004423393998877145,0.30234,0.46649,0.23117
pthreads,100000,4,2,0.0039153069992607925,0.302,0.46536,0.23264
pthreads,100000,4,3,0.003350044000399066,0.30188,0.4657,0.23242
pthreads,100000,4,4,0.003014849000464892,0.30307,0.46457,0.23236
pthreads,100000,4,5,0.0036830310000368627,0.30001,0.46892,0.23107
pthreads,100000,5,0,0.0035180209997633938,0.30325,0.46473,0.23202
pthreads,100000,5,1,0.004053277998536942,0.30302,0.4654,0.23158
pthreads,100000,5,2,0.0036987659987062216,0.30061,0.46635,0.23304
pthreads,100000,5,3,0.004005941000286839,0.30158,0.46618,0.23224
pthreads,100000,5,4,0.0036137829993094783,0.30353,0.46395,0.23252
pthreads,100000,5,5,0.0037147049988561776,0.30055,0.46867,0.23078
pthreads,100000,6,0,0.0035993519995827228,0.30142,0.46506,0.23352
pthreads,100000,6,1,0.0034103809994121548,0.30303,0.4653,0.23167
pthreads,100000,6,2,0.004129766999540152,0.3009,0.46679,0.23231
pthreads,100000,6,3,0.0035774019997916184,0.30139,0.46629,0.23232
pthreads,100000,6,4,0.0036551350003719563,0.30476,0.46327,0.23197
pthreads,100000,6,5,0.0036962670001230435,0.30148,0.46928,0.22924
pthreads,100000,7,0,0.004094398000233923,0.30077,0.46511,0.23412
pthreads,100000,7,1,0.004071264000231167,0.30268,0.46527,0.23205
pthreads,100000,7,2,0.004459151999981259,0.30008,0.4663,0.23362
pthreads,100000,7,3,0.003915045999747235,0.30226,0.46561,0.23213
pthreads,100000,7,4,0.00408787400010624,0.30457,0.46485,0.23058
pthreads,100000,7,5,0.0038335120007104706,0.30218,0.46896,0.22886
pthreads,100000,8,0,0.004001129000243964,0.30229,0.46325,0.23446
pthreads,100000,8,1,0.003912031999789178,0.30315,0.46598,0.23087
pthreads,100000,8,2,0.003700369999933173,0.30002,0.46582,0.23416
pthreads,100000,8,3,0.0036998539999331115,0.30223,0.46673,0.23104
pthreads,100000,8,4,0.0036723600005643675,0.30577,0.46458,0.22965
pthreads,100000,8,5,0.003655752998383832,0.30252,0.4677,0.22978
pthreads,200000,1,0,0.01347604200054775,0.301555,0.46547,0.232975
pthreads,200000,1,1,0.013106592999974964,0.302645,0.46438,0.232975
pthreads,200000,1,2,0.013112726001054398,0.302755,0.46481,0.232435
pthreads,200000,1,3,0.012799971000276855,0.301055,0.46473,0.234215
pthreads,200000,1,4,0.013802513998598442,0.30147,0.465715,0.232815
pthreads,200000,1,5,0.013402863000010257,0.300405,0.46723,0.232365
pthreads,200000,2,0,0.008296431000417215,0.30162,0.46515,0.23323
pthreads,200000,2,1,0.007668259999263682,0.302875,0.464875,0.23225
pthreads,200000,2,2,0.007457409001290216,0.303915,0.464365,0.23172
pthreads,200000,2,3,0.007863998998800525,0.30108,0.46444,0.23448
pthreads,200000,2,4,0.007756596000035643,0.303155,0.465015,0.23183
pthreads,200000,2,5,0.007483231000151136,0.3003,0.46781,0.23189
pthreads,200000,3,0,0.0075155630001972895,0.301585,0.465435,0.23298
pthreads,200000,3,1,0.005710339999495773,0.30236,0.465225,0.232415
pthreads,200000,3,2,0.005942429999777232,0.30307,0.46438,0.23255
pthreads,200000,3,3,0.005743963998611434,0.300025,0.465435,0.23454
pthreads,200000,3,4,0.0060421119997045025,0.302885,0.46476,0.232355
pthreads,200000,3,5,0.005903782001041691,0.3009,0.466835,0.232265
pthreads,200000,4,0,0.005148926000401843,0.30052,0.466995,0.232485
pthreads,200000,4,1,0.005134576000273228,0.30177,0.4655,0.23273
pthreads,200000,4,2,0.005330832000254304,0.3029,0.464275,0.232825
pthreads,200000,4,3,0.005846302999998443,0.301655,0.46472,0.233625
pthreads,200000,4,4,0.005119894000017666,0.302755,0.464365,0.23288
pthreads,200000,4,5,0.005093628000395256,0.300915,0.46703,0.232055
pthreads,200000,5,0,0.0066387099996063625,0.301475,0.465595,0.23293
pthreads,200000,5,1,0.005461103999550687,0.30213,0.465125,0.232745
pthreads,200000,5,2,0.005335789999662666,0.301775,0.464735,0.23349
pthreads,200000,5,3,0.005574111999521847,0.302095,0.46562,0.232285
pthreads,200000,5,4,0.0053865459994995035,0.303205,0.463715,0.23308
pthreads,200000,5,5,0.005366421999497106,0.30091,0.46744,0.23165
pthreads,200000,6,0,0.006222363999768277,0.301605,0.465465,0.23293
pthreads,200000,6,1,0.005283758000587113,0.30172,0.46531,0.23297
pthreads,200000,6,2,0.005249141999229323,0.30165,0.465465,0.232885
pthreads,200000,6,3,0.005164137000974733,0.301585,0.465665,0.23275
pthreads,200000,6,4,0.005465008000101079,0.303515,0.46396,0.232525
pthreads,200000,6,5,0.005248038998615812,0.301715,0.467425,0.23086
pthreads,200000,7,0,0.0063926560014806455,0.30175,0.46518,0.23307
pthreads,200000,7,1,0.005946401999608497,0.301545,0.465925,0.23253
pthreads,200000,7,2,0.004837114000110887,0.30069,0.465975,0.233335
pthreads,200000,7,3,0.006285970001044916,0.301735,0.465955,0.23231
pthreads,200000,7,4,0.006289885001024231,0.304035,0.464385,0.23158
pthreads,200000,7,5,0.006178907000503386,0.302055,0.46649,0.231455
pthreads,200000,8,0,0.005684298999767634,0.302105,0.46432,0.233575
pthreads,200000,8,1,0.006136758000138798,0.301605,0.467,0.231395
pthreads,200000,8,2,0.006273556000451208,0.300815,0.465995,0.23319
pthreads,200000,8,3,0.006477385000835056,0.30187,0.466785,0.231345
pthreads,200000,8,4,0.006547823999426328,0.304275,0.46403,0.231695
pthreads,200000,8,5,0.006708314000206883,0.301835,0.4671,0.231065
pthreads,400000,1,0,0.02570460899914906,0.3021475,0.4652225,0.23263
pthreads,400000,1,1,0.024878548998458427,0.302245,0.4652525,0.2325025
pthreads,400000,1,2,0.024917229999118717,0.30214,0.4648625,0.2329975
pthreads,400000,1,3,0.025534186999720987,0.30183,0.46524,0.23293
pthreads,400000,1,4,0.02508708899949852,0.3009575,0.465745,0.2332975
pthreads,400000,1,5,0.02486215099997935,0.30021,0.466435,0.233355
pthreads,400000,2,0,0.014021927001522272,0.3016025,0.4644825,0.233915
pthreads,400000,2,1,0.013895468999180594,0.3021975,0.46477,0.2330325
pthreads,400000,2,2,0.014159361999190878,0.3031675,0.4650825,0.23175
pthreads,400000,2,3,0.014004073000251083,0.300055,0.466075,0.23387
pthreads,400000,2,4,0.013989134999064845,0.3027325,0.4647125,0.232555
pthreads,400000,2,5,0.013921783000114374,0.300855,0.4670125,0.2321325
pthreads,400000,3,0,0.011206224000488874,0.3027075,0.464805,0.2324875
pthreads,400000,3,1,0.010551512001256924,0.3025125,0.46459,0.2328975
pthreads,400000,3,2,0.010513777000596747,0.3025625,0.4659425,0.231495
pthreads,400000,3,3,0.010487716999705299,0.300585,0.4655925,0.2338225
pthreads,400000,3,4,0.010674718001610017,0.302415,0.4648025,0.2327825
pthreads,400000,3,5,0.010667403001207276,0.300675,0.466775,0.23255
pthreads,400000,4,0,0.009819840001000557,0.3022375,0.4657675,0.231995
pthreads,400000,4,1,0.009190709000904462,0.30268,0.464655,0.232665
pthreads,400000,4,2,0.009012854001412052,0.302835,0.4641075,0.2330575
pthreads,400000,4,3,0.009053305000634282,0.30173,0.46497,0.2333
pthreads,400000,4,4,0.008981774999483605,0.30244,0.4648775,0.2326825
pthreads,400000,4,5,0.00919826100107457,0.3011925,0.4664325,0.232375
pthreads,400000,5,0,0.00919902900022862,0.30164,0.465975,0.232385
pthreads,400000,5,1,0.009093018999919877,0.3025275,0.46545,0.2320225
pthreads,400000,5,2,0.009476662000452052,0.30288,0.4639025,0.2332175
pthreads,400000,5,3,0.009383270999023807,0.30135,0.465395,0.233255
pthreads,400000,5,4,0.009214861998771084,0.302595,0.46484,0.232565
pthreads,400000,5,5,0.009909533999234554,0.3010875,0.466,0.2329125
pthreads,400000,6,0,0.008920545998989837,0.3016375,0.46552,0.2328425
pthreads,400000,6,1,0.010796108999784337,0.3022175,0.46517,0.2326125
pthreads,400000,6,2,0.011825556999610853,0.3024875,0.46405,0.2334625
pthreads,400000,6,3,0.009850607999396743,0.300865,0.46539,0.233745
pthreads,400000,6,4,0.010047642999779782,0.302815,0.464705,0.23248
pthreads,400000,6,5,0.008865862999300589,0.301455,0.46623,0.232315
pthreads,400000,7,0,0.011474049999378622,0.3013875,0.4659475,0.232665
pthreads,400000,7,1,0.011586292999709258,0.30139,0.4657975,0.2328125
pthreads,400000,7,2,0.011057821999202133,0.301735,0.46447,0.233795
pthreads,400000,7,3,0.012414117001753766,0.301535,0.465285,0.23318
pthreads,400000,7,4,0.011148457999297534,0.302625,0.4647525,0.2326225
pthreads,400000,7,5,0.011249200000747805,0.30157,0.46599,0.23244
pthreads,400000,8,0,0.01134297699900344,0.30169,0.4653675,0.2329425
pthreads,400000,8,1,0.011838237000119989,0.301725,0.46569,0.232585
pthreads,400000,8,2,0.012035747000481933,0.30136,0.464915,0.233725
pthreads,400000,8,3,0.011766727000576793,0.3014225,0.4657975,0.23278
pthreads,400000,8,4,0.01134055799957423,0.302785,0.4645825,0.2326325
pthreads,400000,8,5,0.010105048999321298,0.30216,0.4657525,0.2320875
pthreads,800000,1,0,0.048909649998677196,0.302055,0.465475,0.23247
pthreads,800000,1,1,0.049173072999110445,0.302545,0.46566625,0.23178875
pthreads,800000,1,2,0.04959228500047175,0.30242,0.46414875,0.23343125
pthreads,800000,1,3,0.048672363000150654,0.30171625,0.46583,0.23245375
pthreads,800000,1,4,0.04879096200056665,0.3007925,0.4657075,0.2335
pthreads,800000,1,5,0.049352574000295135,0.30113125,0.4656725,0.23319625
pthreads,800000,2,0,0.02633238900125434,0.3017525,0.46473625,0.23351125
pthreads,800000,2,1,0.026776855998832616,0.3020425,0.46550875,0.23244875
pthreads,800000,2,2,0.026857271001063054,0.30287375,0.4650325,0.23209375
pthreads,800000,2,3,0.02698056899862422,0.30110625,0.46563125,0.2332625
pthreads,800000,2,4,0.02687694499945792,0.30203625,0.4650525,0.23291125
pthreads,800000,2,5,0.02653264899890928,0.30111375,0.46607375,0.2328125
pthreads,800000,3,0,0.0209462729999359,0.30212125,0.46486,0.23301875
pthreads,800000,3,1,0.034440047000316554,0.30196375,0.46562,0.23241625
pthreads,800000,3,2,0.022805275999417063,0.3028475,0.465475,0.2316775
pthreads,800000,3,3,0.020245849998900667,0.30079125,0.46615125,0.2330575
pthreads,800000,3,4,0.01996591100032674,0.30201,0.464815,0.233175
pthreads,800000,3,5,0.019719476000318537,0.30149,0.4659625,0.2325475
pthreads,800000,4,0,0.01801669300039066,0.302065,0.464925,0.23301
pthreads,800000,4,1,0.01712055299867643,0.30246125,0.46496625,0.2325725
pthreads,800000,4,2,0.016895053999178344,0.30230375,0.46512875,0.2325675
pthreads,800000,4,3,0.017993885001487797,0.3011375,0.46588,0.2329825
pthreads,800000,4,4,0.017214172001331463,0.30209,0.46475875,0.23315125
pthreads,800000,4,5,0.017198300000018207,0.3015825,0.46600375,0.23241375
pthreads,800000,5,0,0.01707291599996097,0.30192625,0.46529875,0.232775
pthreads,800000,5,1,0.016853066999829025,0.3025075,0.46495125,0.23254125
pthreads,800000,5,2,0.016821662000438664,0.30185875,0.46536125,0.23278
pthreads,800000,5,3,0.01686933899873111,0.30112625,0.465935,0.23293875
pthreads,800000,5,4,0.01609067899880756,0.3017975,0.465275,0.2329275
pthreads,800000,5,5,0.016754324999055825,0.301505,0.46589125,0.23260375
pthreads,800000,6,0,0.016837998999108095,0.302025,0.46528625,0.23268875
pthreads,800000,6,1,0.016032811001423397,0.302235,0.46512,0.232645
pthreads,800000,6,2,0.016849720999744022,0.30225625,0.4648625,0.23288125
pthreads,800000,6,3,0.016040710999732255,0.3011625,0.46549375,0.23334375
pthreads,800000,6,4,0.01805384300132573,0.30229,0.46487875,0.23283125
pthreads,800000,6,5,0.01678571299999021,0.30139625,0.4660075,0.23259625
pthreads,800000,7,0,0.020378209999762475,0.3020125,0.465265,0.2327225
pthreads,800000,7,1,0.021191410000028554,0.30198125,0.4651875,0.23283125
pthreads,800000,7,2,0.021164437999686925,0.30212125,0.46477,0.23310875
pthreads,800000,7,3,0.021169773001020076,0.301245,0.465615,0.23314
pthreads,800000,7,4,0.022473003999039065,0.30223125,0.46531875,0.23245
pthreads,800000,7,5,0.021553388000029372,0.30171375,0.46586375,0.2324225
pthreads,800000,8,0,0.021173652001380106,0.302255,0.46506375,0.23268125
pthreads,800000,8,1,0.022915600000487757,0.30233375,0.46522,0.23244625
pthreads,800000,8,2,0.021683938000933267,0.3022475,0.4643875,0.233365
pthreads,800000,8,3,0.022899031999259023,0.30155,0.46574625,0.23270375
pthreads,800000,8,4,0.02300158499929239,0.3024625,0.465325,0.2322125
pthreads,800000,8,5,0.022639382999841473,0.3020475,0.46548,0.2324725
pthreads,1600000,1,0,0.09682896100093785,0.30205188,0.46525688,0.23269125
pthreads,1600000,1,1,0.09663449700019555,0.30189625,0.46593375,0.23217
pthreads,1600000,1,2,0.09704594100003305,0.30236438,0.46446437,0.23317125
pthreads,1600000,1,3,0.09656741000071634,0.3022875,0.465425,0.2322875
pthreads,1600000,1,4,0.0967947320004896,0.30135375,0.46535312,0.23329312
pthreads,1600000,1,5,0.09661370299909322,0.30166,0.46555812,0.23278187
pthreads,1600000,2,0,0.052734830000190414,0.30167813,0.46523687,0.233085
pthreads,1600000,2,1,0.05199279299995396,0.302225,0.46568688,0.23208813
pthreads,1600000,2,2,0.052640625999629265,0.30278187,0.46460937,0.23260875
pthreads,1600000,2,3,0.051943082000434515,0.30129375,0.46546562,0.23324063
pthreads,1600000,2,4,0.05514251100066758,0.30182188,0.46495,0.23322813
pthreads,1600000,2,5,0.05203132399947208,0.30148687,0.4655775,0.23293563
pthreads,1600000,3,0,0.038492885998493875,0.30204063,0.46499187,0.2329675
pthreads,1600000,3,1,0.038827840000521974,0.30266,0.46543937,0.23190062
pthreads,1600000,3,2,0.039553033999254694,0.30268187,0.46483687,0.23248125
pthreads,1600000,3,3,0.0385711140006606,0.30145,0.46554438,0.23300562
pthreads,1600000,3,4,0.038346077999449335,0.30130187,0.46535312,0.233345
pthreads,1600000,3,5,0.038099889001387055,0.30147438,0.46567375,0.23285188
pthreads,1600000,4,0,0.0329199490006431,0.30212438,0.46486312,0.2330125
pthreads,1600000,4,1,0.033517112000481575,0.30257937,0.46536187,0.23205875
pthreads,1600000,4,2,0.03287619599905156,0.30265938,0.46471313,0.2326275
pthreads,1600000,4,3,0.0327882480014523,0.30167312,0.46577125,0.23255562
pthreads,1600000,4,4,0.0333909910004877,0.30190312,0.4648225,0.23327438
pthreads,1600000,4,5,0.03272831399954157,0.30173062,0.46563625,0.23263312
pthreads,1600000,5,0,0.03199831200072367,0.30166562,0.46531625,0.23301812
pthreads,1600000,5,1,0.03372025700082304,0.30227562,0.46556687,0.2321575
pthreads,1600000,5,2,0.0322453589997167,0.30238312,0.46486125,0.23275562
pthreads,1600000,5,3,0.03197956099938892,0.30148938,0.46601562,0.232495
pthreads,1600000,5,4,0.032414895000329125,0.30162187,0.4650925,0.23328562
pthreads,1600000,5,5,0.031553885999528575,0.30144938,0.46571187,0.23283875
pthreads,1600000,6,0,0.035008657001526444,0.30146812,0.46527875,0.23325313
pthreads,1600000,6,1,0.03217869000036444,0.30184937,0.46572313,0.2324275
pthreads,1600000,6,2,0.030440632999670925,0.30242812,0.46513187,0.23244
pthreads,1600000,6,3,0.030497137000566,0.30121,0.46594687,0.23284313
pthreads,1600000,6,4,0.03199573900019459,0.30195125,0.46483062,0.23321812
pthreads,1600000,6,5,0.030128446998787695,0.30154938,0.46556938,0.23288125
pthreads,1600000,7,0,0.043566706001001876,0.301285,0.46559,0.233125
pthreads,1600000,7,1,0.042210859999613604,0.3018125,0.46579375,0.23239375
pthreads,1600000,7,2,0.04447524299939687,0.30190187,0.46518813,0.23291
pthreads,1600000,7,3,0.041626005000580335,0.30142562,0.46574312,0.23283125
pthreads,1600000,7,4,0.041524055999616394,0.30206625,0.46514187,0.23279188
pthreads,1600000,7,5,0.041504934000840876,0.301805,0.46549,0.232705
pthreads,1600000,8,0,0.04275986200082116,0.30162625,0.4651725,0.23320125
pthreads,1600000,8,1,0.043001613001251826,0.30209875,0.46540437,0.23249687
pthreads,1600000,8,2,0.04265123500044865,0.3017875,0.46529063,0.23292188
pthreads,1600000,8,3,0.04088446999958251,0.30108812,0.46609,0.23282188
pthreads,1600000,8,4,0.04468237000037334,0.3020775,0.46524688,0.23267562
pthreads,1600000,8,5,0.04142762800074706,0.3018475,0.4655,0.2326525
pthreads,3200000,1,0,0.19445618700046907,0.30188219,0.46519625,0.23292156
pthreads,3200000,1,1,0.19168111700128065,0.30166562,0.46626469,0.23206969
pthreads,3200000,1,2,0.19186584700037201,0.30199531,0.46506938,0.23293531
pthreads,3200000,1,3,0.1931597900002089,0.3015975,0.46569531,0.23270719
pthreads,3200000,1,4,0.1917642970001907,0.30161594,0.46577344,0.23261062
pthreads,3200000,1,5,0.1917859920013143,0.30189813,0.46541594,0.23268594
pthreads,3200000,2,0,0.1020946440003172,0.30186687,0.46536281,0.23277031
pthreads,3200000,2,1,0.10242481299974315,0.301885,0.4656825,0.2324325
pthreads,3200000,2,2,0.10261459499997727,0.30217656,0.464855,0.23296844
pthreads,3200000,2,3,0.10271366899905843,0.30184281,0.46548187,0.23267531
pthreads,3200000,2,4,0.10245218800082512,0.30189156,0.46516344,0.232945
pthreads,3200000,2,5,0.10244503099966096,0.30184531,0.4651725,0.23298219
pthreads,3200000,3,0,0.07567049299905193,0.30185375,0.46513344,0.23301281
pthreads,3200000,3,1,0.07654962099877594,0.30228719,0.46557688,0.23213594
pthreads,3200000,3,2,0.07627121300174622,0.30227094,0.46501625,0.23271281
pthreads,3200000,3,3,0.07602497100015171,0.30160281,0.465445,0.23295219
pthreads,3200000,3,4,0.07568565000110539,0.30166312,0.46535938,0.2329775
pthreads,3200000,3,5,0.07596292600101151,0.30160938,0.46558906,0.23280156
pthreads,3200000,4,0,0.06609990099968854,0.30193437,0.46497781,0.23308781
pthreads,3200000,4,1,0.06492327600062708,0.3025325,0.46551219,0.23195531
pthreads,3200000,4,2,0.06555550799930643,0.30245625,0.464705,0.23283875
pthreads,3200000,4,3,0.06514470000001893,0.30160687,0.46547969,0.23291344
pthreads,3200000,4,4,0.06560111599901575,0.30174781,0.46517625,0.23307594
pthreads,3200000,4,5,0.06487099299920374,0.30190594,0.46547469,0.23261937
pthreads,3200000,5,0,0.06469312099943636,0.3017275,0.46518375,0.23308875
pthreads,3200000,5,1,0.06286038899997948,0.30244625,0.46537656,0.23217719
pthreads,3200000,5,2,0.062196213999413885,0.30218406,0.46498531,0.23283063
pthreads,3200000,5,3,0.06298547599908488,0.30167688,0.46568906,0.23263406
pthreads,3200000,5,4,0.0621292750001885,0.30159438,0.46528656,0.23311906
pthreads,3200000,5,5,0.06301429199993436,0.30190406,0.46522281,0.23287312
pthreads,3200000,6,0,0.05931749400042463,0.30176969,0.46529312,0.23293719
pthreads,3200000,6,1,0.05978579499969783,0.30244875,0.46557656,0.23197469
pthreads,3200000,6,2,0.05936509999992268,0.30221031,0.4650375,0.23275219
pthreads,3200000,6,3,0.06263924800077803,0.30174906,0.46557406,0.23267688
pthreads,3200000,6,4,0.06558306400074798,0.30155531,0.46513781,0.23330687
pthreads,3200000,6,5,0.06364194500019948,0.30167406,0.46522969,0.23309625
pthreads,3200000,7,0,0.0899297790001583,0.30165656,0.46543937,0.23290406
pthreads,3200000,7,1,0.08820025000022724,0.30213375,0.46579906,0.23206719
pthreads,3200000,7,2,0.07596378499874845,0.30212344,0.46509187,0.23278469
pthreads,3200000,7,3,0.09032977700007905,0.30166281,0.46567969,0.2326575
pthreads,3200000,7,4,0.08471289799854276,0.3016575,0.46517031,0.23317219
pthreads,3200000,7,5,0.08516505199986568,0.30184563,0.46517562,0.23297875
pthreads,3200000,8,0,0.08579787099915848,0.30171188,0.46526219,0.23302594
pthreads,3200000,8,1,0.07667646400113881,0.30226125,0.46564187,0.23209688
pthreads,3200000,8,2,0.08856339999874763,0.30207375,0.46517562,0.23275062
pthreads,3200000,8,3,0.09047568800087902,0.3015525,0.46589156,0.23255594
pthreads,3200000,8,4,0.08419875400068122,0.30178281,0.46532594,0.23289125
pthreads,3200000,8,5,0.08321550700020452,0.30185563,0.46527438,0.23287
pthreads,6400000,1,0,0.3834890039997845,0.30172766,0.46577844,0.23249391
pthreads,6400000,1,1,0.38247766499989666,0.30174797,0.46584969,0.23240234
pthreads,6400000,1,2,0.38536156300142466,0.30191937,0.46516547,0.23291516
pthreads,6400000,1,3,0.38287874100024055,0.30190203,0.46536344,0.23273453
pthreads,6400000,1,4,0.38249348499994085,0.30157937,0.46584844,0.23257219
pthreads,6400000,1,5,0.3893671579990041,0.30174156,0.46565812,0.23260031
pthreads,6400000,2,0,0.20389493200127617,0.30194906,0.46505812,0.23299281
pthreads,6400000,2,1,0.2035550910004531,0.30175297,0.46582766,0.23241938
pthreads,6400000,2,2,0.20348904200000106,0.30201187,0.46527391,0.23271422
pthreads,6400000,2,3,0.20388998500129674,0.30164031,0.46543969,0.23292
pthreads,6400000,2,4,0.2032646109983034,0.30185109,0.46551063,0.23263828
pthreads,6400000,2,5,0.2038103710001451,0.3019125,0.46528156,0.23280594
pthreads,6400000,3,0,0.1599954829998751,0.30193938,0.46535578,0.23270484
pthreads,6400000,3,1,0.14982919500107528,0.30189922,0.465615,0.23248578
pthreads,6400000,3,2,0.14974164700106485,0.3021175,0.46504703,0.23283547
pthreads,6400000,3,3,0.14958786599891027,0.30174937,0.46557047,0.23268016
pthreads,6400000,3,4,0.14982234700073604,0.3018725,0.46534828,0.23277922
pthreads,6400000,3,5,0.1495935630009626,0.30179375,0.46535859,0.23284766
pthreads,6400000,4,0,0.13507241000115755,0.30198234,0.46509875,0.23291891
pthreads,6400000,4,1,0.12866871299956983,0.30182656,0.46563891,0.23253453
pthreads,6400000,4,2,0.12984661100017547,0.30215703,0.46489766,0.23294531
pthreads,6400000,4,3,0.12865326099927188,0.30183078,0.46535609,0.23281313
pthreads,6400000,4,4,0.12923704399872804,0.30181469,0.46535813,0.23282719
pthreads,6400000,4,5,0.1334425029999693,0.30182656,0.46552016,0.23265328
pthreads,6400000,5,0,0.12247992700031318,0.30174953,0.46529984,0.23295062
pthreads,6400000,5,1,0.12307650199909403,0.30193359,0.46562234,0.23244406
pthreads,6400000,5,2,0.12317605099997309,0.30194391,0.46523422,0.23282188
pthreads,6400000,5,3,0.1228284300013911,0.30174141,0.46561562,0.23264297
pthreads,6400000,5,4,0.12410522399841284,0.30175969,0.46549641,0.23274391
pthreads,6400000,5,5,0.12300400499952957,0.30203687,0.46517031,0.23279281
pthreads,6400000,6,0,0.1287333510008466,0.30182109,0.46515297,0.23302594
pthreads,6400000,6,1,0.11894727700018848,0.30208281,0.46575156,0.23216562
pthreads,6400000,6,2,0.12867603999984567,0.30211,0.46520391,0.23268609
pthreads,6400000,6,3,0.12909452600069926,0.30166359,0.46567313,0.23266328
pthreads,6400000,6,4,0.13546769799904723,0.30181703,0.46522297,0.23296
pthreads,6400000,6,5,0.1177344070001709,0.30197188,0.46525047,0.23277766
pthreads,6400000,7,0,0.14883302399903187,0.30167187,0.46537625,0.23295188
pthreads,6400000,7,1,0.17915989500033902,0.3021,0.46587219,0.23202781
pthreads,6400000,7,2,0.15497098699961498,0.30200578,0.46529672,0.2326975
pthreads,6400000,7,3,0.16850584599887952,0.30163672,0.46565266,0.23271063
pthreads,6400000,7,4,0.15701322799941408,0.30186969,0.46528422,0.23284609
pthreads,6400000,7,5,0.13659187299890618,0.3019225,0.46527516,0.23280234
pthreads,6400000,8,0,0.16966066799977852,0.30173984,0.46519516,0.233065
pthreads,6400000,8,1,0.16677160300059768,0.30203203,0.46580047,0.2321675
pthreads,6400000,8,2,0.1599625399994693,0.30195484,0.46538844,0.23265672
pthreads,6400000,8,3,0.15904278500056535,0.30168062,0.46567656,0.23264281
pthreads,6400000,8,4,0.15991726399988693,0.30179094,0.46529016,0.23291891
pthreads,6400000,8,5,0.15070906300024944,0.30194234,0.46524844,0.23280922
pthreads,12800000,1,0,0.768738807999398,0.301795,0.46563547,0.23256953
pthreads,12800000,1,1,0.7771247269993182,0.30172148,0.46575703,0.23252148
pthreads,12800000,1,2,0.7645897890015476,0.30182641,0.46551406,0.23265953
pthreads,12800000,1,3,0.7641093659985927,0.30182195,0.46551336,0.23266469
pthreads,12800000,1,4,0.7636677570008032,0.30162875,0.46573578,0.23263547
pthreads,12800000,1,5,0.7640283439995983,0.30169859,0.4656532,0.2326482
pthreads,12800000,2,0,0.40625935699972615,0.30178828,0.46550789,0.23270383
pthreads,12800000,2,1,0.4063909460001014,0.30178828,0.46579539,0.23241633
pthreads,12800000,2,2,0.40663073700125096,0.30186641,0.46543758,0.23269602
pthreads,12800000,2,3,0.40641688499999873,0.30185297,0.46532969,0.23281734
pthreads,12800000,2,4,0.4093638430003921,0.30177742,0.46556242,0.23266016
pthreads,12800000,2,5,0.4062873210004909,0.30184453,0.46543812,0.23271734
pthreads,12800000,3,0,0.30128506000073685,0.30191203,0.46531273,0.23277523
pthreads,12800000,3,1,0.29943142299998726,0.30186969,0.4657068,0.23242352
pthreads,12800000,3,2,0.30142657900069025,0.30188172,0.46550648,0.2326118
pthreads,12800000,3,3,0.2989367529989977,0.30178187,0.46546781,0.23275031
pthreads,12800000,3,4,0.30146762100048363,0.30180289,0.46553273,0.23266438
pthreads,12800000,3,5,0.3026870780013269,0.30175906,0.4654918,0.23274914
pthreads,12800000,4,0,0.2559772080003313,0.30191102,0.46513641,0.23295258
pthreads,12800000,4,1,0.25626500399994256,0.30178539,0.46574023,0.23247438
pthreads,12800000,4,2,0.25666163499954564,0.301935,0.46531766,0.23274734
pthreads,12800000,4,3,0.2567478060009307,0.30171008,0.4654957,0.23279422
pthreads,12800000,4,4,0.25687526000001526,0.3018968,0.46538594,0.23271727
pthreads,12800000,4,5,0.2562187960011215,0.30185508,0.46549281,0.23265211
pthreads,12800000,5,0,0.24382475099992007,0.30184883,0.46537477,0.23277641
pthreads,12800000,5,1,0.24422194299950206,0.30193273,0.46551172,0.23255555
pthreads,12800000,5,2,0.24503921500036085,0.30186242,0.46543516,0.23270242
pthreads,12800000,5,3,0.24312299200028065,0.30176703,0.46560789,0.23262508
pthreads,12800000,5,4,0.24357770800088474,0.30181484,0.46548187,0.23270328
pthreads,12800000,5,5,0.24398488000042562,0.30175773,0.46537828,0.23286398
pthreads,12800000,6,0,0.2344026649989246,0.30191336,0.46533172,0.23275492
pthreads,12800000,6,1,0.23561273899940716,0.30181586,0.46558641,0.23259773
pthreads,12800000,6,2,0.23377714399975957,0.30188555,0.46541703,0.23269742
pthreads,12800000,6,3,0.24705457499840122,0.3017893,0.46558031,0.23263039
pthreads,12800000,6,4,0.23504017000050226,0.30195125,0.46533391,0.23271484
pthreads,12800000,6,5,0.23448082399954728,0.30183047,0.46531555,0.23285398
pthreads,12800000,7,0,0.3787963689992466,0.30186266,0.46537422,0.23276312
pthreads,12800000,7,1,0.3627267390002089,0.30169578,0.46576828,0.23253594
pthreads,12800000,7,2,0.2729334630002995,0.30187102,0.46540523,0.23272375
pthreads,12800000,7,3,0.33606429400060733,0.30174258,0.46560758,0.23264984
pthreads,12800000,7,4,0.22891517900097824,0.30187898,0.46542258,0.23269844
pthreads,12800000,7,5,0.3489140830006363,0.30180711,0.46535484,0.23283805
pthreads,12800000,8,0,0.3163055959994381,0.30180812,0.46534219,0.23284969
pthreads,12800000,8,1,0.30521268700067594,0.30173148,0.46572016,0.23254836
pthreads,12800000,8,2,0.3207219059986528,0.30190125,0.46536617,0.23273258
pthreads,12800000,8,3,0.33924523099994985,0.30175547,0.46559539,0.23264914
pthreads,12800000,8,4,0.3201195910005481,0.30182508,0.4654843,0.23269063
pthreads,12800000,8,5,0.31136831900039397,0.30187352,0.4653218,0.23280469
mpi,100000,1,0,0.3159934030009026,0.3023,0.46462,0.23308
mpi,100000,1,1,0.3197952289992827,0.3038,0.46482,0.23138
mpi,100000,1,2,0.3202634659992327,0.30377,0.46422,0.23201
mpi,100000,1,3,0.31969771399963065,0.30223,0.4637,0.23407
mpi,100000,1,4,0.3196301460011455,0.30201,0.46557,0.23242
mpi,100000,1,5,0.32012679900071817,0.29851,0.46869,0.2328
mpi,100000,2,0,0.3155540990010195,0.29994,0.46401,0.23605
mpi,100000,2,1,0.31617624499995145,0.30271,0.46636,0.23093
mpi,100000,2,2,0.31636484599948744,0.30218,0.46465,0.23317
mpi,100000,2,3,0.3155709900001966,0.29996,0.46507,0.23497
mpi,100000,2,4,0.31557477800015477,0.30207,0.46542,0.23251
mpi,100000,2,5,0.3162887500002398,0.30075,0.46608,0.23317
mpi,100000,3,0,0.3202686980002909,0.30136,0.4648,0.23384
mpi,100000,3,1,0.32025771899861866,0.303,0.46566,0.23134
mpi,100000,3,2,0.3193407200014917,0.30087,0.46724,0.23189
mpi,100000,3,3,0.32006195500071044,0.30004,0.4661,0.23386
mpi,100000,3,4,0.32419935400139366,0.30272,0.4644,0.23288
mpi,100000,3,5,0.3238763289991766,0.30392,0.46443,0.23165
mpi,100000,4,0,0.32453674800126464,0.30289,0.46354,0.23357
mpi,100000,4,1,0.3227638489988749,0.30258,0.4677,0.22972
mpi,100000,4,2,0.3244284990014421,0.30113,0.46622,0.23265
mpi,100000,4,3,0.3245441099988966,0.30244,0.46549,0.23207
mpi,100000,4,4,0.323337249999895,0.30249,0.46364,0.23387
mpi,100000,4,5,0.33678609399976267,0.30323,0.46403,0.23274
mpi,100000,5,0,0.328273627001181,0.30333,0.46459,0.23208
mpi,100000,5,1,0.3319402759989316,0.30333,0.46563,0.23104
mpi,100000,5,2,0.32740335000016785,0.30083,0.46543,0.23374
mpi,100000,5,3,0.3325218650006718,0.30204,0.46598,0.23198
mpi,100000,5,4,0.33064827700036403,0.30314,0.46332,0.23354
mpi,100000,5,5,0.3287373839993961,0.30353,0.46393,0.23254
mpi,100000,6,0,0.33232730599956994,0.30332,0.46578,0.2309
mpi,100000,6,1,0.336104799000168,0.3042,0.46478,0.23102
mpi,100000,6,2,0.3406627149997803,0.30183,0.46607,0.2321
mpi,100000,6,3,0.335269994000555,0.30218,0.46617,0.23165
mpi,100000,6,4,0.33546521099924576,0.30242,0.46355,0.23403
mpi,100000,6,5,0.3377439109990519,0.30342,0.4638,0.23278
mpi,100000,7,0,0.34163486400029797,0.30165,0.46678,0.23157
mpi,100000,7,1,0.3418030949997046,0.3027,0.46488,0.23242
mpi,100000,7,2,0.3406635049996112,0.30065,0.46616,0.23319
mpi,100000,7,3,0.34384629300075176,0.30185,0.4655,0.23265
mpi,100000,7,4,0.33538081100050476,0.30189,0.46402,0.23409
mpi,100000,7,5,0.33941694300119707,0.30354,0.46406,0.2324
mpi,100000,8,0,0.3427018330003193,0.30138,0.46714,0.23148
mpi,100000,8,1,0.3485855669987359,0.30355,0.46354,0.23291
mpi,100000,8,2,0.3437866069998563,0.30056,0.46625,0.23319
mpi,100000,8,3,0.34337667299951136,0.30265,0.46475,0.2326
mpi,100000,8,4,0.3449971820009523,0.3025,0.46334,0.23416
mpi,100000,8,5,0.3396385630003351,0.30382,0.46401,0.23217
mpi,200000,1,0,0.32341044299937494,0.301555,0.46547,0.232975
mpi,200000,1,1,0.32803816399973584,0.302645,0.46438,0.232975
mpi,200000,1,2,0.3244367900006182,0.302755,0.46481,0.232435
mpi,200000,1,3,0.32752525000069,0.301055,0.46473,0.234215
mpi,200000,1,4,0.32361013000081584,0.30147,0.465715,0.232815
mpi,200000,1,5,0.3236737520001043,0.300405,0.46723,0.232365
mpi,200000,2,0,0.32401871499860135,0.30171,0.464145,0.234145
mpi,200000,2,1,0.3234615510009462,0.303385,0.464765,0.23185
mpi,200000,2,2,0.3237963909996324,0.30341,0.464465,0.232125
mpi,200000,2,3,0.32338651300051424,0.30081,0.46566,0.23353
mpi,200000,2,4,0.3199835630002781,0.301935,0.46438,0.233685
mpi,200000,2,5,0.31975893799972255,0.300545,0.466355,0.2331
mpi,200000,3,0,0.32423559599919827,0.30117,0.464275,0.234555
mpi,200000,3,1,0.3270821990008699,0.301375,0.466075,0.23255
mpi,200000,3,2,0.3244206300005317,0.302235,0.464545,0.23322
mpi,200000,3,3,0.327775849000318,0.300165,0.465975,0.23386
mpi,200000,3,4,0.3240612110002985,0.30198,0.46547,0.23255
mpi,200000,3,5,0.3241965729994263,0.301715,0.465595,0.23269
mpi,200000,4,0,0.32895955099957064,0.3001,0.46562,0.23428
mpi,200000,4,1,0.332453851999162,0.301895,0.465925,0.23218
mpi,200000,4,2,0.32778637599949434,0.301905,0.4647,0.233395
mpi,200000,4,3,0.3317331220005144,0.301465,0.465385,0.23315
mpi,200000,4,4,0.3275549560003128,0.301595,0.46572,0.232685
mpi,200000,4,5,0.3271248450000712,0.302215,0.46607,0.231715
mpi,200000,5,0,0.33350654400055646,0.3012,0.46551,0.23329
mpi,200000,5,1,0.33066825499918195,0.30222,0.46575,0.23203
mpi,200000,5,2,0.3330329390009865,0.301505,0.46614,0.232355
mpi,200000,5,3,0.3338872200001788,0.302325,0.464835,0.23284
mpi,200000,5,4,0.33406671900047513,0.30243,0.464115,0.233455
mpi,200000,5,5,0.3315575969991187,0.30291,0.46562,0.23147
mpi,200000,6,0,0.33632973700150615,0.301215,0.466475,0.23231
mpi,200000,6,1,0.33855917300024885,0.303065,0.464575,0.23236
mpi,200000,6,2,0.34107018699978653,0.30235,0.46619,0.23146
mpi,200000,6,3,0.34505485400040925,0.30286,0.46467,0.23247
mpi,200000,6,4,0.3342456350001157,0.302145,0.46371,0.234145
mpi,200000,6,5,0.3317308529985894,0.303595,0.46501,0.231395
mpi,200000,7,0,0.3371547049991932,0.301785,0.46623,0.231985
mpi,200000,7,1,0.34240103800038924,0.303615,0.465265,0.23112
mpi,200000,7,2,0.3421073970002908,0.301475,0.465995,0.23253
mpi,200000,7,3,0.3380531950006116,0.30245,0.46433,0.23322
mpi,200000,7,4,0.3356321079991176,0.30195,0.46375,0.2343
mpi,200000,7,5,0.33560488400144095,0.30253,0.465415,0.232055
mpi,200000,8,0,0.3478660119999404,0.30127,0.466585,0.232145
mpi,200000,8,1,0.3519850469983794,0.30317,0.46549,0.23134
mpi,200000,8,2,0.3482709870004328,0.3011,0.465705,0.233195
mpi,200000,8,3,0.35062870000001567,0.30258,0.464885,0.232535
mpi,200000,8,4,0.3406107249993511,0.30199,0.463485,0.234525
mpi,200000,8,5,0.3421930960012105,0.302965,0.464595,0.23244
mpi,400000,1,0,0.3399715430005017,0.3021475,0.4652225,0.23263
mpi,400000,1,1,0.3357045159991685,0.302245,0.4652525,0.2325025
mpi,400000,1,2,0.3409902859984868,0.30214,0.4648625,0.2329975
mpi,400000,1,3,0.3389423930002522,0.30183,0.46524,0.23293
mpi,400000,1,4,0.33589467400088324,0.3009575,0.465745,0.2332975
mpi,400000,1,5,0.33615884900063975,0.30021,0.466435,0.233355
mpi,400000,2,0,0.3280431130006036,0.3014825,0.4644775,0.23404
mpi,400000,2,1,0.32886664400029986,0.3029625,0.464485,0.2325525
mpi,400000,2,2,0.3264698100010719,0.3023275,0.46509,0.2325825
mpi,400000,2,3,0.32840815800045675,0.300985,0.465955,0.23306
mpi,400000,2,4,0.32794211200052814,0.3012575,0.4649375,0.233805
mpi,400000,2,5,0.3313136710003164,0.3014025,0.465655,0.2329425
mpi,400000,3,0,0.32857354800034955,0.3017575,0.4647,0.2335425
mpi,400000,3,1,0.3309589820000838,0.3020875,0.4653075,0.232605
mpi,400000,3,2,0.32871851099844207,0.3027275,0.46448,0.2327925
mpi,400000,3,3,0.3278390279992891,0.3007675,0.4660825,0.23315
mpi,400000,3,4,0.330025970000861,0.302,0.46539,0.23261
mpi,400000,3,5,0.42568862799998897,0.30173,0.4657025,0.2325675
mpi,400000,4,0,0.33171503499943356,0.30152,0.464865,0.233615
mpi,400000,4,1,0.33409458700043615,0.3020775,0.4652575,0.232665
mpi,400000,4,2,0.333685195999351,0.3026575,0.46423,0.2331125
mpi,400000,4,3,0.3314915060000203,0.301225,0.4660925,0.2326825
mpi,400000,4,4,0.32822065700020175,0.302085,0.4649725,0.2329425
mpi,400000,4,5,0.3323613149987068,0.3018325,0.465525,0.2326425
mpi,400000,5,0,0.3350257620004413,0.3011075,0.4658475,0.233045
mpi,400000,5,1,0.3401429250006913,0.3021475,0.4652475,0.232605
mpi,400000,5,2,0.34000070900037827,0.3025475,0.4648075,0.232645
mpi,400000,5,3,0.3350629149990709,0.30087,0.4663125,0.2328175
mpi,400000,5,4,0.3385801819986227,0.3023675,0.46471,0.2329225
mpi,400000,5,5,0.3369610969984933,0.3017775,0.465725,0.2324975
mpi,400000,6,0,0.336357305999627,0.3012675,0.4658175,0.232915
mpi,400000,6,1,0.34033226399878913,0.3021825,0.4649425,0.232875
mpi,400000,6,2,0.34101291700062575,0.3024375,0.465175,0.2323875
mpi,400000,6,3,0.3388683770008356,0.3014525,0.46571,0.2328375
mpi,400000,6,4,0.33883475400034513,0.3014525,0.46574,0.2328075
mpi,400000,6,5,0.33787755600133096,0.301815,0.4662675,0.2319175
mpi,400000,7,0,0.34208004599895503,0.3007825,0.465905,0.2333125
mpi,400000,7,1,0.34743134699965594,0.30191,0.46525,0.23284
mpi,400000,7,2,0.3422994779994042,0.3018675,0.465285,0.2328475
mpi,400000,7,3,0.3438141099995846,0.3015175,0.46565,0.2328325
mpi,400000,7,4,0.3402725610012567,0.301415,0.46536,0.233225
mpi,400000,7,5,0.34335798299980524,0.301845,0.466895,0.23126
mpi,400000,8,0,0.3474883279995993,0.300255,0.466775,0.23297
mpi,400000,8,1,0.347888091000641,0.3023425,0.4652125,0.232445
mpi,400000,8,2,0.34768054300002404,0.3016425,0.4656575,0.2327
mpi,400000,8,3,0.3486940399998275,0.3019175,0.46555,0.2325325
mpi,400000,8,4,0.34355001999938395,0.3016225,0.46504,0.2333375
mpi,400000,8,5,0.3436162369998783,0.30168,0.466465,0.231855
mpi,800000,1,0,0.363381130999187,0.302055,0.465475,0.23247
mpi,800000,1,1,0.36016757499965024,0.302545,0.46566625,0.23178875
mpi,800000,1,2,0.3598040380002203,0.30242,0.46414875,0.23343125
mpi,800000,1,3,0.3600533870012441,0.30171625,0.46583,0.23245375
mpi,800000,1,4,0.3602419610015204,0.3007925,0.4657075,0.2335
mpi,800000,1,5,0.3599102850002964,0.30113125,0.4656725,0.23319625
mpi,800000,2,0,0.3401592840000376,0.301325,0.465005,0.23367
mpi,800000,2,1,0.3399665130000358,0.30266375,0.46493625,0.2324
mpi,800000,2,2,0.3433200420004141,0.301635,0.46560125,0.23276375
mpi,800000,2,3,0.33982618400114006,0.30125125,0.46568,0.23306875
mpi,800000,2,4,0.3402677390004101,0.30083,0.4653275,0.2338425
mpi,800000,2,5,0.33984404299917514,0.30122875,0.4655,0.23327125
mpi,800000,3,0,0.3364230349998252,0.3015225,0.4655325,0.232945
mpi,800000,3,1,0.3396420310000394,0.302235,0.465295,0.23247
mpi,800000,3,2,0.3399638880000566,0.30214375,0.4649425,0.23291375
mpi,800000,3,3,0.33582380799998646,0.30111,0.466005,0.232885
mpi,800000,3,4,0.3357444659995963,0.302265,0.46491875,0.23281625
mpi,800000,3,5,0.3351285349999671,0.302015,0.4653025,0.2326825
mpi,800000,4,0,0.33977661400058423,0.30128875,0.46521625,0.233495
mpi,800000,4,1,0.3365003590006381,0.302545,0.46487875,0.23257625
mpi,800000,4,2,0.34120802599863964,0.3017025,0.465075,0.2332225
mpi,800000,4,3,0.3379853300011746,0.3010675,0.465975,0.2329575
mpi,800000,4,4,0.3395568599989929,0.301725,0.46527875,0.23299625
mpi,800000,4,5,0.33710477800013905,0.30212125,0.46488375,0.232995
mpi,800000,5,0,0.33954607799933,0.3013725,0.4654275,0.2332
mpi,800000,5,1,0.3396080839993374,0.3025575,0.46489625,0.23254625
mpi,800000,5,2,0.3407708510003431,0.30215875,0.46515875,0.2326825
mpi,800000,5,3,0.3407124240002304,0.30090375,0.4663525,0.23274375
mpi,800000,5,4,0.3406023320003442,0.30222,0.465145,0.232635
mpi,800000,5,5,0.33791764699890336,0.3016575,0.46546,0.2328825
mpi,800000,6,0,0.34144223900148063,0.301785,0.46549625,0.23271875
mpi,800000,6,1,0.34658638600012637,0.30225125,0.46454375,0.233205
mpi,800000,6,2,0.3442079430005833,0.30257625,0.4652025,0.23222125
mpi,800000,6,3,0.34014561799995136,0.3013975,0.466325,0.2322775
mpi,800000,6,4,0.34006383000087226,0.30181625,0.46574625,0.2324375
mpi,800000,6,5,0.3449409929999092,0.3013325,0.46612,0.2325475
mpi,800000,7,0,0.3442772509988572,0.301345,0.466095,0.23256
mpi,800000,7,1,0.34311276900007215,0.30258625,0.46448875,0.232925
mpi,800000,7,2,0.34485068899994076,0.30248625,0.46516875,0.232345
mpi,800000,7,3,0.3443801590001385,0.30135125,0.46628375,0.232365
mpi,800000,7,4,0.34277007399941795,0.30191375,0.46540875,0.2326775
mpi,800000,7,5,0.34569912500046485,0.30071125,0.46671,0.23257875
mpi,800000,8,0,0.3495944389997021,0.30142875,0.46616,0.23241125
mpi,800000,8,1,0.35022060300070734,0.30233375,0.46458625,0.23308
mpi,800000,8,2,0.3523596439990797,0.3018525,0.46552375,0.23262375
mpi,800000,8,3,0.3476198129992554,0.30142625,0.4660425,0.23253125
mpi,800000,8,4,0.3521685930008971,0.3021975,0.46484,0.2329625
mpi,800000,8,5,0.3479717669997626,0.30114,0.46600375,0.23285625
mpi,1600000,1,0,0.40874217199962004,0.30205188,0.46525688,0.23269125
mpi,1600000,1,1,0.41115199100022437,0.30189625,0.46593375,0.23217
mpi,1600000,1,2,0.40798878200075706,0.30236438,0.46446437,0.23317125
mpi,1600000,1,3,0.41168112400009704,0.3022875,0.465425,0.2322875
mpi,1600000,1,4,0.40774226900066424,0.30135375,0.46535312,0.23329312
mpi,1600000,1,5,0.40786241100067855,0.30166,0.46555812,0.23278187
mpi,1600000,2,0,0.36434449599983054,0.30173125,0.46534813,0.23292062
mpi,1600000,2,1,0.36431807600092725,0.30258875,0.46537125,0.23204
mpi,1600000,2,2,0.36781474700001127,0.30193063,0.4651375,0.23293188
mpi,1600000,2,3,0.3717918100010138,0.3015125,0.465845,0.2326425
mpi,1600000,2,4,0.359998596000878,0.30108187,0.46547187,0.23344625
mpi,1600000,2,5,0.36285537799994927,0.30158313,0.46549125,0.23292562
mpi,1600000,3,0,0.3565226230002736,0.30160313,0.46565125,0.23274563
mpi,1600000,3,1,0.35498865299996396,0.3026325,0.46545625,0.23191125
mpi,1600000,3,2,0.35229149000042526,0.30180875,0.46493563,0.23325562
mpi,1600000,3,3,0.3511996659999568,0.3012075,0.46612687,0.23266562
mpi,1600000,3,4,0.3517561709995789,0.301445,0.46567313,0.23288187
mpi,1600000,3,5,0.3524733029989875,0.30173125,0.46533625,0.2329325
mpi,1600000,4,0,0.34768250700108183,0.3012925,0.46566062,0.23304687
mpi,1600000,4,1,0.3603217889994994,0.30246,0.46516937,0.23237062
mpi,1600000,4,2,0.35145841899975494,0.3013375,0.46542875,0.23323375
mpi,1600000,4,3,0.3552933579994715,0.30153625,0.46580938,0.23265437
mpi,1600000,4,4,0.3528094890007196,0.30160938,0.46548125,0.23290938
mpi,1600000,4,5,0.34686475599846744,0.30184,0.4650075,0.2331525
mpi,1600000,5,0,0.353411824999057,0.30164062,0.46559375,0.23276563
mpi,1600000,5,1,0.35066155799904664,0.30208062,0.46525563,0.23266375
mpi,1600000,5,2,0.35280441000031715,0.3015125,0.46518437,0.23330313
mpi,1600000,5,3,0.3468830540005001,0.30155625,0.4658175,0.23262625
mpi,1600000,5,4,0.3485902520005766,0.30217625,0.46504187,0.23278187
mpi,1600000,5,5,0.3477508910000324,0.30181938,0.46517562,0.233005
mpi,1600000,6,0,0.3512396650003211,0.3018325,0.46562188,0.23254563
mpi,1600000,6,1,0.34977237599923683,0.3020375,0.46515625,0.23280625
mpi,1600000,6,2,0.3509335109993117,0.30176063,0.4654825,0.23275688
mpi,1600000,6,3,0.3509301800004323,0.30174625,0.46607125,0.2321825
mpi,1600000,6,4,0.352024171001176,0.30199625,0.46507938,0.23292437
mpi,1600000,6,5,0.3497483810006088,0.30160188,0.46553187,0.23286625
mpi,1600000,7,0,0.35213069599922164,0.30162062,0.46584687,0.2325325
mpi,1600000,7,1,0.3569557379996695,0.30211875,0.46523375,0.2326475
mpi,1600000,7,2,0.35489619500003755,0.30175937,0.46553937,0.23270125
mpi,1600000,7,3,0.35287865300051635,0.30146875,0.46616687,0.23236438
mpi,1600000,7,4,0.3505789119990368,0.30211063,0.46493125,0.23295812
mpi,1600000,7,5,0.35518459100057953,0.30147438,0.46564312,0.2328825
mpi,1600000,8,0,0.3589001790005568,0.30167375,0.46595188,0.23237437
mpi,1600000,8,1,0.35954809299983026,0.30226125,0.46512562,0.23261313
mpi,1600000,8,2,0.3598859550002089,0.30151875,0.46579625,0.232685
mpi,1600000,8,3,0.36008711000067706,0.30143562,0.46619187,0.2323725
mpi,1600000,8,4,0.36360848999902373,0.30192,0.46514187,0.23293812
mpi,1600000,8,5,0.3519600170002377,0.30138687,0.46553813,0.233075
mpi,3200000,1,0,0.5083634269994945,0.30188219,0.46519625,0.23292156
mpi,3200000,1,1,0.50360660700062,0.30166562,0.46626469,0.23206969
mpi,3200000,1,2,0.49992588500026613,0.30199531,0.46506938,0.23293531
mpi,3200000,1,3,0.49995444500018493,0.3015975,0.46569531,0.23270719
mpi,3200000,1,4,0.5036384820014064,0.30161594,0.46577344,0.23261062
mpi,3200000,1,5,0.4999917599998298,0.30189813,0.46541594,0.23268594
mpi,3200000,2,0,0.41101214199989045,0.3018875,0.46538281,0.23272969
mpi,3200000,2,1,0.40890823200061277,0.30183031,0.46597531,0.23219438
mpi,3200000,2,2,0.411368773000504,0.30209656,0.46507,0.23283344
mpi,3200000,2,3,0.412080870999489,0.30197406,0.46535031,0.23267562
mpi,3200000,2,4,0.4119394730005297,0.30152406,0.46548375,0.23299219
mpi,3200000,2,5,0.4117742290000024,0.30185125,0.46547594,0.23267281
mpi,3200000,3,0,0.3856601170009526,0.30174688,0.46580875,0.23244438
mpi,3200000,3,1,0.38320962600118946,0.30240312,0.46583594,0.23176094
mpi,3200000,3,2,0.3838499369994679,0.30195125,0.46514437,0.23290437
mpi,3200000,3,3,0.3849042490001011,0.30184719,0.46554594,0.23260687
mpi,3200000,3,4,0.37957244599965634,0.30163812,0.4656225,0.23273937
mpi,3200000,3,5,0.3837818120009615,0.3018475,0.46526469,0.23288781
mpi,3200000,4,0,0.3728768399996625,0.3016175,0.46592031,0.23246219
mpi,3200000,4,1,0.375880479999978,0.30246563,0.46553719,0.23199719
mpi,3200000,4,2,0.37130073299886135,0.30176531,0.46513656,0.23309812
mpi,3200000,4,3,0.37584313200022734,0.30189656,0.46567531,0.23242813
mpi,3200000,4,4,0.37132060600015393,0.30152937,0.46554031,0.23293031
mpi,3200000,4,5,0.37242470199998934,0.30193031,0.465135,0.23293469
mpi,3200000,5,0,0.368151153999861,0.30163969,0.46589875,0.23246156
mpi,3200000,5,1,0.3735967249995156,0.30230125,0.46554969,0.23214906
mpi,3200000,5,2,0.3686581299989484,0.30150906,0.46533625,0.23315469
mpi,3200000,5,3,0.3722082300009788,0.30173062,0.46576156,0.23250781
mpi,3200000,5,4,0.3707992680010648,0.30168062,0.46557125,0.23274813
mpi,3200000,5,5,0.36626174800039735,0.30186656,0.46508688,0.23304656
mpi,3200000,6,0,0.369303798999681,0.30187812,0.46566344,0.23245844
mpi,3200000,6,1,0.37174010800117685,0.3022325,0.46535031,0.23241719
mpi,3200000,6,2,0.37602917900039756,0.30138125,0.46556219,0.23305656
mpi,3200000,6,3,0.367960478999521,0.30188531,0.46589094,0.23222375
mpi,3200000,6,4,0.3663208609996218,0.30170344,0.46545281,0.23284375
mpi,3200000,6,5,0.3680960869987757,0.30169406,0.46541938,0.23288656
mpi,3200000,7,0,0.368486920999203,0.30189813,0.46556,0.23254188
mpi,3200000,7,1,0.3685253490002651,0.30220406,0.46535469,0.23244125
mpi,3200000,7,2,0.36668205199930526,0.30146625,0.46575219,0.23278156
mpi,3200000,7,3,0.3662847360010346,0.30186438,0.46590781,0.23222781
mpi,3200000,7,4,0.3667718139986391,0.30180375,0.46541688,0.23277938
mpi,3200000,7,5,0.3707830910007033,0.30146031,0.46556406,0.23297562
mpi,3200000,8,0,0.37138404500001343,0.30190719,0.46568219,0.23241063
mpi,3200000,8,1,0.3725393489985436,0.30228344,0.46525406,0.2324625
mpi,3200000,8,2,0.3712303959982819,0.30104125,0.46609906,0.23285969
mpi,3200000,8,3,0.36814139099988097,0.30177906,0.46592031,0.23230063
mpi,3200000,8,4,0.3711971569991874,0.30182844,0.46531406,0.2328575
mpi,3200000,8,5,0.3682846680003422,0.30125375,0.46553219,0.23321406
mpi,6400000,1,0,0.6921016199994483,0.30172766,0.46577844,0.23249391
mpi,6400000,1,1,0.6957028360011464,0.30174797,0.46584969,0.23240234
mpi,6400000,1,2,0.6959925570008636,0.30191937,0.46516547,0.23291516
mpi,6400000,1,3,0.6964811729994835,0.30190203,0.46536344,0.23273453
mpi,6400000,1,4,0.6912584990004689,0.30157937,0.46584844,0.23257219
mpi,6400000,1,5,0.6879935460001434,0.30174156,0.46565812,0.23260031
mpi,6400000,2,0,0.5082974449996982,0.30196047,0.46507359,0.23296594
mpi,6400000,2,1,0.5080892090009002,0.30168563,0.46598187,0.2323325
mpi,6400000,2,2,0.5077887309998914,0.30187234,0.46531422,0.23281344
mpi,6400000,2,3,0.5077622679982596,0.30162062,0.46562297,0.23275641
mpi,6400000,2,4,0.5076441750006779,0.30183266,0.46535422,0.23281313
mpi,6400000,2,5,0.5082905070012202,0.30191625,0.46536109,0.23272266
mpi,6400000,3,0,0.4478810800010251,0.30187531,0.46558906,0.23253562
mpi,6400000,3,1,0.44758138900033373,0.30173109,0.46604219,0.23222672
mpi,6400000,3,2,0.45010143100080313,0.30188531,0.46526734,0.23284734
mpi,6400000,3,3,0.4500385350002034,0.30176406,0.46555797,0.23267797
mpi,6400000,3,4,0.4477774019997014,0.30173672,0.46579375,0.23246953
mpi,6400000,3,5,0.44751102199916204,0.30171016,0.46545469,0.23283516
mpi,6400000,4,0,0.42377168200073356,0.30164375,0.46599969,0.23235656
mpi,6400000,4,1,0.42069673399964813,0.30185234,0.46591063,0.23223703
mpi,6400000,4,2,0.42352113500055566,0.30189938,0.46525187,0.23284875
mpi,6400000,4,3,0.4235143049991166,0.30183328,0.46561453,0.23255219
mpi,6400000,4,4,0.41998388299907674,0.30167516,0.46556969,0.23275516
mpi,6400000,4,5,0.4199974780003686,0.30187516,0.46539938,0.23272547
mpi,6400000,5,0,0.4083462319995306,0.301595,0.46594062,0.23246438
mpi,6400000,5,1,0.4067486309995729,0.30199016,0.46584359,0.23216625
mpi,6400000,5,2,0.41244452399951115,0.30178641,0.46522594,0.23298766
mpi,6400000,5,3,0.40762635500141187,0.30186969,0.46569344,0.23243687
mpi,6400000,5,4,0.4050960450003913,0.30163344,0.46553,0.23283656
mpi,6400000,5,5,0.41030582999883336,0.30185781,0.46524609,0.23289609
mpi,6400000,6,0,0.4058009580003272,0.30178203,0.46581,0.23240797
mpi,6400000,6,1,0.4032234629994491,0.30214078,0.46562375,0.23223547
mpi,6400000,6,2,0.40369612600079563,0.30164641,0.4653475,0.23300609
mpi,6400000,6,3,0.3996374989983451,0.30193469,0.46570594,0.23235938
mpi,6400000,6,4,0.40484812700015027,0.30171797,0.46531266,0.23296938
mpi,6400000,6,5,0.398609881000084,0.30176734,0.46535156,0.23288109
mpi,6400000,7,0,0.4001342810006463,0.30175344,0.46578188,0.23246469
mpi,6400000,7,1,0.40032506399984413,0.30205984,0.46566687,0.23227328
mpi,6400000,7,2,0.3951095750016975,0.30167906,0.46547563,0.23284531
mpi,6400000,7,3,0.3994187389998842,0.30195734,0.46582187,0.23222078
mpi,6400000,7,4,0.40165686199907213,0.30171891,0.46536547,0.23291562
mpi,6400000,7,5,0.39480762999846775,0.30167516,0.46545016,0.23287469
mpi,6400000,8,0,0.3929723670007661,0.30178172,0.46585312,0.23236516
mpi,6400000,8,1,0.4080094140008441,0.30213594,0.46558719,0.23227687
mpi,6400000,8,2,0.4049656459992548,0.30152406,0.46561266,0.23286328
mpi,6400000,8,3,0.3948174509987439,0.30190109,0.46583391,0.232265
mpi,6400000,8,4,0.4032235800004855,0.30164875,0.46545734,0.23289391
mpi,6400000,8,5,0.4005963650015474,0.30162219,0.46537859,0.23299922
mpi,12800000,1,0,1.0644199830003345,0.301795,0.46563547,0.23256953
mpi,12800000,1,1,1.0755984370007354,0.30172148,0.46575703,0.23252148
mpi,12800000,1,2,1.0759213649998856,0.30182641,0.46551406,0.23265953
mpi,12800000,1,3,1.0636405349996494,0.30182195,0.46551336,0.23266469
mpi,12800000,1,4,1.0642388380001648,0.30162875,0.46573578,0.23263547
mpi,12800000,1,5,1.0753659709989734,0.30169859,0.4656532,0.2326482
mpi,12800000,2,0,0.6994661250009813,0.30178328,0.46551375,0.23270297
mpi,12800000,2,1,0.6955461420002393,0.30178063,0.46560375,0.23261562
mpi,12800000,2,2,0.7002460699986841,0.30180242,0.46542461,0.23277297
mpi,12800000,2,3,0.6954067460010265,0.30178109,0.46548031,0.23273859
mpi,12800000,2,4,0.7050556559988763,0.30171047,0.46554656,0.23274297
mpi,12800000,2,5,0.6982995140006096,0.3017768,0.46565984,0.23256336
mpi,12800000,3,0,0.5753619089991844,0.30182211,0.46552594,0.23265195
mpi,12800000,3,1,0.5756917140006408,0.30176477,0.46580266,0.23243258
mpi,12800000,3,2,0.5762522539989732,0.30177289,0.46554398,0.23268312
mpi,12800000,3,3,0.5799313489987981,0.3017082,0.46557711,0.23271469
mpi,12800000,3,4,0.5757768580006086,0.30170914,0.46575266,0.2325382
mpi,12800000,3,5,0.57606125699931,0.3018032,0.46534273,0.23285406
mpi,12800000,4,0,0.5169498689992906,0.301795,0.46549141,0.23271359
mpi,12800000,4,1,0.5195701289994759,0.301735,0.46590945,0.23235555
mpi,12800000,4,2,0.5197947659999045,0.301805,0.46553008,0.23266492
mpi,12800000,4,3,0.5152279209996777,0.30166797,0.46563539,0.23269664
mpi,12800000,4,4,0.5253793350002525,0.30175742,0.46564227,0.23260031
mpi,12800000,4,5,0.520295652000641,0.3018693,0.46541406,0.23271664
mpi,12800000,5,0,0.4932797750007012,0.30174367,0.46561641,0.23263992
mpi,12800000,5,1,0.4952202269996633,0.30180398,0.46590406,0.23229195
mpi,12800000,5,2,0.5059443810005178,0.30177437,0.46543406,0.23279156
mpi,12800000,5,3,0.49316774399994756,0.30172172,0.46567875,0.23259953
mpi,12800000,5,4,0.48753015200054506,0.30173867,0.46563109,0.23263023
mpi,12800000,5,5,0.49091207800120173,0.30175977,0.46549281,0.23274742
mpi,12800000,6,0,0.5038626700006716,0.30183125,0.46562391,0.23254484
mpi,12800000,6,1,0.4764087319999817,0.30181094,0.46571742,0.23247164
mpi,12800000,6,2,0.4794758349999029,0.30171734,0.46547086,0.2328118
mpi,12800000,6,3,0.4754789319995325,0.30174438,0.46576828,0.23248734
mpi,12800000,6,4,0.4672932759985997,0.30185383,0.46547945,0.23266672
mpi,12800000,6,5,0.4723048240011849,0.30175516,0.46553297,0.23271188
mpi,12800000,7,0,0.4636782840007072,0.30185445,0.46552539,0.23262016
mpi,12800000,7,1,0.49352720599927125,0.30181883,0.46572586,0.23245531
mpi,12800000,7,2,0.45920068600025843,0.3017507,0.46542352,0.23282578
mpi,12800000,7,3,0.4800545800007967,0.30181547,0.46572375,0.23246078
mpi,12800000,7,4,0.4756146620002255,0.30178516,0.46545219,0.23276266
mpi,12800000,7,5,0.4673853700005566,0.30177141,0.46549805,0.23273055
mpi,12800000,8,0,0.4637443000010535,0.30170141,0.46575227,0.23254633
mpi,12800000,8,1,0.46846031099994434,0.3019007,0.46571117,0.23238813
mpi,12800000,8,2,0.4516545059996133,0.30163859,0.46544281,0.23291859
mpi,12800000,8,3,0.44758216900117986,0.30183469,0.46567781,0.2324875
mpi,12800000,8,4,0.4611235310003394,0.30173398,0.46545188,0.23281414
mpi,12800000,8,5,0.4470826019987726,0.30182148,0.46546227,0.23271625
serial,100000,1,0,0.009052260000316892,0.302,0.46548,0.23252
serial,100000,1,1,0.009103391001190175,0.30147,0.46564,0.23289
serial,100000,1,2,0.009176571998978034,0.30144,0.4647,0.23386
serial,100000,1,3,0.009192961000735522,0.30498,0.46385,0.23117
serial,100000,1,4,0.009063913999852957,0.30111,0.46736,0.23153
serial,100000,1,5,0.008953537000707001,0.30056,0.46726,0.23218
serial,200000,1,0,0.017392213998391526,0.301695,0.465665,0.23264
serial,200000,1,1,0.01723285499974736,0.301375,0.46541,0.233215
serial,200000,1,2,0.016459358999782125,0.30189,0.465085,0.233025
serial,200000,1,3,0.01615668900012679,0.30375,0.463625,0.232625
serial,200000,1,4,0.0157811409990245,0.300615,0.466715,0.23267
serial,200000,1,5,0.01671791699845926,0.301245,0.466695,0.23206
serial,400000,1,0,0.030640322000181186,0.30086,0.465915,0.233225
serial,400000,1,1,0.030562568001187174,0.301395,0.465195,0.23341
serial,400000,1,2,0.03076962100021774,0.301485,0.4657475,0.2327675
serial,400000,1,3,0.03186309199918469,0.30309,0.464405,0.232505
serial,400000,1,4,0.030424143000345794,0.3021225,0.465675,0.2322025
serial,400000,1,5,0.030256771000495064,0.3012225,0.46647,0.2323075
serial,800000,1,0,0.06017133600107627,0.30107,0.46631375,0.23261625
serial,800000,1,1,0.06013334599992959,0.3013975,0.4653925,0.23321
serial,800000,1,2,0.06125492600040161,0.3012175,0.46583625,0.23294625
serial,800000,1,3,0.061769612000716734,0.30225625,0.46527,0.23247375
serial,800000,1,4,0.060629386998698465,0.3024375,0.464685,0.2328775
serial,800000,1,5,0.06051993599976413,0.30105375,0.46675375,0.2321925
serial,1600000,1,0,0.11919460399985837,0.30163875,0.46586187,0.23249938
serial,1600000,1,1,0.11924336299853167,0.30176313,0.46549,0.23274687
serial,1600000,1,2,0.11952594000104,0.30126125,0.46590312,0.23283562
serial,1600000,1,3,0.1194183259995043,0.30237313,0.46523437,0.2323925
serial,1600000,1,4,0.1194990809999581,0.3019275,0.4652475,0.232825
serial,1600000,1,5,0.11887701999876299,0.30151187,0.46643125,0.23205687
serial,3200000,1,0,0.2369880149999517,0.30182625,0.46569906,0.23247469
serial,3200000,1,1,0.2480964340011269,0.30158687,0.4656075,0.23280562
serial,3200000,1,2,0.2542478029990889,0.30151844,0.46562219,0.23285938
serial,3200000,1,3,0.23636220099979255,0.30206656,0.46527031,0.23266312
serial,3200000,1,4,0.2359114259998023,0.30180187,0.46548281,0.23271531
serial,3200000,1,5,0.2396730939999543,0.30167688,0.46609625,0.23222687
serial,6400000,1,0,0.4784515020000981,0.30204938,0.46543297,0.23251766
serial,6400000,1,1,0.4683250060006685,0.301685,0.46542125,0.23289375
serial,6400000,1,2,0.47736217099918576,0.30176859,0.46539141,0.23284
serial,6400000,1,3,0.4778635729999223,0.30211047,0.46508813,0.23280141
serial,6400000,1,4,0.4766563600005611,0.30174828,0.46542672,0.232825
serial,6400000,1,5,0.47569021200069983,0.30161547,0.46599016,0.23239437
serial,12800000,1,0,0.9380469799998536,0.30192562,0.46554656,0.23252781
serial,12800000,1,1,0.9366315049992409,0.30183656,0.46550508,0.23265836
serial,12800000,1,2,0.9413165250007296,0.3017432,0.46553648,0.23272031
serial,12800000,1,3,0.9406896809996397,0.30189086,0.46534031,0.23276883
serial,12800000,1,4,0.941814579999118,0.30187336,0.46526352,0.23286313
serial,12800000,1,5,0.9402310680015944,0.30173078,0.46581195,0.23245727
pthreads,100000,1,0,0.007661932000701199,0.3023,0.46462,0.23308
pthreads,100000,1,1,0.007022579000476981,0.3038,0.46482,0.23138
pthreads,100000,1,2,0.007067067001116811,0.30377,0.46422,0.23201
pthreads,100000,1,3,0.007005946999925072,0.30223,0.4637,0.23407
pthreads,100000,1,4,0.007103300000380841,0.30201,0.46557,0.23242
pthreads,100000,1,5,0.007635960999323288,0.29851,0.46869,0.2328
pthreads,100000,2,0,0.005238595000264468,0.29945,0.46639,0.23416
pthreads,100000,2,1,0.004075615999681759,0.30209,0.46575,0.23216
pthreads,100000,2,2,0.004742983001051471,0.30301,0.46541,0.23158
pthreads,100000,2,3,0.0045297280012164265,0.30009,0.4649,0.23501
pthreads,100000,2,4,0.005060405999756767,0.30372,0.46451,0.23177
pthreads,100000,2,5,0.004422354999405798,0.30082,0.468,0.23118
pthreads,100000,3,0,0.0038634459997410886,0.30094,0.46602,0.23304
pthreads,100000,3,1,0.004275760000382434,0.30133,0.46526,0.23341
pthreads,100000,3,2,0.003498415000649402,0.30245,0.46553,0.23202
pthreads,100000,3,3,0.0033282219992543105,0.30052,0.46611,0.23337
pthreads,100000,3,4,0.003534850000505685,0.30242,0.46528,0.2323
pthreads,100000,3,5,0.0034257290008099517,0.30137,0.46779,0.23084
pthreads,100000,4,0,0.0029900119989179075,0.30122,0.46598,0.2328
pthreads,100000,4,1,0.004201255998850684,0.30234,0.46649,0.23117
pthreads,100000,4,2,0.003558791000614292,0.302,0.46536,0.23264
pthreads,100000,4,3,0.003931564999220427,0.30188,0.4657,0.23242
pthreads,100000,4,4,0.004312611999921501,0.30307,0.46457,0.23236
pthreads,100000,4,5,0.0036304409986769315,0.30001,0.46892,0.23107
pthreads,100000,5,0,0.004144648999499623,0.30325,0.46473,0.23202
pthreads,100000,5,1,0.00364923000051931,0.30302,0.4654,0.23158
pthreads,100000,5,2,0.004157875999226235,0.30061,0.46635,0.23304
pthreads,100000,5,3,0.0036776790002477355,0.30158,0.46618,0.23224
pthreads,100000,5,4,0.0037287579998519504,0.30353,0.46395,0.23252
pthreads,100000,5,5,0.003626591000283952,0.30055,0.46867,0.23078
pthreads,100000,6,0,0.0042403089992149035,0.30142,0.46506,0.23352
pthreads,100000,6,1,0.004017535000457428,0.30303,0.4653,0.23167
pthreads,100000,6,2,0.0037332829997467343,0.3009,0.46679,0.23231
pthreads,100000,6,3,0.003931553999791504,0.30139,0.46629,0.23232
pthreads,100000,6,4,0.003809837000517291,0.30476,0.46327,0.23197
pthreads,100000,6,5,0.0037763849995826604,0.30148,0.46928,0.22924
pthreads,100000,7,0,0.004031918000691803,0.30077,0.46511,0.23412
pthreads,100000,7,1,0.003954870000598021,0.30268,0.46527,0.23205
pthreads,100000,7,2,0.003952508999645943,0.30008,0.4663,0.23362
pthreads,100000,7,3,0.003821371999947587,0.30226,0.46561,0.23213
pthreads,100000,7,4,0.00379441100085387,0.30457,0.46485,0.23058
pthreads,100000,7,5,0.0038010410007700557,0.30218,0.46896,0.22886
pthreads,100000,8,0,0.0038638440000795526,0.30229,0.46325,0.23446
pthreads,100000,8,1,0.0038628509992122417,0.30315,0.46598,0.23087
pthreads,100000,8,2,0.0041540180009178584,0.30002,0.46582,0.23416
pthreads,100000,8,3,0.0035624810006993357,0.30223,0.46673,0.23104
pthreads,100000,8,4,0.003899264000210678,0.30577,0.46458,0.22965
pthreads,100000,8,5,0.0037704970000049798,0.30252,0.4677,0.22978
pthreads,200000,1,0,0.013805243999740924,0.301555,0.46547,0.232975
pthreads,200000,1,1,0.01351555799919879,0.302645,0.46438,0.232975
pthreads,200000,1,2,0.013364148000619025,0.302755,0.46481,0.232435
pthreads,200000,1,3,0.01350895399991714,0.301055,0.46473,0.234215
pthreads,200000,1,4,0.012890300000435673,0.30147,0.465715,0.232815
pthreads,200000,1,5,0.013236525001047994,0.300405,0.46723,0.232365
pthreads,200000,2,0,0.00795841599938285,0.30162,0.46515,0.23323
pthreads,200000,2,1,0.008405227999901399,0.302875,0.464875,0.23225
pthreads,200000,2,2,0.008184819000234711,0.303915,0.464365,0.23172
pthreads,200000,2,3,0.007485524998628534,0.30108,0.46444,0.23448
pthreads,200000,2,4,0.008058436998908292,0.303155,0.465015,0.23183
pthreads,200000,2,5,0.007699376001255587,0.3003,0.46781,0.23189
pthreads,200000,3,0,0.0067800389988406096,0.301585,0.465435,0.23298
pthreads,200000,3,1,0.007171979001213913,0.30236,0.465225,0.232415
pthreads,200000,3,2,0.006070700999771361,0.30307,0.46438,0.23255
pthreads,200000,3,3,0.006091324999943026,0.300025,0.465435,0.23454
pthreads,200000,3,4,0.006039157000486739,0.302885,0.46476,0.232355
pthreads,200000,3,5,0.0058483550001255935,0.3009,0.466835,0.232265
pthreads,200000,4,0,0.0052310709997982485,0.30052,0.466995,0.232485
pthreads,200000,4,1,0.005846699999892735,0.30177,0.4655,0.23273
pthreads,200000,4,2,0.005647239000609261,0.3029,0.464275,0.232825
pthreads,200000,4,3,0.00575041299998702,0.301655,0.46472,0.233625
pthreads,200000,4,4,0.005705096000383492,0.302755,0.464365,0.23288
pthreads,200000,4,5,0.005130273000759189,0.300915,0.46703,0.232055
pthreads,200000,5,0,0.005680115998984547,0.301475,0.465595,0.23293
pthreads,200000,5,1,0.005407340000601835,0.30213,0.465125,0.232745
pthreads,200000,5,2,0.007524915999965742,0.301775,0.464735,0.23349
pthreads,200000,5,3,0.005531366001378046,0.302095,0.46562,0.232285
pthreads,200000,5,4,0.005519770000319113,0.303205,0.463715,0.23308
pthreads,200000,5,5,0.0053170910014159745,0.30091,0.46744,0.23165
pthreads,200000,6,0,0.0073514710002200445,0.301605,0.465465,0.23293
pthreads,200000,6,1,0.006731561999913538,0.30172,0.46531,0.23297
pthreads,200000,6,2,0.0054631120001431555,0.30165,0.465465,0.232885
pthreads,200000,6,3,0.00624695700025768,0.301585,0.465665,0.23275
pthreads,200000,6,4,0.005204286999287433,0.303515,0.46396,0.232525
pthreads,200000,6,5,0.005279662998873391,0.301715,0.467425,0.23086
pthreads,200000,7,0,0.006375703000230715,0.30175,0.46518,0.23307
pthreads,200000,7,1,0.006337675000395393,0.301545,0.465925,0.23253
pthreads,200000,7,2,0.0064847800003917655,0.30069,0.465975,0.233335
pthreads,200000,7,3,0.006256059999941499,0.301735,0.465955,0.23231
pthreads,200000,7,4,0.006309635000434355,0.304035,0.464385,0.23158
pthreads,200000,7,5,0.006521409000924905,0.302055,0.46649,0.231455
pthreads,200000,8,0,0.00658796599964262,0.302105,0.46432,0.233575
pthreads,200000,8,1,0.0064599789984640665,0.301605,0.467,0.231395
pthreads,200000,8,2,0.0064377649996458786,0.300815,0.465995,0.23319
pthreads,200000,8,3,0.004959218000294641,0.30187,0.466785,0.231345
pthreads,200000,8,4,0.0061558130000776146,0.304275,0.46403,0.231695
pthreads,200000,8,5,0.006139709999843035,0.301835,0.4671,0.231065
pthreads,400000,1,0,0.025147368000034476,0.3021475,0.4652225,0.23263
pthreads,400000,1,1,0.02490335099901131,0.302245,0.4652525,0.2325025
pthreads,400000,1,2,0.02508514799956174,0.30214,0.4648625,0.2329975
pthreads,400000,1,3,0.025149458000669256,0.30183,0.46524,0.23293
pthreads,400000,1,4,0.024943661999714095,0.3009575,0.465745,0.2332975
pthreads,400000,1,5,0.025064603998544044,0.30021,0.466435,0.233355
pthreads,400000,2,0,0.0139997249989392,0.3016025,0.4644825,0.233915
pthreads,400000,2,1,0.014185904001351446,0.3021975,0.46477,0.2330325
pthreads,400000,2,2,0.014313347999632242,0.3031675,0.4650825,0.23175
pthreads,400000,2,3,0.014045546000488685,0.300055,0.466075,0.23387
pthreads,400000,2,4,0.013898655999582843,0.3027325,0.4647125,0.232555
pthreads,400000,2,5,0.013998901000377373,0.300855,0.4670125,0.2321325
pthreads,400000,3,0,0.011486154999147402,0.3027075,0.464805,0.2324875
pthreads,400000,3,1,0.010550701001193374,0.3025125,0.46459,0.2328975
pthreads,400000,3,2,0.01051972400091472,0.3025625,0.4659425,0.231495
pthreads,400000,3,3,0.010667353999451734,0.300585,0.4655925,0.2338225
pthreads,400000,3,4,0.010678736998670502,0.302415,0.4648025,0.2327825
pthreads,400000,3,5,0.010494357000425225,0.300675,0.466775,0.23255
pthreads,400000,4,0,0.009946554000634933,0.3022375,0.4657675,0.231995
pthreads,400000,4,1,0.009347068998977193,0.30268,0.464655,0.232665
pthreads,400000,4,2,0.009194578999085934,0.302835,0.4641075,0.2330575
pthreads,400000,4,3,0.009278928000640008,0.30173,0.46497,0.2333
pthreads,400000,4,4,0.009013165001306334,0.30244,0.4648775,0.2326825
pthreads,400000,4,5,0.00918197600003623,0.3011925,0.4664325,0.232375
pthreads,400000,5,0,0.009378535998621373,0.30164,0.465975,0.232385
pthreads,400000,5,1,0.009401819999766303,0.3025275,0.46545,0.2320225
pthreads,400000,5,2,0.009139320000031148,0.30288,0.4639025,0.2332175
pthreads,400000,5,3,0.009230617999492097,0.30135,0.465395,0.233255
pthreads,400000,5,4,0.009282846998758032,0.302595,0.46484,0.232565
pthreads,400000,5,5,0.009120695000092383,0.3010875,0.466,0.2329125
pthreads,400000,6,0,0.009969036998882075,0.3016375,0.46552,0.2328425
pthreads,400000,6,1,0.008790113999566529,0.3022175,0.46517,0.2326125
pthreads,400000,6,2,0.0088170960007119,0.3024875,0.46405,0.2334625
pthreads,400000,6,3,0.00883416800024861,0.300865,0.46539,0.233745
pthreads,400000,6,4,0.008838123998430092,0.302815,0.464705,0.23248
pthreads,400000,6,5,0.008924687999751768,0.301455,0.46623,0.232315
pthreads,400000,7,0,0.012245829000676167,0.3013875,0.4659475,0.232665
pthreads,400000,7,1,0.012162245999206789,0.30139,0.4657975,0.2328125
pthreads,400000,7,2,0.011466322999694967,0.301735,0.46447,0.233795
pthreads,400000,7,3,0.011210405000383616,0.301535,0.465285,0.23318
pthreads,400000,7,4,0.011095937001300626,0.302625,0.4647525,0.2326225
pthreads,400000,7,5,0.010146650000024238,0.30157,0.46599,0.23244
pthreads,400000,8,0,0.011265503000686294,0.30169,0.4653675,0.2329425
pthreads,400000,8,1,0.010295108000718756,0.301725,0.46569,0.232585
pthreads,400000,8,2,0.011203852000107872,0.30136,0.464915,0.233725
pthreads,400000,8,3,0.01180004799971357,0.3014225,0.4657975,0.23278
pthreads,400000,8,4,0.011036576999686076,0.302785,0.4645825,0.2326325
pthreads,400000,8,5,0.011578953000935144,0.30216,0.4657525,0.2320875
pthreads,800000,1,0,0.04934713400143664,0.302055,0.465475,0.23247
pthreads,800000,1,1,0.05064574199968774,0.302545,0.46566625,0.23178875
pthreads,800000,1,2,0.04965161300060572,0.30242,0.46414875,0.23343125
pthreads,800000,1,3,0.04953129299974535,0.30171625,0.46583,0.23245375
pthreads,800000,1,4,0.04966381200028991,0.3007925,0.4657075,0.2335
pthreads,800000,1,5,0.04892706399914459,0.30113125,0.4656725,0.23319625
pthreads,800000,2,0,0.02656603399918822,0.3017525,0.46473625,0.23351125
pthreads,800000,2,1,0.026942835000227205,0.3020425,0.46550875,0.23244875
pthreads,800000,2,2,0.027242281999861007,0.30287375,0.4650325,0.23209375
pthreads,800000,2,3,0.027015960999051458,0.30110625,0.46563125,0.2332625
pthreads,800000,2,4,0.026924221001536353,0.30203625,0.4650525,0.23291125
pthreads,800000,2,5,0.027280599000732764,0.30111375,0.46607375,0.2328125
pthreads,800000,3,0,0.01995057999920391,0.30212125,0.46486,0.23301875
pthreads,800000,3,1,0.019728711000425392,0.30196375,0.46562,0.23241625
pthreads,800000,3,2,0.019663668999783113,0.3028475,0.465475,0.2316775
pthreads,800000,3,3,0.02005626000027405,0.30079125,0.46615125,0.2330575
pthreads,800000,3,4,0.01982729400151584,0.30201,0.464815,0.233175
pthreads,800000,3,5,0.01975760000095761,0.30149,0.4659625,0.2325475
pthreads,800000,4,0,0.01857633299914596,0.302065,0.464925,0.23301
pthreads,800000,4,1,0.01699012399876665,0.30246125,0.46496625,0.2325725
pthreads,800000,4,2,0.017599924000023748,0.30230375,0.46512875,0.2325675
pthreads,800000,4,3,0.016870840001502074,0.3011375,0.46588,0.2329825
pthreads,800000,4,4,0.017076021000320907,0.30209,0.46475875,0.23315125
pthreads,800000,4,5,0.01762142000006861,0.3015825,0.46600375,0.23241375
pthreads,800000,5,0,0.016860445000929758,0.30192625,0.46529875,0.232775
pthreads,800000,5,1,0.01659821999965061,0.3025075,0.46495125,0.23254125
pthreads,800000,5,2,0.016647615000692895,0.30185875,0.46536125,0.23278
pthreads,800000,5,3,0.016898208999919007,0.30112625,0.465935,0.23293875
pthreads,800000,5,4,0.01668136999978742,0.3017975,0.465275,0.2329275
pthreads,800000,5,5,0.016709292998712044,0.301505,0.46589125,0.23260375
pthreads,800000,6,0,0.0179340120012057,0.302025,0.46528625,0.23268875
pthreads,800000,6,1,0.016917436998483026,0.302235,0.46512,0.232645
pthreads,800000,6,2,0.015927293999993708,0.30225625,0.4648625,0.23288125
pthreads,800000,6,3,0.01599211800021294,0.3011625,0.46549375,0.23334375
pthreads,800000,6,4,0.016089402999568847,0.30229,0.46487875,0.23283125
pthreads,800000,6,5,0.02013795899983961,0.30139625,0.4660075,0.23259625
pthreads,800000,7,0,0.022260924000875093,0.3020125,0.465265,0.2327225
pthreads,800000,7,1,0.02340396299950953,0.30198125,0.4651875,0.23283125
pthreads,800000,7,2,0.022373719000825076,0.30212125,0.46477,0.23310875
pthreads,800000,7,3,0.021856560999367503,0.301245,0.465615,0.23314
pthreads,800000,7,4,0.02141310200022417,0.30223125,0.46531875,0.23245
pthreads,800000,7,5,0.021179191999181057,0.30171375,0.46586375,0.2324225
pthreads,800000,8,0,0.020899529999951483,0.302255,0.46506375,0.23268125
pthreads,800000,8,1,0.020988338001188822,0.30233375,0.46522,0.23244625
pthreads,800000,8,2,0.021868601001187926,0.3022475,0.4643875,0.233365
pthreads,800000,8,3,0.020921842000461766,0.30155,0.46574625,0.23270375
pthreads,800000,8,4,0.02074658499986981,0.3024625,0.465325,0.2322125
pthreads,800000,8,5,0.02105851199848985,0.3020475,0.46548,0.2324725
pthreads,1600000,1,0,0.09722115099975781,0.30205188,0.46525688,0.23269125
pthreads,1600000,1,1,0.09775694699965243,0.30189625,0.46593375,0.23217
pthreads,1600000,1,2,0.09739977000026556,0.30236438,0.46446437,0.23317125
pthreads,1600000,1,3,0.09704156100087857,0.3022875,0.465425,0.2322875
pthreads,1600000,1,4,0.09826091399918369,0.30135375,0.46535312,0.23329312
pthreads,1600000,1,5,0.0991964620006911,0.30166,0.46555812,0.23278187
pthreads,1600000,2,0,0.05179137300001457,0.30167813,0.46523687,0.233085
pthreads,1600000,2,1,0.05466827100099181,0.302225,0.46568688,0.23208813
pthreads,1600000,2,2,0.052007275000505615,0.30278187,0.46460937,0.23260875
pthreads,1600000,2,3,0.0521455350008182,0.30129375,0.46546562,0.23324063
pthreads,1600000,2,4,0.052224869999918155,0.30182188,0.46495,0.23322813
pthreads,1600000,2,5,0.052266103999500046,0.30148687,0.4655775,0.23293563
pthreads,1600000,3,0,0.03970653000033053,0.30204063,0.46499187,0.2329675
pthreads,1600000,3,1,0.03832634199898166,0.30266,0.46543937,0.23190062
pthreads,1600000,3,2,0.03846695500033093,0.30268187,0.46483687,0.23248125
pthreads,1600000,3,3,0.038413664000472636,0.30145,0.46554438,0.23300562
pthreads,1600000,3,4,0.03884353399917018,0.30130187,0.46535312,0.233345
pthreads,1600000,3,5,0.03827203900073073,0.30147438,0.46567375,0.23285188
pthreads,1600000,4,0,0.034974427999259206,0.30212438,0.46486312,0.2330125
pthreads,1600000,4,1,0.033409275998565136,0.30257937,0.46536187,0.23205875
pthreads,1600000,4,2,0.0329610490007326,0.30265938,0.46471313,0.2326275
pthreads,1600000,4,3,0.03357277099894418,0.30167312,0.46577125,0.23255562
pthreads,1600000,4,4,0.03359804499996244,0.30190312,0.4648225,0.23327438
pthreads,1600000,4,5,0.03300600900001882,0.30173062,0.46563625,0.23263312
pthreads,1600000,5,0,0.03242218400009733,0.30166562,0.46531625,0.23301812
pthreads,1600000,5,1,0.03229144999932032,0.30227562,0.46556687,0.2321575
pthreads,1600000,5,2,0.031913455999529106,0.30238312,0.46486125,0.23275562
pthreads,1600000,5,3,0.032016711000323994,0.30148938,0.46601562,0.232495
pthreads,1600000,5,4,0.03216408400112414,0.30162187,0.4650925,0.23328562
pthreads,1600000,5,5,0.03241335100028664,0.30144938,0.46571187,0.23283875
pthreads,1600000,6,0,0.04871186799937277,0.30146812,0.46527875,0.23325313
pthreads,1600000,6,1,0.03971329399973911,0.30184937,0.46572313,0.2324275
pthreads,1600000,6,2,0.045752940999591374,0.30242812,0.46513187,0.23244
pthreads,1600000,6,3,0.03051173700077925,0.30121,0.46594687,0.23284313
pthreads,1600000,6,4,0.03405841300082102,0.30195125,0.46483062,0.23321812
pthreads,1600000,6,5,0.03599952399963513,0.30154938,0.46556938,0.23288125
pthreads,1600000,7,0,0.04171467800006212,0.301285,0.46559,0.233125
pthreads,1600000,7,1,0.04185827499895822,0.3018125,0.46579375,0.23239375
pthreads,1600000,7,2,0.04175038100038364,0.30190187,0.46518813,0.23291
pthreads,1600000,7,3,0.044961007000893005,0.30142562,0.46574312,0.23283125
pthreads,1600000,7,4,0.046038208000027225,0.30206625,0.46514187,0.23279188
pthreads,1600000,7,5,0.04169990999980655,0.301805,0.46549,0.232705
pthreads,1600000,8,0,0.04236741500062635,0.30162625,0.4651725,0.23320125
pthreads,1600000,8,1,0.042360798999652616,0.30209875,0.46540437,0.23249687
pthreads,1600000,8,2,0.04064496700084419,0.3017875,0.46529063,0.23292188
pthreads,1600000,8,3,0.04694356300024083,0.30108812,0.46609,0.23282188
pthreads,1600000,8,4,0.045244240000101854,0.3020775,0.46524688,0.23267562
pthreads,1600000,8,5,0.04280709699924046,0.3018475,0.4655,0.2326525
pthreads,3200000,1,0,0.19280881699887686,0.30188219,0.46519625,0.23292156
pthreads,3200000,1,1,0.19254576099956466,0.30166562,0.46626469,0.23206969
pthreads,3200000,1,2,0.19583559200145828,0.30199531,0.46506938,0.23293531
pthreads,3200000,1,3,0.19335556800069753,0.3015975,0.46569531,0.23270719
pthreads,3200000,1,4,0.19334964100016805,0.30161594,0.46577344,0.23261062
pthreads,3200000,1,5,0.19244135500048287,0.30189813,0.46541594,0.23268594
pthreads,3200000,2,0,0.10330121200058784,0.30186687,0.46536281,0.23277031
pthreads,3200000,2,1,0.10315056600120442,0.301885,0.4656825,0.2324325
pthreads,3200000,2,2,0.10293740800079831,0.30217656,0.464855,0.23296844
pthreads,3200000,2,3,0.10329873099908582,0.30184281,0.46548187,0.23267531
pthreads,3200000,2,4,0.10308783000073163,0.30189156,0.46516344,0.232945
pthreads,3200000,2,5,0.10286784900017665,0.30184531,0.4651725,0.23298219
pthreads,3200000,3,0,0.07563463000042248,0.30185375,0.46513344,0.23301281
pthreads,3200000,3,1,0.07535107800140395,0.30228719,0.46557688,0.23213594
pthreads,3200000,3,2,0.07615703100054816,0.30227094,0.46501625,0.23271281
pthreads,3200000,3,3,0.0760611030000291,0.30160281,0.465445,0.23295219
pthreads,3200000,3,4,0.07510809599989443,0.30166312,0.46535938,0.2329775
pthreads,3200000,3,5,0.0762154179992649,0.30160938,0.46558906,0.23280156
pthreads,3200000,4,0,0.06610178899973107,0.30193437,0.46497781,0.23308781
pthreads,3200000,4,1,0.06564420799986692,0.3025325,0.46551219,0.23195531
pthreads,3200000,4,2,0.07230774799973005,0.30245625,0.464705,0.23283875
pthreads,3200000,4,3,0.06506375199933245,0.30160687,0.46547969,0.23291344
pthreads,3200000,4,4,0.06503637800051365,0.30174781,0.46517625,0.23307594
pthreads,3200000,4,5,0.06549517699932039,0.30190594,0.46547469,0.23261937
pthreads,3200000,5,0,0.06350869900052203,0.3017275,0.46518375,0.23308875
pthreads,3200000,5,1,0.0638261700005387,0.30244625,0.46537656,0.23217719
pthreads,3200000,5,2,0.06230399900050543,0.30218406,0.46498531,0.23283063
pthreads,3200000,5,3,0.06407587400099146,0.30167688,0.46568906,0.23263406
pthreads,3200000,5,4,0.06256066800051485,0.30159438,0.46528656,0.23311906
pthreads,3200000,5,5,0.06198691300050996,0.30190406,0.46522281,0.23287312
pthreads,3200000,6,0,0.05956908000007388,0.30176969,0.46529312,0.23293719
pthreads,3200000,6,1,0.06614299700049742,0.30244875,0.46557656,0.23197469
pthreads,3200000,6,2,0.060193615001480794,0.30221031,0.4650375,0.23275219
pthreads,3200000,6,3,0.06405099000039627,0.30174906,0.46557406,0.23267688
pthreads,3200000,6,4,0.059323368999685044,0.30155531,0.46513781,0.23330687
pthreads,3200000,6,5,0.059386928000094485,0.30167406,0.46522969,0.23309625
pthreads,3200000,7,0,0.06914119700013543,0.30165656,0.46543937,0.23290406
pthreads,3200000,7,1,0.07893053199950373,0.30213375,0.46579906,0.23206719
pthreads,3200000,7,2,0.08556811699963873,0.30212344,0.46509187,0.23278469
pthreads,3200000,7,3,0.0791546529999323,0.30166281,0.46567969,0.2326575
pthreads,3200000,7,4,0.08849003800060018,0.3016575,0.46517031,0.23317219
pthreads,3200000,7,5,0.07203551699967647,0.30184563,0.46517562,0.23297875
pthreads,3200000,8,0,0.0818017769997823,0.30171188,0.46526219,0.23302594
pthreads,3200000,8,1,0.07393755400153168,0.30226125,0.46564187,0.23209688
pthreads,3200000,8,2,0.08428643300067051,0.30207375,0.46517562,0.23275062
pthreads,3200000,8,3,0.0803314840013627,0.3015525,0.46589156,0.23255594
pthreads,3200000,8,4,0.08735954600160767,0.30178281,0.46532594,0.23289125
pthreads,3200000,8,5,0.08073814199997287,0.30185563,0.46527438,0.23287
pthreads,6400000,1,0,0.38902066400078184,0.30172766,0.46577844,0.23249391
pthreads,6400000,1,1,0.39521736500137195,0.30174797,0.46584969,0.23240234
pthreads,6400000,1,2,0.3831126610002684,0.30191937,0.46516547,0.23291516
pthreads,6400000,1,3,0.38861372000064875,0.30190203,0.46536344,0.23273453
pthreads,6400000,1,4,0.3830275470008928,0.30157937,0.46584844,0.23257219
pthreads,6400000,1,5,0.38397298400013824,0.30174156,0.46565812,0.23260031
pthreads,6400000,2,0,0.2064553039999737,0.30194906,0.46505812,0.23299281
pthreads,6400000,2,1,0.20723454200015112,0.30175297,0.46582766,0.23241938
pthreads,6400000,2,2,0.20416985799965914,0.30201187,0.46527391,0.23271422
pthreads,6400000,2,3,0.20770581400029187,0.30164031,0.46543969,0.23292
pthreads,6400000,2,4,0.20624639599918737,0.30185109,0.46551063,0.23263828
pthreads,6400000,2,5,0.20448374099942157,0.3019125,0.46528156,0.23280594
pthreads,6400000,3,0,0.1509477830004471,0.30193938,0.46535578,0.23270484
pthreads,6400000,3,1,0.15019066800050496,0.30189922,0.465615,0.23248578
pthreads,6400000,3,2,0.1510325750004995,0.3021175,0.46504703,0.23283547
pthreads,6400000,3,3,0.15144025900008273,0.30174937,0.46557047,0.23268016
pthreads,6400000,3,4,0.15011765899907914,0.3018725,0.46534828,0.23277922
pthreads,6400000,3,5,0.15237705099934828,0.30179375,0.46535859,0.23284766
pthreads,6400000,4,0,0.13051689699932467,0.30198234,0.46509875,0.23291891
pthreads,6400000,4,1,0.1285981239998364,0.30182656,0.46563891,0.23253453
pthreads,6400000,4,2,0.12910832200032019,0.30215703,0.46489766,0.23294531
pthreads,6400000,4,3,0.12909393600057228,0.30183078,0.46535609,0.23281313
pthreads,6400000,4,4,0.13022810999973444,0.30181469,0.46535813,0.23282719
pthreads,6400000,4,5,0.12906053400001838,0.30182656,0.46552016,0.23265328
pthreads,6400000,5,0,0.12403332399844658,0.30174953,0.46529984,0.23295062
pthreads,6400000,5,1,0.1236130730012519,0.30193359,0.46562234,0.23244406
pthreads,6400000,5,2,0.12363180100146565,0.30194391,0.46523422,0.23282188
pthreads,6400000,5,3,0.12321117099963885,0.30174141,0.46561562,0.23264297
pthreads,6400000,5,4,0.12393044300006295,0.30175969,0.46549641,0.23274391
pthreads,6400000,5,5,0.12357599599999958,0.30203687,0.46517031,0.23279281
pthreads,6400000,6,0,0.11761726199983968,0.30182109,0.46515297,0.23302594
pthreads,6400000,6,1,0.1203987099997903,0.30208281,0.46575156,0.23216562
pthreads,6400000,6,2,0.12980959699962114,0.30211,0.46520391,0.23268609
pthreads,6400000,6,3,0.12216781299866852,0.30166359,0.46567313,0.23266328
pthreads,6400000,6,4,0.11952457599909394,0.30181703,0.46522297,0.23296
pthreads,6400000,6,5,0.13050667000061367,0.30197188,0.46525047,0.23277766
pthreads,6400000,7,0,0.17775441000048886,0.30167187,0.46537625,0.23295188
pthreads,6400000,7,1,0.16780751299847907,0.3021,0.46587219,0.23202781
pthreads,6400000,7,2,0.1798636859984981,0.30200578,0.46529672,0.2326975
pthreads,6400000,7,3,0.15624141900116228,0.30163672,0.46565266,0.23271063
pthreads,6400000,7,4,0.165462736000336,0.30186969,0.46528422,0.23284609
pthreads,6400000,7,5,0.11281867800062173,0.3019225,0.46527516,0.23280234
pthreads,6400000,8,0,0.15193695000016305,0.30173984,0.46519516,0.233065
pthreads,6400000,8,1,0.17291209999893908,0.30203203,0.46580047,0.2321675
pthreads,6400000,8,2,0.172352930998386,0.30195484,0.46538844,0.23265672
pthreads,6400000,8,3,0.16047401600008016,0.30168062,0.46567656,0.23264281
pthreads,6400000,8,4,0.15717793200019514,0.30179094,0.46529016,0.23291891
pthreads,6400000,8,5,0.16504129799977818,0.30194234,0.46524844,0.23280922
pthreads,12800000,1,0,0.7682859649994498,0.301795,0.46563547,0.23256953
pthreads,12800000,1,1,0.7645784630003618,0.30172148,0.46575703,0.23252148
pthreads,12800000,1,2,0.766092681000373,0.30182641,0.46551406,0.23265953
pthreads,12800000,1,3,0.776911265000308,0.30182195,0.46551336,0.23266469
pthreads,12800000,1,4,0.767159797000204,0.30162875,0.46573578,0.23263547
pthreads,12800000,1,5,0.7632336219994613,0.30169859,0.4656532,0.2326482
pthreads,12800000,2,0,0.4096843480001553,0.30178828,0.46550789,0.23270383
pthreads,12800000,2,1,0.418648980999933,0.30178828,0.46579539,0.23241633
pthreads,12800000,2,2,0.4080539900005533,0.30186641,0.46543758,0.23269602
pthreads,12800000,2,3,0.41081215200028964,0.30185297,0.46532969,0.23281734
pthreads,12800000,2,4,0.41337517200008733,0.30177742,0.46556242,0.23266016
pthreads,12800000,2,5,0.40765734600063297,0.30184453,0.46543812,0.23271734
pthreads,12800000,3,0,0.2981927020009607,0.30191203,0.46531273,0.23277523
pthreads,12800000,3,1,0.3049822029988718,0.30186969,0.4657068,0.23242352
pthreads,12800000,3,2,0.3018864860005124,0.30188172,0.46550648,0.2326118
pthreads,12800000,3,3,0.3002708240001084,0.30178187,0.46546781,0.23275031
pthreads,12800000,3,4,0.3006117570002971,0.30180289,0.46553273,0.23266438
pthreads,12800000,3,5,0.3026883689999522,0.30175906,0.4654918,0.23274914
pthreads,12800000,4,0,0.255986355999994,0.30191102,0.46513641,0.23295258
pthreads,12800000,4,1,0.2604921199999808,0.30178539,0.46574023,0.23247438
pthreads,12800000,4,2,0.25857761099905474,0.301935,0.46531766,0.23274734
pthreads,12800000,4,3,0.2590619639995566,0.30171008,0.4654957,0.23279422
pthreads,12800000,4,4,0.260003332999986,0.3018968,0.46538594,0.23271727
pthreads,12800000,4,5,0.2621217110008729,0.30185508,0.46549281,0.23265211
pthreads,12800000,5,0,0.24494608500026516,0.30184883,0.46537477,0.23277641
pthreads,12800000,5,1,0.24447488899932068,0.30193273,0.46551172,0.23255555
pthreads,12800000,5,2,0.24570417899849417,0.30186242,0.46543516,0.23270242
pthreads,12800000,5,3,0.24539587399885932,0.30176703,0.46560789,0.23262508
pthreads,12800000,5,4,0.2445839280007931,0.30181484,0.46548187,0.23270328
pthreads,12800000,5,5,0.24371202399925096,0.30175773,0.46537828,0.23286398
pthreads,12800000,6,0,0.2603109020001284,0.30191336,0.46533172,0.23275492
pthreads,12800000,6,1,0.23414053000124113,0.30181586,0.46558641,0.23259773
pthreads,12800000,6,2,0.23983825399955094,0.30188555,0.46541703,0.23269742
pthreads,12800000,6,3,0.23542880300010438,0.3017893,0.46558031,0.23263039
pthreads,12800000,6,4,0.26012777899995854,0.30195125,0.46533391,0.23271484
pthreads,12800000,6,5,0.25339118000010785,0.30183047,0.46531555,0.23285398
pthreads,12800000,7,0,0.32611743999950704,0.30186266,0.46537422,0.23276312
pthreads,12800000,7,1,0.3297560959999828,0.30169578,0.46576828,0.23253594
pthreads,12800000,7,2,0.3154056450002827,0.30187102,0.46540523,0.23272375
pthreads,12800000,7,3,0.24602690500069002,0.30174258,0.46560758,0.23264984
pthreads,12800000,7,4,0.24272885599930305,0.30187898,0.46542258,0.23269844
pthreads,12800000,7,5,0.3265930479992676,0.30180711,0.46535484,0.23283805
pthreads,12800000,8,0,0.32502208500045526,0.30180812,0.46534219,0.23284969
pthreads,12800000,8,1,0.31913288299983833,0.30173148,0.46572016,0.23254836
pthreads,12800000,8,2,0.22467865100043127,0.30190125,0.46536617,0.23273258
pthreads,12800000,8,3,0.3174742210012482,0.30175547,0.46559539,0.23264914
pthreads,12800000,8,4,0.3365166619987576,0.30182508,0.4654843,0.23269063
pthreads,12800000,8,5,0.35352459699970495,0.30187352,0.4653218,0.23280469
mpi,100000,1,0,0.32106132300032186,0.3023,0.46462,0.23308
mpi,100000,1,1,0.3199240819994884,0.3038,0.46482,0.23138
mpi,100000,1,2,0.3200228589994367,0.30377,0.46422,0.23201
mpi,100000,1,3,0.3195614160013065,0.30223,0.4637,0.23407
mpi,100000,1,4,0.31633276600041427,0.30201,0.46557,0.23242
mpi,100000,1,5,0.31963646699841775,0.29851,0.46869,0.2328
mpi,100000,2,0,0.32260641799985024,0.29994,0.46401,0.23605
mpi,100000,2,1,0.3211166030014283,0.30271,0.46636,0.23093
mpi,100000,2,2,0.32219534599971666,0.30218,0.46465,0.23317
mpi,100000,2,3,0.3214618469992274,0.29996,0.46507,0.23497
mpi,100000,2,4,0.3201448050003819,0.30207,0.46542,0.23251
mpi,100000,2,5,0.3197521540005255,0.30075,0.46608,0.23317
mpi,100000,3,0,0.3196149460000015,0.30136,0.4648,0.23384
mpi,100000,3,1,0.32011876100114023,0.303,0.46566,0.23134
mpi,100000,3,2,0.3198739259987633,0.30087,0.46724,0.23189
mpi,100000,3,3,0.32291525099935825,0.30004,0.4661,0.23386
mpi,100000,3,4,0.32096933600041666,0.30272,0.4644,0.23288
mpi,100000,3,5,0.32381536299908475,0.30392,0.46443,0.23165
mpi,100000,4,0,0.3268671890000405,0.30289,0.46354,0.23357
mpi,100000,4,1,0.3283195160001924,0.30258,0.4677,0.22972
mpi,100000,4,2,0.32383696699980646,0.30113,0.46622,0.23265
mpi,100000,4,3,0.32822644299994863,0.30244,0.46549,0.23207
mpi,100000,4,4,0.33003286799976195,0.30249,0.46364,0.23387
mpi,100000,4,5,0.3250986040002317,0.30323,0.46403,0.23274
mpi,100000,5,0,0.32889435500146647,0.30333,0.46459,0.23208
mpi,100000,5,1,0.33115245800036064,0.30333,0.46563,0.23104
mpi,100000,5,2,0.331657496999469,0.30083,0.46543,0.23374
mpi,100000,5,3,0.33162724300018454,0.30204,0.46598,0.23198
mpi,100000,5,4,0.3321834390008007,0.30314,0.46332,0.23354
mpi,100000,5,5,0.3312897329997213,0.30353,0.46393,0.23254
mpi,100000,6,0,0.3321768570003769,0.30332,0.46578,0.2309
mpi,100000,6,1,0.33559929200055194,0.3042,0.46478,0.23102
mpi,100000,6,2,0.3323188909998862,0.30183,0.46607,0.2321
mpi,100000,6,3,0.3350218360010331,0.30218,0.46617,0.23165
mpi,100000,6,4,0.3307516549994034,0.30242,0.46355,0.23403
mpi,100000,6,5,0.3337764799998695,0.30342,0.4638,0.23278
mpi,100000,7,0,0.33799388900115446,0.30165,0.46678,0.23157
mpi,100000,7,1,0.34002766700177744,0.3027,0.46488,0.23242
mpi,100000,7,2,0.3426178340014303,0.30065,0.46616,0.23319
mpi,100000,7,3,0.3411037120004039,0.30185,0.4655,0.23265
mpi,100000,7,4,0.33844219200000225,0.30189,0.46402,0.23409
mpi,100000,7,5,0.34145257899945136,0.30354,0.46406,0.2324
mpi,100000,8,0,0.34294237500034797,0.30138,0.46714,0.23148
mpi,100000,8,1,0.3396884699996008,0.30355,0.46354,0.23291
mpi,100000,8,2,0.3441408579983545,0.30056,0.46625,0.23319
mpi,100000,8,3,0.34392816299987317,0.30265,0.46475,0.2326
mpi,100000,8,4,0.3453570840010798,0.3025,0.46334,0.23416
mpi,100000,8,5,0.3475407339992671,0.30382,0.46401,0.23217
mpi,200000,1,0,0.3235281669985852,0.301555,0.46547,0.232975
mpi,200000,1,1,0.32328806499936036,0.302645,0.46438,0.232975
mpi,200000,1,2,0.3719988450011442,0.302755,0.46481,0.232435
mpi,200000,1,3,0.324230971000361,0.301055,0.46473,0.234215
mpi,200000,1,4,0.32354274700082897,0.30147,0.465715,0.232815
mpi,200000,1,5,0.32407228100055363,0.300405,0.46723,0.232365
mpi,200000,2,0,0.3205975050004781,0.30171,0.464145,0.234145
mpi,200000,2,1,0.3236385670006712,0.303385,0.464765,0.23185
mpi,200000,2,2,0.3195200029986154,0.30341,0.464465,0.232125
mpi,200000,2,3,0.31991088099857734,0.30081,0.46566,0.23353
mpi,200000,2,4,0.32443672500085086,0.301935,0.46438,0.233685
mpi,200000,2,5,0.3194069009987288,0.300545,0.466355,0.2331
mpi,200000,3,0,0.33231969000007666,0.30117,0.464275,0.234555
mpi,200000,3,1,0.3264420430004975,0.301375,0.466075,0.23255
mpi,200000,3,2,0.3256330809999781,0.302235,0.464545,0.23322
mpi,200000,3,3,0.3262249370000063,0.300165,0.465975,0.23386
mpi,200000,3,4,0.3218878080006107,0.30198,0.46547,0.23255
mpi,200000,3,5,0.32379038099861646,0.301715,0.465595,0.23269
mpi,200000,4,0,0.3272984560007899,0.3001,0.46562,0.23428
mpi,200000,4,1,0.32846623600016756,0.301895,0.465925,0.23218
mpi,200000,4,2,0.33089009699870076,0.301905,0.4647,0.233395
mpi,200000,4,3,0.32880393199957325,0.301465,0.465385,0.23315
mpi,200000,4,4,0.331337761001123,0.301595,0.46572,0.232685
mpi,200000,4,5,0.3282664999987901,0.302215,0.46607,0.231715
mpi,200000,5,0,0.3306066759996611,0.3012,0.46551,0.23329
mpi,200000,5,1,0.3279983920001541,0.30222,0.46575,0.23203
mpi,200000,5,2,0.3281035170002724,0.301505,0.46614,0.232355
mpi,200000,5,3,0.3319360460009193,0.302325,0.464835,0.23284
mpi,200000,5,4,0.33358413700079836,0.30243,0.464115,0.233455
mpi,200000,5,5,0.3301560330000939,0.30291,0.46562,0.23147
mpi,200000,6,0,0.33950832699883904,0.301215,0.466475,0.23231
mpi,200000,6,1,0.3357543900001474,0.303065,0.464575,0.23236
mpi,200000,6,2,0.33602081000026374,0.30235,0.46619,0.23146
mpi,200000,6,3,0.3373884499997075,0.30286,0.46467,0.23247
mpi,200000,6,4,0.3383330719989317,0.302145,0.46371,0.234145
mpi,200000,6,5,0.3321669209999527,0.303595,0.46501,0.231395
mpi,200000,7,0,0.33688782900026126,0.301785,0.46623,0.231985
mpi,200000,7,1,0.34291991899954155,0.303615,0.465265,0.23112
mpi,200000,7,2,0.33736949599915533,0.301475,0.465995,0.23253
mpi,200000,7,3,0.348453069000243,0.30245,0.46433,0.23322
mpi,200000,7,4,0.340737991999049,0.30195,0.46375,0.2343
mpi,200000,7,5,0.3374041250008304,0.30253,0.465415,0.232055
mpi,200000,8,0,0.34352314499847125,0.30127,0.466585,0.232145
mpi,200000,8,1,0.34170163400085585,0.30317,0.46549,0.23134
mpi,200000,8,2,0.3466002999994089,0.3011,0.465705,0.233195
mpi,200000,8,3,0.3434223590011243,0.30258,0.464885,0.232535
mpi,200000,8,4,0.34063685500041174,0.30199,0.463485,0.234525
mpi,200000,8,5,0.3443114189994958,0.302965,0.464595,0.23244
mpi,400000,1,0,0.3359452650001913,0.3021475,0.4652225,0.23263
mpi,400000,1,1,0.3395512500010227,0.302245,0.4652525,0.2325025
mpi,400000,1,2,0.33622377999927267,0.30214,0.4648625,0.2329975
mpi,400000,1,3,0.33566955300011614,0.30183,0.46524,0.23293
mpi,400000,1,4,0.33635014799983765,0.3009575,0.465745,0.2332975
mpi,400000,1,5,0.3357793399991351,0.30021,0.466435,0.233355
mpi,400000,2,0,0.3279725200009125,0.3014825,0.4644775,0.23404
mpi,400000,2,1,0.3277429010013293,0.3029625,0.464485,0.2325525
mpi,400000,2,2,0.32747131699943566,0.3023275,0.46509,0.2325825
mpi,400000,2,3,0.32830226499936543,0.300985,0.465955,0.23306
mpi,400000,2,4,0.3274461010005325,0.3012575,0.4649375,0.233805
mpi,400000,2,5,0.3282425670004159,0.3014025,0.465655,0.2329425
mpi,400000,3,0,0.33102367500032415,0.3017575,0.4647,0.2335425
mpi,400000,3,1,0.32869634199960274,0.3020875,0.4653075,0.232605
mpi,400000,3,2,0.3279570409995358,0.3027275,0.46448,0.2327925
mpi,400000,3,3,0.32724438600052963,0.3007675,0.4660825,0.23315
mpi,400000,3,4,0.3285556099999667,0.302,0.46539,0.23261
mpi,400000,3,5,0.32801773000028334,0.30173,0.4657025,0.2325675
mpi,400000,4,0,0.3302546400009305,0.30152,0.464865,0.233615
mpi,400000,4,1,0.3327957729998161,0.3020775,0.4652575,0.232665
mpi,400000,4,2,0.331986125000185,0.3026575,0.46423,0.2331125
mpi,400000,4,3,0.33167500699892116,0.301225,0.4660925,0.2326825
mpi,400000,4,4,0.334193304001019,0.302085,0.4649725,0.2329425
mpi,400000,4,5,0.32931619900045916,0.3018325,0.465525,0.2326425
mpi,400000,5,0,0.33104979999916395,0.3011075,0.4658475,0.233045
mpi,400000,5,1,0.3327128180008003,0.3021475,0.4652475,0.232605
mpi,400000,5,2,0.3327118400011386,0.3025475,0.4648075,0.232645
mpi,400000,5,3,0.3312044850008533,0.30087,0.4663125,0.2328175
mpi,400000,5,4,0.3388209540007665,0.3023675,0.46471,0.2329225
mpi,400000,5,5,0.33212634899973636,0.3017775,0.465725,0.2324975
mpi,400000,6,0,0.33844104200034053,0.3012675,0.4658175,0.232915
mpi,400000,6,1,0.33433465500093007,0.3021825,0.4649425,0.232875
mpi,400000,6,2,0.3347359849994973,0.3024375,0.465175,0.2323875
mpi,400000,6,3,0.3380786159996205,0.3014525,0.46571,0.2328375
mpi,400000,6,4,0.3348272660005023,0.3014525,0.46574,0.2328075
mpi,400000,6,5,0.33599646800030314,0.301815,0.4662675,0.2319175
mpi,400000,7,0,0.3403436389999115,0.3007825,0.465905,0.2333125
mpi,400000,7,1,0.44389344499904837,0.30191,0.46525,0.23284
mpi,400000,7,2,0.33946823600126663,0.3018675,0.465285,0.2328475
mpi,400000,7,3,0.3441419010014215,0.3015175,0.46565,0.2328325
mpi,400000,7,4,0.339739171000474,0.301415,0.46536,0.233225
mpi,400000,7,5,0.3443746229986573,0.301845,0.466895,0.23126
mpi,400000,8,0,0.346240957000191,0.300255,0.466775,0.23297
mpi,400000,8,1,0.3503513830000884,0.3023425,0.4652125,0.232445
mpi,400000,8,2,0.3442439419995935,0.3016425,0.4656575,0.2327
mpi,400000,8,3,0.3474089499995898,0.3019175,0.46555,0.2325325
mpi,400000,8,4,0.34424019300058717,0.3016225,0.46504,0.2333375
mpi,400000,8,5,0.34041250700101955,0.30168,0.466465,0.231855
mpi,800000,1,0,0.3593266189982387,0.302055,0.465475,0.23247
mpi,800000,1,1,0.3597601689998555,0.302545,0.46566625,0.23178875
mpi,800000,1,2,0.36430589300107385,0.30242,0.46414875,0.23343125
mpi,800000,1,3,0.35960582100051397,0.30171625,0.46583,0.23245375
mpi,800000,1,4,0.36038090900001407,0.3007925,0.4657075,0.2335
mpi,800000,1,5,0.35932977799893706,0.30113125,0.4656725,0.23319625
mpi,800000,2,0,0.3403517910010123,0.301325,0.465005,0.23367
mpi,800000,2,1,0.33991118899939465,0.30266375,0.46493625,0.2324
mpi,800000,2,2,0.3399702630013053,0.301635,0.46560125,0.23276375
mpi,800000,2,3,0.34021759999995993,0.30125125,0.46568,0.23306875
mpi,800000,2,4,0.3439119169997866,0.30083,0.4653275,0.2338425
mpi,800000,2,5,0.3433290449993365,0.30122875,0.4655,0.23327125
mpi,800000,3,0,0.337559412999326,0.3015225,0.4655325,0.232945
mpi,800000,3,1,0.33557023699904676,0.302235,0.465295,0.23247
mpi,800000,3,2,0.3363986219992512,0.30214375,0.4649425,0.23291375
mpi,800000,3,3,0.33644823399845336,0.30111,0.466005,0.232885
mpi,800000,3,4,0.3436605890001374,0.302265,0.46491875,0.23281625
mpi,800000,3,5,0.3361211949995777,0.302015,0.4653025,0.2326825
mpi,800000,4,0,0.3361973500013846,0.30128875,0.46521625,0.233495
mpi,800000,4,1,0.3392019250004523,0.302545,0.46487875,0.23257625
mpi,800000,4,2,0.3365487419996498,0.3017025,0.465075,0.2332225
mpi,800000,4,3,0.33582907799973327,0.3010675,0.465975,0.2329575
mpi,800000,4,4,0.33598937100032344,0.301725,0.46527875,0.23299625
mpi,800000,4,5,0.33148951699877216,0.30212125,0.46488375,0.232995
mpi,800000,5,0,0.3394370770001842,0.3013725,0.4654275,0.2332
mpi,800000,5,1,0.33612725700004376,0.3025575,0.46489625,0.23254625
mpi,800000,5,2,0.3407041559985373,0.30215875,0.46515875,0.2326825
mpi,800000,5,3,0.3394981319997896,0.30090375,0.4663525,0.23274375
mpi,800000,5,4,0.3395676349991845,0.30222,0.465145,0.232635
mpi,800000,5,5,0.33818533299927367,0.3016575,0.46546,0.2328825
mpi,800000,6,0,0.3413406479994592,0.301785,0.46549625,0.23271875
mpi,800000,6,1,0.33979502500005765,0.30225125,0.46454375,0.233205
mpi,800000,6,2,0.3409580579991598,0.30257625,0.4652025,0.23222125
mpi,800000,6,3,0.3430143160003354,0.3013975,0.466325,0.2322775
mpi,800000,6,4,0.3432374330004677,0.30181625,0.46574625,0.2324375
mpi,800000,6,5,0.33722270600082993,0.3013325,0.46612,0.2325475
mpi,800000,7,0,0.3479658659998677,0.301345,0.466095,0.23256
mpi,800000,7,1,0.3426451619998261,0.30258625,0.46448875,0.232925
mpi,800000,7,2,0.34321505700063426,0.30248625,0.46516875,0.232345
mpi,800000,7,3,0.3438585249987227,0.30135125,0.46628375,0.232365
mpi,800000,7,4,0.3441604180006834,0.30191375,0.46540875,0.2326775
mpi,800000,7,5,0.3426277010003105,0.30071125,0.46671,0.23257875
mpi,800000,8,0,0.34702049200132024,0.30142875,0.46616,0.23241125
mpi,800000,8,1,0.3492591119993449,0.30233375,0.46458625,0.23308
mpi,800000,8,2,0.3508464080005069,0.3018525,0.46552375,0.23262375
mpi,800000,8,3,0.3513318330005859,0.30142625,0.4660425,0.23253125
mpi,800000,8,4,0.3497840540003381,0.3021975,0.46484,0.2329625
mpi,800000,8,5,0.3435936789992411,0.30114,0.46600375,0.23285625
mpi,1600000,1,0,0.403578422999999,0.30205188,0.46525688,0.23269125
mpi,1600000,1,1,0.4120554279998032,0.30189625,0.46593375,0.23217
mpi,1600000,1,2,0.40843411599962565,0.30236438,0.46446437,0.23317125
mpi,1600000,1,3,0.4114853540013428,0.3022875,0.465425,0.2322875
mpi,1600000,1,4,0.4079799390001426,0.30135375,0.46535312,0.23329312
mpi,1600000,1,5,0.4076233779996983,0.30166,0.46555812,0.23278187
mpi,1600000,2,0,0.3635840159986401,0.30173125,0.46534813,0.23292062
mpi,1600000,2,1,0.3645958300003258,0.30258875,0.46537125,0.23204
mpi,1600000,2,2,0.3637269730006665,0.30193063,0.4651375,0.23293188
mpi,1600000,2,3,0.364292165999359,0.3015125,0.465845,0.2326425
mpi,1600000,2,4,0.363349217999712,0.30108187,0.46547187,0.23344625
mpi,1600000,2,5,0.3640724749984656,0.30158313,0.46549125,0.23292562
mpi,1600000,3,0,0.3519959170007496,0.30160313,0.46565125,0.23274563
mpi,1600000,3,1,0.3519490379985655,0.3026325,0.46545625,0.23191125
mpi,1600000,3,2,0.3510823119995621,0.30180875,0.46493563,0.23325562
mpi,1600000,3,3,0.34854978199837205,0.3012075,0.46612687,0.23266562
mpi,1600000,3,4,0.3523738109997794,0.301445,0.46567313,0.23288187
mpi,1600000,3,5,0.3540891709999414,0.30173125,0.46533625,0.2329325
mpi,1600000,4,0,0.34725992899984703,0.3012925,0.46566062,0.23304687
mpi,1600000,4,1,0.34816794600010326,0.30246,0.46516937,0.23237062
mpi,1600000,4,2,0.3478055609994044,0.3013375,0.46542875,0.23323375
mpi,1600000,4,3,0.351003744000991,0.30153625,0.46580938,0.23265437
mpi,1600000,4,4,0.3449744619992998,0.30160938,0.46548125,0.23290938
mpi,1600000,4,5,0.34919196299961186,0.30184,0.4650075,0.2331525
mpi,1600000,5,0,0.3488948510002956,0.30164062,0.46559375,0.23276563
mpi,1600000,5,1,0.3480325679993257,0.30208062,0.46525563,0.23266375
mpi,1600000,5,2,0.35233347400026105,0.3015125,0.46518437,0.23330313
mpi,1600000,5,3,0.3475835860008374,0.30155625,0.4658175,0.23262625
mpi,1600000,5,4,0.346511654999631,0.30217625,0.46504187,0.23278187
mpi,1600000,5,5,0.34908790000008594,0.30181938,0.46517562,0.233005
mpi,1600000,6,0,0.347242155999993,0.3018325,0.46562188,0.23254563
mpi,1600000,6,1,0.3510004300005676,0.3020375,0.46515625,0.23280625
mpi,1600000,6,2,0.351191330999427,0.30176063,0.4654825,0.23275688
mpi,1600000,6,3,0.3499290449999535,0.30174625,0.46607125,0.2321825
mpi,1600000,6,4,0.3535484149997501,0.30199625,0.46507938,0.23292437
mpi,1600000,6,5,0.34994007000022975,0.30160188,0.46553187,0.23286625
mpi,1600000,7,0,0.3523939970000356,0.30162062,0.46584687,0.2325325
mpi,1600000,7,1,0.3552267949999077,0.30211875,0.46523375,0.2326475
mpi,1600000,7,2,0.35740209499999764,0.30175937,0.46553937,0.23270125
mpi,1600000,7,3,0.35584637399915664,0.30146875,0.46616687,0.23236438
mpi,1600000,7,4,0.35530989399921964,0.30211063,0.46493125,0.23295812
mpi,1600000,7,5,0.3509892049987684,0.30147438,0.46564312,0.2328825
mpi,1600000,8,0,0.35311003400056507,0.30167375,0.46595188,0.23237437
mpi,1600000,8,1,0.3596366860001581,0.30226125,0.46512562,0.23261313
mpi,1600000,8,2,0.35549537599945324,0.30151875,0.46579625,0.232685
mpi,1600000,8,3,0.3568093800004135,0.30143562,0.46619187,0.2323725
mpi,1600000,8,4,0.3541863419995934,0.30192,0.46514187,0.23293812
mpi,1600000,8,5,0.3620464309988165,0.30138687,0.46553813,0.233075
mpi,3200000,1,0,0.5000482609993924,0.30188219,0.46519625,0.23292156
mpi,3200000,1,1,0.5043293729995639,0.30166562,0.46626469,0.23206969
mpi,3200000,1,2,0.5000776649994805,0.30199531,0.46506938,0.23293531
mpi,3200000,1,3,0.5033775070005504,0.3015975,0.46569531,0.23270719
mpi,3200000,1,4,0.5040097330002027,0.30161594,0.46577344,0.23261062
mpi,3200000,1,5,0.4998615679996874,0.30189813,0.46541594,0.23268594
mpi,3200000,2,0,0.4120632550002483,0.3018875,0.46538281,0.23272969
mpi,3200000,2,1,0.4120679839998047,0.30183031,0.46597531,0.23219438
mpi,3200000,2,2,0.41179705699869373,0.30209656,0.46507,0.23283344
mpi,3200000,2,3,0.41212517700114404,0.30197406,0.46535031,0.23267562
mpi,3200000,2,4,0.40780194199942343,0.30152406,0.46548375,0.23299219
mpi,3200000,2,5,0.412238263999825,0.30185125,0.46547594,0.23267281
mpi,3200000,3,0,0.3840203110012226,0.30174688,0.46580875,0.23244438
mpi,3200000,3,1,0.3847650009993231,0.30240312,0.46583594,0.23176094
mpi,3200000,3,2,0.3870406850001018,0.30195125,0.46514437,0.23290437
mpi,3200000,3,3,0.3838156380006694,0.30184719,0.46554594,0.23260687
mpi,3200000,3,4,0.3838672609999776,0.30163812,0.4656225,0.23273937
mpi,3200000,3,5,0.38362425500054087,0.3018475,0.46526469,0.23288781
mpi,3200000,4,0,0.37359557800118637,0.3016175,0.46592031,0.23246219
mpi,3200000,4,1,0.3739463740002975,0.30246563,0.46553719,0.23199719
mpi,3200000,4,2,0.37315794700043625,0.30176531,0.46513656,0.23309812
mpi,3200000,4,3,0.3721987849985453,0.30189656,0.46567531,0.23242813
mpi,3200000,4,4,0.375917577999644,0.30152937,0.46554031,0.23293031
mpi,3200000,4,5,0.37544084200089856,0.30193031,0.465135,0.23293469
mpi,3200000,5,0,0.3670140119993448,0.30163969,0.46589875,0.23246156
mpi,3200000,5,1,0.3645606489990314,0.30230125,0.46554969,0.23214906
mpi,3200000,5,2,0.36696777200086217,0.30150906,0.46533625,0.23315469
mpi,3200000,5,3,0.3683892850003758,0.30173062,0.46576156,0.23250781
mpi,3200000,5,4,0.372310271999595,0.30168062,0.46557125,0.23274813
mpi,3200000,5,5,0.3639192889986589,0.30186656,0.46508688,0.23304656
mpi,3200000,6,0,0.3684332560005714,0.30187812,0.46566344,0.23245844
mpi,3200000,6,1,0.3667590589993779,0.3022325,0.46535031,0.23241719
mpi,3200000,6,2,0.3640722150012152,0.30138125,0.46556219,0.23305656
mpi,3200000,6,3,0.36466784100048244,0.30188531,0.46589094,0.23222375
mpi,3200000,6,4,0.3748060340003576,0.30170344,0.46545281,0.23284375
mpi,3200000,6,5,0.36775654000120994,0.30169406,0.46541938,0.23288656
mpi,3200000,7,0,0.3691604550003831,0.30189813,0.46556,0.23254188
mpi,3200000,7,1,0.37193216599916923,0.30220406,0.46535469,0.23244125
mpi,3200000,7,2,0.3675781560014002,0.30146625,0.46575219,0.23278156
mpi,3200000,7,3,0.3732750869985466,0.30186438,0.46590781,0.23222781
mpi,3200000,7,4,0.37019794000116235,0.30180375,0.46541688,0.23277938
mpi,3200000,7,5,0.3644110440000077,0.30146031,0.46556406,0.23297562
mpi,3200000,8,0,0.3757001609992585,0.30190719,0.46568219,0.23241063
mpi,3200000,8,1,0.375892214000487,0.30228344,0.46525406,0.2324625
mpi,3200000,8,2,0.3622004629996809,0.30104125,0.46609906,0.23285969
mpi,3200000,8,3,0.3726204239992512,0.30177906,0.46592031,0.23230063
mpi,3200000,8,4,0.3680501210001239,0.30182844,0.46531406,0.2328575
mpi,3200000,8,5,0.3673467110002093,0.30125375,0.46553219,0.23321406
mpi,6400000,1,0,0.6996857520007325,0.30172766,0.46577844,0.23249391
mpi,6400000,1,1,0.6922356230006699,0.30174797,0.46584969,0.23240234
mpi,6400000,1,2,0.6920350620002864,0.30191937,0.46516547,0.23291516
mpi,6400000,1,3,0.6917898960000457,0.30190203,0.46536344,0.23273453
mpi,6400000,1,4,0.6953888269999879,0.30157937,0.46584844,0.23257219
mpi,6400000,1,5,0.6911815540006501,0.30174156,0.46565812,0.23260031
mpi,6400000,2,0,0.5038271880002867,0.30196047,0.46507359,0.23296594
mpi,6400000,2,1,0.5038782739993621,0.30168563,0.46598187,0.2323325
mpi,6400000,2,2,0.4998796609997953,0.30187234,0.46531422,0.23281344
mpi,6400000,2,3,0.49980435600082274,0.30162062,0.46562297,0.23275641
mpi,6400000,2,4,0.5074269299984735,0.30183266,0.46535422,0.23281313
mpi,6400000,2,5,0.5084772030004387,0.30191625,0.46536109,0.23272266
mpi,6400000,3,0,0.44656636100080505,0.30187531,0.46558906,0.23253562
mpi,6400000,3,1,0.4448015470006794,0.30173109,0.46604219,0.23222672
mpi,6400000,3,2,0.4798738770005002,0.30188531,0.46526734,0.23284734
mpi,6400000,3,3,0.44768741199914075,0.30176406,0.46555797,0.23267797
mpi,6400000,3,4,0.44432454599882476,0.30173672,0.46579375,0.23246953
mpi,6400000,3,5,0.44378668700119306,0.30171016,0.46545469,0.23283516
mpi,6400000,4,0,0.42115057699993486,0.30164375,0.46599969,0.23235656
mpi,6400000,4,1,0.41609933899962925,0.30185234,0.46591063,0.23223703
mpi,6400000,4,2,0.43210327199994936,0.30189938,0.46525187,0.23284875
mpi,6400000,4,3,0.41997570200146583,0.30183328,0.46561453,0.23255219
mpi,6400000,4,4,0.42007644899968,0.30167516,0.46556969,0.23275516
mpi,6400000,4,5,0.42036238800028514,0.30187516,0.46539938,0.23272547
mpi,6400000,5,0,0.4070957149997412,0.301595,0.46594062,0.23246438
mpi,6400000,5,1,0.40742472100100713,0.30199016,0.46584359,0.23216625
mpi,6400000,5,2,0.4072979899992788,0.30178641,0.46522594,0.23298766
mpi,6400000,5,3,0.40856154700122715,0.30186969,0.46569344,0.23243687
mpi,6400000,5,4,0.4094969340003445,0.30163344,0.46553,0.23283656
mpi,6400000,5,5,0.4055754659984814,0.30185781,0.46524609,0.23289609
mpi,6400000,6,0,0.402862101998835,0.30178203,0.46581,0.23240797
mpi,6400000,6,1,0.40357224899889843,0.30214078,0.46562375,0.23223547
mpi,6400000,6,2,0.3994016880005802,0.30164641,0.4653475,0.23300609
mpi,6400000,6,3,0.407939142000032,0.30193469,0.46570594,0.23235938
mpi,6400000,6,4,0.400131276999673,0.30171797,0.46531266,0.23296938
mpi,6400000,6,5,0.39934861400070076,0.30176734,0.46535156,0.23288109
mpi,6400000,7,0,0.39615738000065903,0.30175344,0.46578188,0.23246469
mpi,6400000,7,1,0.3976796150000155,0.30205984,0.46566687,0.23227328
mpi,6400000,7,2,0.3995245870009967,0.30167906,0.46547563,0.23284531
mpi,6400000,7,3,0.3948268530002679,0.30195734,0.46582187,0.23222078
mpi,6400000,7,4,0.3950385459993413,0.30171891,0.46536547,0.23291562
mpi,6400000,7,5,0.39329288699991594,0.30167516,0.46545016,0.23287469
mpi,6400000,8,0,0.3966056919998664,0.30178172,0.46585312,0.23236516
mpi,6400000,8,1,0.40849449499910406,0.30213594,0.46558719,0.23227687
mpi,6400000,8,2,0.3959956959988631,0.30152406,0.46561266,0.23286328
mpi,6400000,8,3,0.3987206910005625,0.30190109,0.46583391,0.232265
mpi,6400000,8,4,0.3930154979989311,0.30164875,0.46545734,0.23289391
mpi,6400000,8,5,0.3921854729996994,0.30162219,0.46537859,0.23299922
mpi,12800000,1,0,1.067806250999638,0.301795,0.46563547,0.23256953
mpi,12800000,1,1,1.0758235969988164,0.30172148,0.46575703,0.23252148
mpi,12800000,1,2,1.0677420060001168,0.30182641,0.46551406,0.23265953
mpi,12800000,1,3,1.0677489819991024,0.30182195,0.46551336,0.23266469
mpi,12800000,1,4,1.1242298550005216,0.30162875,0.46573578,0.23263547
mpi,12800000,1,5,1.0640226069990604,0.30169859,0.4656532,0.2326482
mpi,12800000,2,0,0.7040484640001523,0.30178328,0.46551375,0.23270297
mpi,12800000,2,1,0.6998046819990122,0.30178063,0.46560375,0.23261562
mpi,12800000,2,2,0.7034845189991756,0.30180242,0.46542461,0.23277297
mpi,12800000,2,3,0.704439958999501,0.30178109,0.46548031,0.23273859
mpi,12800000,2,4,0.7077492709995568,0.30171047,0.46554656,0.23274297
mpi,12800000,2,5,0.7073708509997232,0.3017768,0.46565984,0.23256336
mpi,12800000,3,0,0.5756699370012939,0.30182211,0.46552594,0.23265195
mpi,12800000,3,1,0.5763532150012907,0.30176477,0.46580266,0.23243258
mpi,12800000,3,2,0.5755730680011766,0.30177289,0.46554398,0.23268312
mpi,12800000,3,3,0.5760337550000258,0.3017082,0.46557711,0.23271469
mpi,12800000,3,4,0.5718366910004988,0.30170914,0.46575266,0.2325382
mpi,12800000,3,5,0.5756151890000183,0.3018032,0.46534273,0.23285406
mpi,12800000,4,0,0.5168905629998335,0.301795,0.46549141,0.23271359
mpi,12800000,4,1,0.5158848880000733,0.301735,0.46590945,0.23235555
mpi,12800000,4,2,0.5158889710000949,0.301805,0.46553008,0.23266492
mpi,12800000,4,3,0.516167267000128,0.30166797,0.46563539,0.23269664
mpi,12800000,4,4,0.5159707970015006,0.30175742,0.46564227,0.23260031
mpi,12800000,4,5,0.519744379000258,0.3018693,0.46541406,0.23271664
mpi,12800000,5,0,0.49075743799949123,0.30174367,0.46561641,0.23263992
mpi,12800000,5,1,0.48819247400024324,0.30180398,0.46590406,0.23229195
mpi,12800000,5,2,0.48931605799953104,0.30177437,0.46543406,0.23279156
mpi,12800000,5,3,0.4863071260006109,0.30172172,0.46567875,0.23259953
mpi,12800000,5,4,0.487548101998982,0.30173867,0.46563109,0.23263023
mpi,12800000,5,5,0.48829625899998064,0.30175977,0.46549281,0.23274742
mpi,12800000,6,0,0.4695591620002233,0.30183125,0.46562391,0.23254484
mpi,12800000,6,1,0.4672052170008101,0.30181094,0.46571742,0.23247164
mpi,12800000,6,2,0.46464851099881344,0.30171734,0.46547086,0.2328118
mpi,12800000,6,3,0.4636308650005958,0.30174438,0.46576828,0.23248734
mpi,12800000,6,4,0.47148938799909956,0.30185383,0.46547945,0.23266672
mpi,12800000,6,5,0.4640125949990761,0.30175516,0.46553297,0.23271188
mpi,12800000,7,0,0.47085644400067395,0.30185445,0.46552539,0.23262016
mpi,12800000,7,1,0.45554548499967495,0.30181883,0.46572586,0.23245531
mpi,12800000,7,2,0.458720776001428,0.3017507,0.46542352,0.23282578
mpi,12800000,7,3,0.45615119699868956,0.30181547,0.46572375,0.23246078
mpi,12800000,7,4,0.47166895500049577,0.30178516,0.46545219,0.23276266
mpi,12800000,7,5,0.4558845339997788,0.30177141,0.46549805,0.23273055
mpi,12800000,8,0,0.44356403600068006,0.30170141,0.46575227,0.23254633
mpi,12800000,8,1,0.455195137001283,0.3019007,0.46571117,0.23238813
mpi,12800000,8,2,0.44982368599994516,0.30163859,0.46544281,0.23291859
mpi,12800000,8,3,0.45619479500055604,0.30183469,0.46567781,0.2324875
mpi,12800000,8,4,0.4670239170009154,0.30173398,0.46545188,0.23281414
mpi,12800000,8,5,0.4602330769994296,0.30182148,0.46546227,0.23271625
