serial,100000,1,0,0.009176923000268289,0.302,0.46548,0.23252
serial,100000,1,1,0.009004792998894118,0.30147,0.46564,0.23289
serial,100000,1,2,0.008939010000176495,0.30144,0.4647,0.23386
serial,100000,1,3,0.009044227001140825,0.30498,0.46385,0.23117
serial,100000,1,4,0.008928518000175245,0.30111,0.46736,0.23153
serial,100000,1,5,0.009120897000684636,0.30056,0.46726,0.23218
serial,200000,1,0,0.017311321998931817,0.301695,0.465665,0.23264
serial,200000,1,1,0.017301743999269092,0.301375,0.46541,0.233215
serial,200000,1,2,0.017024249998939922,0.30189,0.465085,0.233025
serial,200000,1,3,0.017208081000717357,0.30375,0.463625,0.232625
serial,200000,1,4,0.017091421001168783,0.300615,0.466715,0.23267
serial,200000,1,5,0.017009637000228395,0.301245,0.466695,0.23206
serial,400000,1,0,0.03309169199928874,0.30086,0.465915,0.233225
serial,400000,1,1,0.03064250399984303,0.301395,0.465195,0.23341
serial,400000,1,2,0.030993974000011804,0.301485,0.4657475,0.2327675
serial,400000,1,3,0.030101876000117045,0.30309,0.464405,0.232505
serial,400000,1,4,0.03149232599935203,0.3021225,0.465675,0.2322025
serial,400000,1,5,0.030693675000293297,0.3012225,0.46647,0.2323075
serial,800000,1,0,0.059240812001007725,0.30107,0.46631375,0.23261625
serial,800000,1,1,0.05962213500060898,0.3013975,0.4653925,0.23321
serial,800000,1,2,0.060807404999650316,0.3012175,0.46583625,0.23294625
serial,800000,1,3,0.0598804220007878,0.30225625,0.46527,0.23247375
serial,800000,1,4,0.05975618200136523,0.3024375,0.464685,0.2328775
serial,800000,1,5,0.059506038000108674,0.30105375,0.46675375,0.2321925
serial,1600000,1,0,0.11760151899943594,0.30163875,0.46586187,0.23249938
serial,1600000,1,1,0.11791121299938823,0.30176313,0.46549,0.23274687
serial,1600000,1,2,0.11780427200028498,0.30126125,0.46590312,0.23283562
serial,1600000,1,3,0.1182713349990081,0.30237313,0.46523437,0.2323925
serial,1600000,1,4,0.1184111769998708,0.3019275,0.4652475,0.232825
serial,1600000,1,5,0.11803562400018563,0.30151187,0.46643125,0.23205687
serial,3200000,1,0,0.2352064030001202,0.30182625,0.46569906,0.23247469
serial,3200000,1,1,0.2440737540000555,0.30158687,0.4656075,0.23280562
serial,3200000,1,2,0.23589630800051964,0.30151844,0.46562219,0.23285938
serial,3200000,1,3,0.2344455160000507,0.30206656,0.46527031,0.23266312
serial,3200000,1,4,0.2341219979989546,0.30180187,0.46548281,0.23271531
serial,3200000,1,5,0.23500563699963095,0.30167688,0.46609625,0.23222687
serial,6400000,1,0,0.47572036599922285,0.30204938,0.46543297,0.23251766
serial,6400000,1,1,0.4698960609985079,0.301685,0.46542125,0.23289375
serial,6400000,1,2,0.4686150120014645,0.30176859,0.46539141,0.23284
serial,6400000,1,3,0.4676281629999721,0.30211047,0.46508813,0.23280141
serial,6400000,1,4,0.4693100290005532,0.30174828,0.46542672,0.232825
serial,6400000,1,5,0.4685480059997644,0.30161547,0.46599016,0.23239437
serial,12800000,1,0,0.9407808999985718,0.30192562,0.46554656,0.23252781
serial,12800000,1,1,0.9516790180005046,0.30183656,0.46550508,0.23265836
serial,12800000,1,2,0.9317066789990349,0.3017432,0.46553648,0.23272031
serial,12800000,1,3,0.9398846130006859,0.30189086,0.46534031,0.23276883
serial,12800000,1,4,0.9322574800007715,0.30187336,0.46526352,0.23286313
serial,12800000,1,5,0.9382009269993432,0.30173078,0.46581195,0.23245727
serial,25600000,1,0,1.9471151850011665,0.3018273,0.46553957,0.23263312
serial,25600000,1,1,1.8916635289988335,0.30196785,0.46531168,0.23272047
serial,25600000,1,2,1.8790265429997817,0.3016991,0.46567355,0.23262734
serial,25600000,1,3,1.8829714200001035,0.30184461,0.46540078,0.23275461
serial,25600000,1,4,1.880690077001418,0.30188414,0.46532195,0.23279391
serial,25600000,1,5,1.8871433709991834,0.30175793,0.46567602,0.23256605
serial,51200000,1,0,3.7450989250010025,0.30169953,0.46562686,0.23267361
serial,51200000,1,1,3.7389290270002675,0.3017907,0.4655525,0.2326568
serial,51200000,1,2,3.734088643999712,0.30172119,0.4656057,0.23267311
serial,51200000,1,3,3.7402116390003357,0.30179887,0.4654941,0.23270703
serial,51200000,1,4,3.737922295000317,0.30183871,0.46537205,0.23278924
serial,51200000,1,5,3.7165559169989137,0.30175814,0.4656449,0.23259695
serial,66400000,1,0,4.8292237200003,0.30165974,0.46564869,0.23269157
serial,66400000,1,1,6.187765926999418,0.30176925,0.46557023,0.23266053
serial,66400000,1,2,4.837738518999686,0.30166721,0.46561315,0.23271964
serial,66400000,1,3,4.839805536001222,0.30177003,0.46552708,0.23270289
serial,66400000,1,4,4.867844789998344,0.30184965,0.46534884,0.23280151
serial,66400000,1,5,4.847377172000051,0.30176108,0.46560554,0.23263337
pthreads,100000,1,0,0.00736190400129999,0.3023,0.46462,0.23308
pthreads,100000,1,1,0.007637587999852258,0.3038,0.46482,0.23138
pthreads,100000,1,2,0.007778588000292075,0.30377,0.46422,0.23201
pthreads,100000,1,3,0.0074962319995393045,0.30223,0.4637,0.23407
pthreads,100000,1,4,0.006799483000577311,0.30201,0.46557,0.23242
pthreads,100000,1,5,0.007188814000983257,0.29851,0.46869,0.2328
pthreads,100000,2,0,0.004045515999678173,0.29945,0.46639,0.23416
pthreads,100000,2,1,0.004665057000238448,0.30209,0.46575,0.23216
pthreads,100000,2,2,0.004190797000774182,0.30301,0.46541,0.23158
pthreads,100000,2,3,0.0046980719998828135,0.30009,0.4649,0.23501
pthreads,100000,2,4,0.004697033000411466,0.30372,0.46451,0.23177
pthreads,100000,2,5,0.004322639999372768,0.30082,0.468,0.23118
pthreads,100000,3,0,0.0031863919994066237,0.30094,0.46602,0.23304
pthreads,100000,3,1,0.0032643819995428203,0.30133,0.46526,0.23341
pthreads,100000,3,2,0.003684916000565863,0.30245,0.46553,0.23202
pthreads,100000,3,3,0.0031813980003789766,0.30052,0.46611,0.23337
pthreads,100000,3,4,0.003460411999185453,0.30242,0.46528,0.2323
pthreads,100000,3,5,0.004201281000860035,0.30137,0.46779,0.23084
pthreads,100000,4,0,0.003682423001009738,0.30122,0.46598,0.2328
pthreads,100000,4,1,0.0032587519999651704,0.30234,0.46649,0.23117
pthreads,100000,4,2,0.0034147610003856244,0.302,0.46536,0.23264
pthreads,100000,4,3,0.00370015400039847,0.30188,0.4657,0.23242
pthreads,100000,4,4,0.0031661129996791715,0.30307,0.46457,0.23236
pthreads,100000,4,5,0.00296440099918982,0.30001,0.46892,0.23107
pthreads,100000,5,0,0.003918951000741799,0.30325,0.46473,0.23202
pthreads,100000,5,1,0.0036299650000728434,0.30302,0.4654,0.23158
pthreads,100000,5,2,0.0034815620001609204,0.30061,0.46635,0.23304
pthreads,100000,5,3,0.0035531019984773593,0.30158,0.46618,0.23224
pthreads,100000,5,4,0.004027245999168372,0.30353,0.46395,0.23252
pthreads,100000,5,5,0.0035143080003763316,0.30055,0.46867,0.23078
pthreads,100000,6,0,0.003629898999861325,0.30142,0.46506,0.23352
pthreads,100000,6,1,0.0036208910005370853,0.30303,0.4653,0.23167
pthreads,100000,6,2,0.0036750569997821003,0.3009,0.46679,0.23231
pthreads,100000,6,3,0.0037923129984847037,0.30139,0.46629,0.23232
pthreads,100000,6,4,0.003534587000103784,0.30476,0.46327,0.23197
pthreads,100000,6,5,0.003690840998388012,0.30148,0.46928,0.22924
pthreads,100000,7,0,0.0037553580004896503,0.30077,0.46511,0.23412
pthreads,100000,7,1,0.0038852670004416723,0.30268,0.46527,0.23205
pthreads,100000,7,2,0.0038211249993764795,0.30008,0.4663,0.23362
pthreads,100000,7,3,0.0039045869998517446,0.30226,0.46561,0.23213
pthreads,100000,7,4,0.0038149569991219323,0.30457,0.46485,0.23058
pthreads,100000,7,5,0.0037586560010822723,0.30218,0.46896,0.22886
pthreads,100000,8,0,0.00357016000089061,0.30229,0.46325,0.23446
pthreads,100000,8,1,0.003696190000482602,0.30315,0.46598,0.23087
pthreads,100000,8,2,0.003757922000659164,0.30002,0.46582,0.23416
pthreads,100000,8,3,0.0037890730000071926,0.30223,0.46673,0.23104
pthreads,100000,8,4,0.0037515120002353797,0.30577,0.46458,0.22965
pthreads,100000,8,5,0.003912362999471952,0.30252,0.4677,0.22978
pthreads,100000,9,0,0.0038355689994205022,0.30193,0.46396,0.23411
pthreads,100000,9,1,0.003937561999919126,0.30325,0.46565,0.2311
pthreads,100000,9,2,0.0038230659993132576,0.30067,0.46538,0.23395
pthreads,100000,9,3,0.0036964350001653656,0.30213,0.46688,0.23099
pthreads,100000,9,4,0.0037189109989412827,0.30511,0.46448,0.23041
pthreads,100000,9,5,0.0037385810010164278,0.30209,0.46684,0.23107
pthreads,100000,10,0,0.0037983660004101694,0.30225,0.46433,0.23342
pthreads,100000,10,1,0.003813569999692845,0.30305,0.46504,0.23191
pthreads,100000,10,2,0.0033761199993023183,0.30068,0.46607,0.23325
pthreads,100000,10,3,0.003433978999964893,0.3022,0.46662,0.23118
pthreads,100000,10,4,0.0036263689999032067,0.30494,0.46462,0.23044
pthreads,100000,10,5,0.0036545849998219637,0.302,0.46648,0.23152
pthreads,100000,11,0,0.0036808799995924346,0.30254,0.46437,0.23309
pthreads,100000,11,1,0.0037853369994991226,0.303,0.46467,0.23233
pthreads,100000,11,2,0.0036529850003717,0.30045,0.4659,0.23365
pthreads,100000,11,3,0.0037733640001533786,0.3028,0.46591,0.23129
pthreads,100000,11,4,0.0035358949990040855,0.30431,0.4646,0.23109
pthreads,100000,11,5,0.003807208000580431,0.30123,0.46715,0.23162
pthreads,100000,12,0,0.003609895999034052,0.30302,0.46422,0.23276
pthreads,100000,12,1,0.0037161479995120317,0.30303,0.46438,0.23259
pthreads,100000,12,2,0.003523968000081368,0.301,0.46556,0.23344
pthreads,100000,12,3,0.0033055949988920474,0.3023,0.46608,0.23162
pthreads,100000,12,4,0.0035261690009065205,0.3026,0.46567,0.23173
pthreads,100000,12,5,0.003487115000098129,0.30035,0.46793,0.23172
pthreads,200000,1,0,0.013538170000174432,0.301555,0.46547,0.232975
pthreads,200000,1,1,0.012887068000054569,0.302645,0.46438,0.232975
pthreads,200000,1,2,0.01313642100103607,0.302755,0.46481,0.232435
pthreads,200000,1,3,0.012881462998848292,0.301055,0.46473,0.234215
pthreads,200000,1,4,0.013632194000820164,0.30147,0.465715,0.232815
pthreads,200000,1,5,0.013075384998955997,0.300405,0.46723,0.232365
pthreads,200000,2,0,0.007466330000170274,0.30162,0.46515,0.23323
pthreads,200000,2,1,0.007980180000231485,0.302875,0.464875,0.23225
pthreads,200000,2,2,0.007720210000115912,0.303915,0.464365,0.23172
pthreads,200000,2,3,0.008356049000212806,0.30108,0.46444,0.23448
pthreads,200000,2,4,0.007121331000234932,0.303155,0.465015,0.23183
pthreads,200000,2,5,0.008058154000536888,0.3003,0.46781,0.23189
pthreads,200000,3,0,0.005891272001463221,0.301585,0.465435,0.23298
pthreads,200000,3,1,0.005646415000228444,0.30236,0.465225,0.232415
pthreads,200000,3,2,0.006025074000717723,0.30307,0.46438,0.23255
pthreads,200000,3,3,0.005821205999382073,0.300025,0.465435,0.23454
pthreads,200000,3,4,0.005747990000600112,0.302885,0.46476,0.232355
pthreads,200000,3,5,0.005910541000048397,0.3009,0.466835,0.232265
pthreads,200000,4,0,0.005132116999448044,0.30052,0.466995,0.232485
pthreads,200000,4,1,0.005703514998458559,0.30177,0.4655,0.23273
pthreads,200000,4,2,0.005856229001437896,0.3029,0.464275,0.232825
pthreads,200000,4,3,0.005020302000048105,0.301655,0.46472,0.233625
pthreads,200000,4,4,0.005734225000196602,0.302755,0.464365,0.23288
pthreads,200000,4,5,0.005174967000129982,0.300915,0.46703,0.232055
pthreads,200000,5,0,0.005604177000350319,0.301475,0.465595,0.23293
pthreads,200000,5,1,0.005706567999368417,0.30213,0.465125,0.232745
pthreads,200000,5,2,0.005430104998595198,0.301775,0.464735,0.23349
pthreads,200000,5,3,0.005565318999288138,0.302095,0.46562,0.232285
pthreads,200000,5,4,0.005388821000451571,0.303205,0.463715,0.23308
pthreads,200000,5,5,0.005414611001469893,0.30091,0.46744,0.23165
pthreads,200000,6,0,0.006160187998830224,0.301605,0.465465,0.23293
pthreads,200000,6,1,0.005220323000685312,0.30172,0.46531,0.23297
pthreads,200000,6,2,0.005301287999827764,0.30165,0.465465,0.232885
pthreads,200000,6,3,0.006439483000576729,0.301585,0.465665,0.23275
pthreads,200000,6,4,0.005238358999122283,0.303515,0.46396,0.232525
pthreads,200000,6,5,0.005384953999964637,0.301715,0.467425,0.23086
pthreads,200000,7,0,0.006505946999823209,0.30175,0.46518,0.23307
pthreads,200000,7,1,0.0065666089994920185,0.301545,0.465925,0.23253
pthreads,200000,7,2,0.006009865001033177,0.30069,0.465975,0.233335
pthreads,200000,7,3,0.006134062001365237,0.301735,0.465955,0.23231
pthreads,200000,7,4,0.006150634999357862,0.304035,0.464385,0.23158
pthreads,200000,7,5,0.006224038001164445,0.302055,0.46649,0.231455
pthreads,200000,8,0,0.006011736000800738,0.302105,0.46432,0.233575
pthreads,200000,8,1,0.006210388999534189,0.301605,0.467,0.231395
pthreads,200000,8,2,0.005741830000260961,0.300815,0.465995,0.23319
pthreads,200000,8,3,0.00661642700106313,0.30187,0.466785,0.231345
pthreads,200000,8,4,0.006337939001241466,0.304275,0.46403,0.231695
pthreads,200000,8,5,0.0064528879993304145,0.301835,0.4671,0.231065
pthreads,200000,9,0,0.006719414001054247,0.301825,0.464155,0.23402
pthreads,200000,9,1,0.006677456000033999,0.301715,0.466535,0.23175
pthreads,200000,9,2,0.006304735999947297,0.301205,0.46574,0.233055
pthreads,200000,9,3,0.006332689999908325,0.30168,0.467035,0.231285
pthreads,200000,9,4,0.006320186999801081,0.304685,0.46326,0.232055
pthreads,200000,9,5,0.006328573001155746,0.301305,0.46697,0.231725
pthreads,200000,10,0,0.006865041001219652,0.302495,0.463905,0.2336
pthreads,200000,10,1,0.006676824001260684,0.30228,0.466115,0.231605
pthreads,200000,10,2,0.0065964440000243485,0.300765,0.4662,0.233035
pthreads,200000,10,3,0.006641084000875708,0.301305,0.466825,0.23187
pthreads,200000,10,4,0.006656393001321703,0.304675,0.463235,0.23209
pthreads,200000,10,5,0.006580707000466646,0.301015,0.467275,0.23171
pthreads,200000,11,0,0.0064367009999841684,0.302605,0.46398,0.233415
pthreads,200000,11,1,0.006351027001073817,0.302385,0.46573,0.231885
pthreads,200000,11,2,0.006042619999789167,0.30094,0.46559,0.23347
pthreads,200000,11,3,0.0061050089989294065,0.30161,0.46651,0.23188
pthreads,200000,11,4,0.0059640800009219674,0.304625,0.463065,0.23231
pthreads,200000,11,5,0.006268326998906559,0.301295,0.46752,0.231185
pthreads,200000,12,0,0.006579805000001215,0.303025,0.463865,0.23311
pthreads,200000,12,1,0.005892322000363492,0.302655,0.465805,0.23154
pthreads,200000,12,2,0.006160520999401342,0.300985,0.465875,0.23314
pthreads,200000,12,3,0.005813241999931051,0.301145,0.46709,0.231765
pthreads,200000,12,4,0.0058718450000014855,0.3044,0.463365,0.232235
pthreads,200000,12,5,0.005877734000023338,0.30107,0.46742,0.23151
pthreads,400000,1,0,0.02546961299958639,0.3021475,0.4652225,0.23263
pthreads,400000,1,1,0.024947942998551298,0.302245,0.4652525,0.2325025
pthreads,400000,1,2,0.02560690799873555,0.30214,0.4648625,0.2329975
pthreads,400000,1,3,0.02561229899947648,0.30183,0.46524,0.23293
pthreads,400000,1,4,0.025439316999836592,0.3009575,0.465745,0.2332975
pthreads,400000,1,5,0.025501058998997905,0.30021,0.466435,0.233355
pthreads,400000,2,0,0.015403904999402585,0.3016025,0.4644825,0.233915
pthreads,400000,2,1,0.014029299998583156,0.3021975,0.46477,0.2330325
pthreads,400000,2,2,0.014160752998577664,0.3031675,0.4650825,0.23175
pthreads,400000,2,3,0.01342852500056324,0.300055,0.466075,0.23387
pthreads,400000,2,4,0.013629352000862127,0.3027325,0.4647125,0.232555
pthreads,400000,2,5,0.013803320000079111,0.300855,0.4670125,0.2321325
pthreads,400000,3,0,0.01084282100055134,0.3027075,0.464805,0.2324875
pthreads,400000,3,1,0.01182103700011794,0.3025125,0.46459,0.2328975
pthreads,400000,3,2,0.01150765400052478,0.3025625,0.4659425,0.231495
pthreads,400000,3,3,0.01119191299949307,0.300585,0.4655925,0.2338225
pthreads,400000,3,4,0.01067030100057309,0.302415,0.4648025,0.2327825
pthreads,400000,3,5,0.010836010000275564,0.300675,0.466775,0.23255
pthreads,400000,4,0,0.0098323470010655,0.3022375,0.4657675,0.231995
pthreads,400000,4,1,0.009118898000451736,0.30268,0.464655,0.232665
pthreads,400000,4,2,0.009224564000760438,0.302835,0.4641075,0.2330575
pthreads,400000,4,3,0.009093016000406351,0.30173,0.46497,0.2333
pthreads,400000,4,4,0.0091220060003252,0.30244,0.4648775,0.2326825
pthreads,400000,4,5,0.009139145000517601,0.3011925,0.4664325,0.232375
pthreads,400000,5,0,0.009240990000762395,0.30164,0.465975,0.232385
pthreads,400000,5,1,0.009144948000539443,0.3025275,0.46545,0.2320225
pthreads,400000,5,2,0.009099074000914698,0.30288,0.4639025,0.2332175
pthreads,400000,5,3,0.009460626999498345,0.30135,0.465395,0.233255
pthreads,400000,5,4,0.009021690000736271,0.302595,0.46484,0.232565
pthreads,400000,5,5,0.009155470999758109,0.3010875,0.466,0.2329125
pthreads,400000,6,0,0.008884209999450832,0.3016375,0.46552,0.2328425
pthreads,400000,6,1,0.008927076998588745,0.3022175,0.46517,0.2326125
pthreads,400000,6,2,0.008769113999733236,0.3024875,0.46405,0.2334625
pthreads,400000,6,3,0.009723152999868034,0.300865,0.46539,0.233745
pthreads,400000,6,4,0.008865972000421607,0.302815,0.464705,0.23248
pthreads,400000,6,5,0.00899787100024696,0.301455,0.46623,0.232315
pthreads,400000,7,0,0.011248392998822965,0.3013875,0.4659475,0.232665
pthreads,400000,7,1,0.009510746000159997,0.30139,0.4657975,0.2328125
pthreads,400000,7,2,0.011151552998853731,0.301735,0.46447,0.233795
pthreads,400000,7,3,0.011285850001513609,0.301535,0.465285,0.23318
pthreads,400000,7,4,0.011783236999690416,0.302625,0.4647525,0.2326225
pthreads,400000,7,5,0.01218129799963208,0.30157,0.46599,0.23244
pthreads,400000,8,0,0.01091780700153322,0.30169,0.4653675,0.2329425
pthreads,400000,8,1,0.011106795000159764,0.301725,0.46569,0.232585
pthreads,400000,8,2,0.011099743998784106,0.30136,0.464915,0.233725
pthreads,400000,8,3,0.011062918001698563,0.3014225,0.4657975,0.23278
pthreads,400000,8,4,0.011407952999434201,0.302785,0.4645825,0.2326325
pthreads,400000,8,5,0.011536669999259175,0.30216,0.4657525,0.2320875
pthreads,400000,9,0,0.01138277000063681,0.3014825,0.4652075,0.23331
pthreads,400000,9,1,0.011397492000469356,0.3018525,0.4658625,0.232285
pthreads,400000,9,2,0.011379416000636411,0.301765,0.46444,0.233795
pthreads,400000,9,3,0.011217180999665288,0.30147,0.466395,0.232135
pthreads,400000,9,4,0.011616466999839759,0.30266,0.463885,0.233455
pthreads,400000,9,5,0.011482554000394884,0.30204,0.4657275,0.2322325
pthreads,400000,10,0,0.011683925000397721,0.3016925,0.4652525,0.233055
pthreads,400000,10,1,0.011006134000126622,0.302035,0.4655025,0.2324625
pthreads,400000,10,2,0.011671289001242258,0.301455,0.464695,0.23385
pthreads,400000,10,3,0.011701335999532603,0.3017275,0.466425,0.2318475
pthreads,400000,10,4,0.010038428999905591,0.30316,0.46382,0.23302
pthreads,400000,10,5,0.01085115699970629,0.302,0.46598,0.23202
pthreads,400000,11,0,0.010964007000438869,0.301815,0.4650525,0.2331325
pthreads,400000,11,1,0.010837941999852774,0.3021025,0.4654025,0.232495
pthreads,400000,11,2,0.011447942999438965,0.3013375,0.46481,0.2338525
pthreads,400000,11,3,0.01092247300039162,0.30181,0.4665775,0.2316125
pthreads,400000,11,4,0.012131920999308932,0.302595,0.4643,0.233105
pthreads,400000,11,5,0.01124117200015462,0.3019725,0.4662575,0.23177
pthreads,400000,12,0,0.0098298180000711,0.3020925,0.4650425,0.232865
pthreads,400000,12,1,0.009164416998828528,0.3022575,0.4651575,0.232585
pthreads,400000,12,2,0.010728617999120615,0.301285,0.4648175,0.2338975
pthreads,400000,12,3,0.011947613000302226,0.3014675,0.466575,0.2319575
pthreads,400000,12,4,0.010475930999746197,0.3031225,0.4642225,0.232655
pthreads,400000,12,5,0.011603647999436362,0.3023575,0.466075,0.2315675
pthreads,800000,1,0,0.04869814499943459,0.302055,0.465475,0.23247
pthreads,800000,1,1,0.04866683099862712,0.302545,0.46566625,0.23178875
pthreads,800000,1,2,0.04946641599963186,0.30242,0.46414875,0.23343125
pthreads,800000,1,3,0.04878113800077699,0.30171625,0.46583,0.23245375
pthreads,800000,1,4,0.049870498000018415,0.3007925,0.4657075,0.2335
pthreads,800000,1,5,0.04950513000039791,0.30113125,0.4656725,0.23319625
pthreads,800000,2,0,0.026812669000719325,0.3017525,0.46473625,0.23351125
pthreads,800000,2,1,0.026375274999736575,0.3020425,0.46550875,0.23244875
pthreads,800000,2,2,0.02752196300025389,0.30287375,0.4650325,0.23209375
pthreads,800000,2,3,0.027278563000436407,0.30110625,0.46563125,0.2332625
pthreads,800000,2,4,0.027151487000082852,0.30203625,0.4650525,0.23291125
pthreads,800000,2,5,0.02689472400015802,0.30111375,0.46607375,0.2328125
pthreads,800000,3,0,0.019800047999524395,0.30212125,0.46486,0.23301875
pthreads,800000,3,1,0.020050780000019586,0.30196375,0.46562,0.23241625
pthreads,800000,3,2,0.020052253999892855,0.3028475,0.465475,0.2316775
pthreads,800000,3,3,0.020064946000275086,0.30079125,0.46615125,0.2330575
pthreads,800000,3,4,0.019844816000841092,0.30201,0.464815,0.233175
pthreads,800000,3,5,0.02003892500033544,0.30149,0.4659625,0.2325475
pthreads,800000,4,0,0.01809748999949079,0.302065,0.464925,0.23301
pthreads,800000,4,1,0.017670361999989836,0.30246125,0.46496625,0.2325725
pthreads,800000,4,2,0.017872382000859943,0.30230375,0.46512875,0.2325675
pthreads,800000,4,3,0.017001960999550647,0.3011375,0.46588,0.2329825
pthreads,800000,4,4,0.017570570998941548,0.30209,0.46475875,0.23315125
pthreads,800000,4,5,0.017104321999795502,0.3015825,0.46600375,0.23241375
pthreads,800000,5,0,0.01695691699933377,0.30192625,0.46529875,0.232775
pthreads,800000,5,1,0.016730234001443023,0.3025075,0.46495125,0.23254125
pthreads,800000,5,2,0.01663704400016286,0.30185875,0.46536125,0.23278
pthreads,800000,5,3,0.017676023999229074,0.30112625,0.465935,0.23293875
pthreads,800000,5,4,0.017563932000484783,0.3017975,0.465275,0.2329275
pthreads,800000,5,5,0.016822248999233125,0.301505,0.46589125,0.23260375
pthreads,800000,6,0,0.01621390200125461,0.302025,0.46528625,0.23268875
pthreads,800000,6,1,0.0177167889996781,0.302235,0.46512,0.232645
pthreads,800000,6,2,0.020145055999819306,0.30225625,0.4648625,0.23288125
pthreads,800000,6,3,0.016784814999482478,0.3011625,0.46549375,0.23334375
pthreads,800000,6,4,0.01680501300143078,0.30229,0.46487875,0.23283125
pthreads,800000,6,5,0.01611312699969858,0.30139625,0.4660075,0.23259625
pthreads,800000,7,0,0.02148015199963993,0.3020125,0.465265,0.2327225
pthreads,800000,7,1,0.021170048999920255,0.30198125,0.4651875,0.23283125
pthreads,800000,7,2,0.01698320600007719,0.30212125,0.46477,0.23310875
pthreads,800000,7,3,0.021410635999927763,0.301245,0.465615,0.23314
pthreads,800000,7,4,0.02149679899957846,0.30223125,0.46531875,0.23245
pthreads,800000,7,5,0.021021583999754512,0.30171375,0.46586375,0.2324225
pthreads,800000,8,0,0.021163006000278983,0.302255,0.46506375,0.23268125
pthreads,800000,8,1,0.02039711200086458,0.30233375,0.46522,0.23244625
pthreads,800000,8,2,0.02271841900073923,0.3022475,0.4643875,0.233365
pthreads,800000,8,3,0.02169926999886229,0.30155,0.46574625,0.23270375
pthreads,800000,8,4,0.018946250000226428,0.3024625,0.465325,0.2322125
pthreads,800000,8,5,0.021006552000471856,0.3020475,0.46548,0.2324725
pthreads,800000,9,0,0.021832750000612577,0.30212875,0.4653525,0.23251875
pthreads,800000,9,1,0.020265140001356485,0.30198375,0.46584625,0.23217
pthreads,800000,9,2,0.0227621280009771,0.3025625,0.4640475,0.23339
pthreads,800000,9,3,0.021809878999192733,0.3011575,0.466035,0.2328075
pthreads,800000,9,4,0.01910957200016128,0.302605,0.46499875,0.23239625
pthreads,800000,9,5,0.020808197999940603,0.30232625,0.46531,0.23236375
pthreads,800000,10,0,0.02335712700005388,0.30198875,0.46567875,0.2323325
pthreads,800000,10,1,0.019419151998590678,0.30202875,0.46574125,0.23223
pthreads,800000,10,2,0.020563321999361506,0.3024725,0.46428625,0.23324125
pthreads,800000,10,3,0.019781920998866553,0.3009875,0.466245,0.2327675
pthreads,800000,10,4,0.0221580109991919,0.302425,0.46495,0.232625
pthreads,800000,10,5,0.023321135000514914,0.3020225,0.46546125,0.23251625
pthreads,800000,11,0,0.020557694999297382,0.30225875,0.465635,0.23210625
pthreads,800000,11,1,0.018754270999124856,0.3019475,0.4653,0.2327525
pthreads,800000,11,2,0.02272486899892101,0.302355,0.4640875,0.2335575
pthreads,800000,11,3,0.02056965500014485,0.30119625,0.4661875,0.23261625
pthreads,800000,11,4,0.020758964999913587,0.30238,0.4650175,0.2326025
pthreads,800000,11,5,0.019675998000820982,0.3020575,0.4654575,0.232485
pthreads,800000,12,0,0.020621669998945436,0.3021125,0.4654675,0.23242
pthreads,800000,12,1,0.02006491499923868,0.302085,0.465,0.232915
pthreads,800000,12,2,0.019980811999630532,0.30212375,0.46416625,0.23371
pthreads,800000,12,3,0.021889196999836713,0.30112875,0.46612125,0.23275
pthreads,800000,12,4,0.02052357899992785,0.30265375,0.4648975,0.23244875
pthreads,800000,12,5,0.019663713001136784,0.30217375,0.4656025,0.23222375
pthreads,1600000,1,0,0.09780117700029223,0.30205188,0.46525688,0.23269125
pthreads,1600000,1,1,0.09855255799993756,0.30189625,0.46593375,0.23217
pthreads,1600000,1,2,0.09661123400110228,0.30236438,0.46446437,0.23317125
pthreads,1600000,1,3,0.09656697299942607,0.3022875,0.465425,0.2322875
pthreads,1600000,1,4,0.09700190900002781,0.30135375,0.46535312,0.23329312
pthreads,1600000,1,5,0.0970570690005843,0.30166,0.46555812,0.23278187
pthreads,1600000,2,0,0.05283102099929238,0.30167813,0.46523687,0.233085
pthreads,1600000,2,1,0.05226237400165701,0.302225,0.46568688,0.23208813
pthreads,1600000,2,2,0.05205460900106118,0.30278187,0.46460937,0.23260875
pthreads,1600000,2,3,0.052075743000386865,0.30129375,0.46546562,0.23324063
pthreads,1600000,2,4,0.05147568199936359,0.30182188,0.46495,0.23322813
pthreads,1600000,2,5,0.05215710099946591,0.30148687,0.4655775,0.23293563
pthreads,1600000,3,0,0.038919436001378926,0.30204063,0.46499187,0.2329675
pthreads,1600000,3,1,0.03823563100013416,0.30266,0.46543937,0.23190062
pthreads,1600000,3,2,0.038343148000421934,0.30268187,0.46483687,0.23248125
pthreads,1600000,3,3,0.03871839500061469,0.30145,0.46554438,0.23300562
pthreads,1600000,3,4,0.03812033500071266,0.30130187,0.46535312,0.233345
pthreads,1600000,3,5,0.038189441000213264,0.30147438,0.46567375,0.23285188
pthreads,1600000,4,0,0.033795098001064616,0.30212438,0.46486312,0.2330125
pthreads,1600000,4,1,0.03279788799954986,0.30257937,0.46536187,0.23205875
pthreads,1600000,4,2,0.03359726800044882,0.30265938,0.46471313,0.2326275
pthreads,1600000,4,3,0.03298814499976288,0.30167312,0.46577125,0.23255562
pthreads,1600000,4,4,0.032784736999019515,0.30190312,0.4648225,0.23327438
pthreads,1600000,4,5,0.03285347899873159,0.30173062,0.46563625,0.23263312
pthreads,1600000,5,0,0.03176927300046373,0.30166562,0.46531625,0.23301812
pthreads,1600000,5,1,0.032602178000161075,0.30227562,0.46556687,0.2321575
pthreads,1600000,5,2,0.03171042499889154,0.30238312,0.46486125,0.23275562
pthreads,1600000,5,3,0.031796521001524525,0.30148938,0.46601562,0.232495
pthreads,1600000,5,4,0.031408248001753236,0.30162187,0.4650925,0.23328562
pthreads,1600000,5,5,0.031282777001251816,0.30144938,0.46571187,0.23283875
pthreads,1600000,6,0,0.029853691999960574,0.30146812,0.46527875,0.23325313
pthreads,1600000,6,1,0.029764073999103857,0.30184937,0.46572313,0.2324275
pthreads,1600000,6,2,0.029936222001197166,0.30242812,0.46513187,0.23244
pthreads,1600000,6,3,0.029741627999101183,0.30121,0.46594687,0.23284313
pthreads,1600000,6,4,0.029772154999591294,0.30195125,0.46483062,0.23321812
pthreads,1600000,6,5,0.030026411999642733,0.30154938,0.46556938,0.23288125
pthreads,1600000,7,0,0.04070430700085126,0.301285,0.46559,0.233125
pthreads,1600000,7,1,0.04043650099993101,0.3018125,0.46579375,0.23239375
pthreads,1600000,7,2,0.038207514999157866,0.30190187,0.46518813,0.23291
pthreads,1600000,7,3,0.04296124000029522,0.30142562,0.46574312,0.23283125
pthreads,1600000,7,4,0.041243175001000054,0.30206625,0.46514187,0.23279188
pthreads,1600000,7,5,0.04098429300029238,0.301805,0.46549,0.232705
pthreads,1600000,8,0,0.03965612499996496,0.30162625,0.4651725,0.23320125
pthreads,1600000,8,1,0.04011326299951179,0.30209875,0.46540437,0.23249687
pthreads,1600000,8,2,0.03783279500021308,0.3017875,0.46529063,0.23292188
pthreads,1600000,8,3,0.04336946399962471,0.30108812,0.46609,0.23282188
pthreads,1600000,8,4,0.04119513499972527,0.3020775,0.46524688,0.23267562
pthreads,1600000,8,5,0.0396921020001173,0.3018475,0.4655,0.2326525
pthreads,1600000,9,0,0.040043442000751384,0.30149875,0.46534063,0.23316063
pthreads,1600000,9,1,0.040496514999176725,0.302055,0.46566625,0.23227875
pthreads,1600000,9,2,0.042419724000865244,0.3018675,0.46506,0.2330725
pthreads,1600000,9,3,0.032024525999077014,0.30093562,0.46608,0.23298437
pthreads,1600000,9,4,0.04018456499943568,0.30202937,0.46512562,0.232845
pthreads,1600000,9,5,0.042933820999678574,0.30202,0.46534875,0.23263125
pthreads,1600000,10,0,0.03753159799998684,0.3017875,0.46534687,0.23286562
pthreads,1600000,10,1,0.0421502959998179,0.30215063,0.46544687,0.2324025
pthreads,1600000,10,2,0.03587465499913378,0.30172625,0.465105,0.23316875
pthreads,1600000,10,3,0.040497890000551706,0.30094375,0.4662275,0.23282875
pthreads,1600000,10,4,0.03791795600045589,0.30183375,0.46548688,0.23267937
pthreads,1600000,10,5,0.03717880599833734,0.30181313,0.46547,0.23271687
pthreads,1600000,11,0,0.03638903300088714,0.30179062,0.46524562,0.23296375
pthreads,1600000,11,1,0.039492648998930235,0.30213937,0.46546562,0.232395
pthreads,1600000,11,2,0.034401033000904135,0.30166688,0.46494937,0.23338375
pthreads,1600000,11,3,0.034889513000962324,0.30121938,0.46590312,0.2328775
pthreads,1600000,11,4,0.04081006799970055,0.30204188,0.46527375,0.23268437
pthreads,1600000,11,5,0.040328261000468046,0.30168625,0.46552813,0.23278562
pthreads,1600000,12,0,0.038732729000912514,0.30177687,0.46527,0.23295313
pthreads,1600000,12,1,0.03816238699982932,0.30221125,0.46531625,0.2324725
pthreads,1600000,12,2,0.03624399200089101,0.30185062,0.46479312,0.23335625
pthreads,1600000,12,3,0.0404507699986425,0.30113688,0.46597312,0.23289
pthreads,1600000,12,4,0.04062771899953077,0.30219438,0.46515625,0.23264937
pthreads,1600000,12,5,0.034404772999550914,0.30192062,0.46540562,0.23267375
pthreads,3200000,1,0,0.19314153300001635,0.30188219,0.46519625,0.23292156
pthreads,3200000,1,1,0.19097100500039232,0.30166562,0.46626469,0.23206969
pthreads,3200000,1,2,0.19184418700024253,0.30199531,0.46506938,0.23293531
pthreads,3200000,1,3,0.1909505559997342,0.3015975,0.46569531,0.23270719
pthreads,3200000,1,4,0.19121576199904666,0.30161594,0.46577344,0.23261062
pthreads,3200000,1,5,0.18889402000058908,0.30189813,0.46541594,0.23268594
pthreads,3200000,2,0,0.10215509900081088,0.30186687,0.46536281,0.23277031
pthreads,3200000,2,1,0.10083555199889815,0.301885,0.4656825,0.2324325
pthreads,3200000,2,2,0.10035899200011045,0.30217656,0.464855,0.23296844
pthreads,3200000,2,3,0.10152651099997456,0.30184281,0.46548187,0.23267531
pthreads,3200000,2,4,0.1006448830012232,0.30189156,0.46516344,0.232945
pthreads,3200000,2,5,0.101756206000573,0.30184531,0.4651725,0.23298219
pthreads,3200000,3,0,0.07429750099981902,0.30185375,0.46513344,0.23301281
pthreads,3200000,3,1,0.07395786300003238,0.30228719,0.46557688,0.23213594
pthreads,3200000,3,2,0.07525634199919295,0.30227094,0.46501625,0.23271281
pthreads,3200000,3,3,0.07442623499991896,0.30160281,0.465445,0.23295219
pthreads,3200000,3,4,0.07447426800172252,0.30166312,0.46535938,0.2329775
pthreads,3200000,3,5,0.07446780999998737,0.30160938,0.46558906,0.23280156
pthreads,3200000,4,0,0.0636941940010729,0.30193437,0.46497781,0.23308781
pthreads,3200000,4,1,0.06392074599898478,0.3025325,0.46551219,0.23195531
pthreads,3200000,4,2,0.06453438499920594,0.30245625,0.464705,0.23283875
pthreads,3200000,4,3,0.06547478900029091,0.30160687,0.46547969,0.23291344
pthreads,3200000,4,4,0.06375091200061433,0.30174781,0.46517625,0.23307594
pthreads,3200000,4,5,0.06435741699897335,0.30190594,0.46547469,0.23261937
pthreads,3200000,5,0,0.06126333900101599,0.3017275,0.46518375,0.23308875
pthreads,3200000,5,1,0.06175298699963605,0.30244625,0.46537656,0.23217719
pthreads,3200000,5,2,0.061601634000908234,0.30218406,0.46498531,0.23283063
pthreads,3200000,5,3,0.06164970800091396,0.30167688,0.46568906,0.23263406
pthreads,3200000,5,4,0.061053264998918166,0.30159438,0.46528656,0.23311906
pthreads,3200000,5,5,0.06131594100043003,0.30190406,0.46522281,0.23287312
pthreads,3200000,6,0,0.05997692500022822,0.30176969,0.46529312,0.23293719
pthreads,3200000,6,1,0.05939309000132198,0.30244875,0.46557656,0.23197469
pthreads,3200000,6,2,0.061727215001155855,0.30221031,0.4650375,0.23275219
pthreads,3200000,6,3,0.057471146999887424,0.30174906,0.46557406,0.23267688
pthreads,3200000,6,4,0.05995033900035196,0.30155531,0.46513781,0.23330687
pthreads,3200000,6,5,0.05898458499905246,0.30167406,0.46522969,0.23309625
pthreads,3200000,7,0,0.08044527499987453,0.30165656,0.46543937,0.23290406
pthreads,3200000,7,1,0.08787668200056942,0.30213375,0.46579906,0.23206719
pthreads,3200000,7,2,0.08681837000040105,0.30212344,0.46509187,0.23278469
pthreads,3200000,7,3,0.061946669999088044,0.30166281,0.46567969,0.2326575
pthreads,3200000,7,4,0.06544427800145058,0.3016575,0.46517031,0.23317219
pthreads,3200000,7,5,0.09031965900067007,0.30184563,0.46517562,0.23297875
pthreads,3200000,8,0,0.08005846699961694,0.30171188,0.46526219,0.23302594
pthreads,3200000,8,1,0.07945586800087767,0.30226125,0.46564187,0.23209688
pthreads,3200000,8,2,0.08048255300127494,0.30207375,0.46517562,0.23275062
pthreads,3200000,8,3,0.07634821600004216,0.3015525,0.46589156,0.23255594
pthreads,3200000,8,4,0.07430405400009477,0.30178281,0.46532594,0.23289125
pthreads,3200000,8,5,0.07615579099910974,0.30185563,0.46527438,0.23287
pthreads,3200000,9,0,0.08063809399936872,0.30141625,0.4656,0.23298375
pthreads,3200000,9,1,0.08739063899884059,0.30206281,0.46585375,0.23208344
pthreads,3200000,9,2,0.08546208000007027,0.30210469,0.46509438,0.23280094
pthreads,3200000,9,3,0.08524407200093265,0.30141687,0.4658375,0.23274563
pthreads,3200000,9,4,0.08338599099988642,0.30165812,0.46532906,0.23301281
pthreads,3200000,9,5,0.08138645899998664,0.30188344,0.46522438,0.23289219
pthreads,3200000,10,0,0.08544046899987734,0.30154031,0.46549656,0.23296312
pthreads,3200000,10,1,0.07420921899938548,0.302015,0.46587906,0.23210594
pthreads,3200000,10,2,0.06733912500021688,0.30203031,0.46511344,0.23285625
pthreads,3200000,10,3,0.07404711500021222,0.30129531,0.46590437,0.23280031
pthreads,3200000,10,4,0.07912162499997066,0.30176406,0.4652625,0.23297344
pthreads,3200000,10,5,0.0809420149998914,0.30178125,0.46534125,0.2328775
pthreads,3200000,11,0,0.08108662400081812,0.30153062,0.46536625,0.23310312
pthreads,3200000,11,1,0.0819100159988011,0.30195187,0.46580594,0.23224219
pthreads,3200000,11,2,0.0662942609997117,0.30190219,0.46504187,0.23305594
pthreads,3200000,11,3,0.08009316199968453,0.30141969,0.46582219,0.23275813
pthreads,3200000,11,4,0.06947006900009,0.30200844,0.46510781,0.23288375
pthreads,3200000,11,5,0.07245694099947286,0.30179281,0.46542062,0.23278656
pthreads,3200000,12,0,0.06889363499976753,0.30147219,0.46533844,0.23318938
pthreads,3200000,12,1,0.06850507399940398,0.30198469,0.46569719,0.23231812
pthreads,3200000,12,2,0.0735218720001285,0.30184187,0.46514031,0.23301781
pthreads,3200000,12,3,0.07739918599872908,0.30148063,0.46576469,0.23275469
pthreads,3200000,12,4,0.06625552399964363,0.30198156,0.46511188,0.23290656
pthreads,3200000,12,5,0.06976260499868658,0.30191344,0.46540375,0.23268281
pthreads,6400000,1,0,0.3839237359989056,0.30172766,0.46577844,0.23249391
pthreads,6400000,1,1,0.382698793999225,0.30174797,0.46584969,0.23240234
pthreads,6400000,1,2,0.3889468319994194,0.30191937,0.46516547,0.23291516
pthreads,6400000,1,3,0.3881583080001292,0.30190203,0.46536344,0.23273453
pthreads,6400000,1,4,0.38984832300047856,0.30157937,0.46584844,0.23257219
pthreads,6400000,1,5,0.38352784600101586,0.30174156,0.46565812,0.23260031
pthreads,6400000,2,0,0.2035689469994395,0.30194906,0.46505812,0.23299281
pthreads,6400000,2,1,0.2038342260002537,0.30175297,0.46582766,0.23241938
pthreads,6400000,2,2,0.20760244899975078,0.30201187,0.46527391,0.23271422
pthreads,6400000,2,3,0.20434177500101214,0.30164031,0.46543969,0.23292
pthreads,6400000,2,4,0.20347564599978796,0.30185109,0.46551063,0.23263828
pthreads,6400000,2,5,0.20429819300079544,0.3019125,0.46528156,0.23280594
pthreads,6400000,3,0,0.15087174600012077,0.30193938,0.46535578,0.23270484
pthreads,6400000,3,1,0.1497433690001344,0.30189922,0.465615,0.23248578
pthreads,6400000,3,2,0.14948350700069568,0.3021175,0.46504703,0.23283547
pthreads,6400000,3,3,0.1489921560005314,0.30174937,0.46557047,0.23268016
pthreads,6400000,3,4,0.14922646400009398,0.3018725,0.46534828,0.23277922
pthreads,6400000,3,5,0.1513646340008563,0.30179375,0.46535859,0.23284766
pthreads,6400000,4,0,0.13095573600003263,0.30198234,0.46509875,0.23291891
pthreads,6400000,4,1,0.13313199000003806,0.30182656,0.46563891,0.23253453
pthreads,6400000,4,2,0.1301652149995789,0.30215703,0.46489766,0.23294531
pthreads,6400000,4,3,0.13131392400100594,0.30183078,0.46535609,0.23281313
pthreads,6400000,4,4,0.13112729999920703,0.30181469,0.46535813,0.23282719
pthreads,6400000,4,5,0.1293779550014733,0.30182656,0.46552016,0.23265328
pthreads,6400000,5,0,0.1239095470009488,0.30174953,0.46529984,0.23295062
pthreads,6400000,5,1,0.12372822500037728,0.30193359,0.46562234,0.23244406
pthreads,6400000,5,2,0.1241178359996411,0.30194391,0.46523422,0.23282188
pthreads,6400000,5,3,0.12348531499992532,0.30174141,0.46561562,0.23264297
pthreads,6400000,5,4,0.12411233400052879,0.30175969,0.46549641,0.23274391
pthreads,6400000,5,5,0.12513483600014297,0.30203687,0.46517031,0.23279281
pthreads,6400000,6,0,0.11593395999989298,0.30182109,0.46515297,0.23302594
pthreads,6400000,6,1,0.11834373800047615,0.30208281,0.46575156,0.23216562
pthreads,6400000,6,2,0.11766250999971817,0.30211,0.46520391,0.23268609
pthreads,6400000,6,3,0.11598820099970908,0.30166359,0.46567313,0.23266328
pthreads,6400000,6,4,0.1188779969997995,0.30181703,0.46522297,0.23296
pthreads,6400000,6,5,0.11912600799951178,0.30197188,0.46525047,0.23277766
pthreads,6400000,7,0,0.14834212000096159,0.30167187,0.46537625,0.23295188
pthreads,6400000,7,1,0.11685125799886009,0.3021,0.46587219,0.23202781
pthreads,6400000,7,2,0.1621572259991808,0.30200578,0.46529672,0.2326975
pthreads,6400000,7,3,0.16610162399956607,0.30163672,0.46565266,0.23271063
pthreads,6400000,7,4,0.12826789599967015,0.30186969,0.46528422,0.23284609
pthreads,6400000,7,5,0.164389478000885,0.3019225,0.46527516,0.23280234
pthreads,6400000,8,0,0.15504597499966621,0.30173984,0.46519516,0.233065
pthreads,6400000,8,1,0.154050424000161,0.30203203,0.46580047,0.2321675
pthreads,6400000,8,2,0.1668005159990571,0.30195484,0.46538844,0.23265672
pthreads,6400000,8,3,0.1584805279999273,0.30168062,0.46567656,0.23264281
pthreads,6400000,8,4,0.15937796800062642,0.30179094,0.46529016,0.23291891
pthreads,6400000,8,5,0.1514855780005746,0.30194234,0.46524844,0.23280922
pthreads,6400000,9,0,0.145863597999778,0.30159391,0.46534641,0.23305969
pthreads,6400000,9,1,0.14316592700015462,0.30195094,0.46589594,0.23215312
pthreads,6400000,9,2,0.15629267799886293,0.30198812,0.46521125,0.23280063
pthreads,6400000,9,3,0.15275493900117,0.30166813,0.46564984,0.23268203
pthreads,6400000,9,4,0.11958829200011678,0.30173734,0.46526297,0.23299969
pthreads,6400000,9,5,0.15782289500020852,0.30190172,0.46524516,0.23285312
pthreads,6400000,10,0,0.14272362599876942,0.30181516,0.46531906,0.23286578
pthreads,6400000,10,1,0.15358512300008442,0.30200766,0.46583594,0.23215641
pthreads,6400000,10,2,0.1649753919991781,0.30195359,0.46514625,0.23290016
pthreads,6400000,10,3,0.13972865100004128,0.30164687,0.46563109,0.23272203
pthreads,6400000,10,4,0.14050473399947805,0.3016575,0.46545422,0.23288828
pthreads,6400000,10,5,0.1611697579992324,0.30200875,0.46520484,0.23278641
pthreads,6400000,11,0,0.12850671200067154,0.30176266,0.46532031,0.23291703
pthreads,6400000,11,1,0.13941527300085,0.30219844,0.46570078,0.23210078
pthreads,6400000,11,2,0.1441049289987859,0.30190469,0.46508375,0.23301156
pthreads,6400000,11,3,0.14459545299905585,0.3017425,0.46551219,0.23274531
pthreads,6400000,11,4,0.13819787300053576,0.30161203,0.46547453,0.23291344
pthreads,6400000,11,5,0.142941989000974,0.30190953,0.46528578,0.23280469
pthreads,6400000,12,0,0.16426447599951643,0.30174313,0.46530625,0.23295062
pthreads,6400000,12,1,0.12593879000087327,0.30225781,0.46555172,0.23219047
pthreads,6400000,12,2,0.1508956540001236,0.30194281,0.46507797,0.23297922
pthreads,6400000,12,3,0.12913416499941377,0.30174734,0.46547375,0.23277891
pthreads,6400000,12,4,0.1585097429997404,0.30152656,0.46554984,0.23292359
pthreads,6400000,12,5,0.1520153069996013,0.30190719,0.46540594,0.23268687
pthreads,12800000,1,0,0.7786660980000306,0.301795,0.46563547,0.23256953
pthreads,12800000,1,1,0.7657292750009219,0.30172148,0.46575703,0.23252148
pthreads,12800000,1,2,0.761277962999884,0.30182641,0.46551406,0.23265953
pthreads,12800000,1,3,0.7719736090002698,0.30182195,0.46551336,0.23266469
pthreads,12800000,1,4,0.7647480480009108,0.30162875,0.46573578,0.23263547
pthreads,12800000,1,5,0.7616384560005827,0.30169859,0.4656532,0.2326482
pthreads,12800000,2,0,0.40421249000064563,0.30178828,0.46550789,0.23270383
pthreads,12800000,2,1,0.4063537780002662,0.30178828,0.46579539,0.23241633
pthreads,12800000,2,2,0.4090481759994873,0.30186641,0.46543758,0.23269602
pthreads,12800000,2,3,0.4060602610006754,0.30185297,0.46532969,0.23281734
pthreads,12800000,2,4,0.41109848999985843,0.30177742,0.46556242,0.23266016
pthreads,12800000,2,5,0.4110604279994732,0.30184453,0.46543812,0.23271734
pthreads,12800000,3,0,0.29732859400064626,0.30191203,0.46531273,0.23277523
pthreads,12800000,3,1,0.2968802159994084,0.30186969,0.4657068,0.23242352
pthreads,12800000,3,2,0.2980035319997114,0.30188172,0.46550648,0.2326118
pthreads,12800000,3,3,0.2979885450004076,0.30178187,0.46546781,0.23275031
pthreads,12800000,3,4,0.30063694099953864,0.30180289,0.46553273,0.23266438
pthreads,12800000,3,5,0.2982093270002224,0.30175906,0.4654918,0.23274914
pthreads,12800000,4,0,0.2569320840011642,0.30191102,0.46513641,0.23295258
pthreads,12800000,4,1,0.25279101299929607,0.30178539,0.46574023,0.23247438
pthreads,12800000,4,2,0.2541781850013649,0.301935,0.46531766,0.23274734
pthreads,12800000,4,3,0.26597931799915386,0.30171008,0.4654957,0.23279422
pthreads,12800000,4,4,0.25628445300026215,0.3018968,0.46538594,0.23271727
pthreads,12800000,4,5,0.2706271530005324,0.30185508,0.46549281,0.23265211
pthreads,12800000,5,0,0.23975022400009038,0.30184883,0.46537477,0.23277641
pthreads,12800000,5,1,0.24078528700010793,0.30193273,0.46551172,0.23255555
pthreads,12800000,5,2,0.23685452100107796,0.30186242,0.46543516,0.23270242
pthreads,12800000,5,3,0.24343303500063485,0.30176703,0.46560789,0.23262508
pthreads,12800000,5,4,0.2408611570008361,0.30181484,0.46548187,0.23270328
pthreads,12800000,5,5,0.2404344360002142,0.30175773,0.46537828,0.23286398
pthreads,12800000,6,0,0.23070055200150819,0.30191336,0.46533172,0.23275492
pthreads,12800000,6,1,0.23164942100083863,0.30181586,0.46558641,0.23259773
pthreads,12800000,6,2,0.23278335299983155,0.30188555,0.46541703,0.23269742
pthreads,12800000,6,3,0.23667011399993498,0.3017893,0.46558031,0.23263039
pthreads,12800000,6,4,0.23070082800040836,0.30195125,0.46533391,0.23271484
pthreads,12800000,6,5,0.23140770199825056,0.30183047,0.46531555,0.23285398
pthreads,12800000,7,0,0.21839021599953412,0.30186266,0.46537422,0.23276312
pthreads,12800000,7,1,0.32604571400042914,0.30169578,0.46576828,0.23253594
pthreads,12800000,7,2,0.31199611100055336,0.30187102,0.46540523,0.23272375
pthreads,12800000,7,3,0.21953803400174365,0.30174258,0.46560758,0.23264984
pthreads,12800000,7,4,0.3240590430013981,0.30187898,0.46542258,0.23269844
pthreads,12800000,7,5,0.2767577760005224,0.30180711,0.46535484,0.23283805
pthreads,12800000,8,0,0.21743600199988578,0.30180812,0.46534219,0.23284969
pthreads,12800000,8,1,0.3128198459999112,0.30173148,0.46572016,0.23254836
pthreads,12800000,8,2,0.30920265200074937,0.30190125,0.46536617,0.23273258
pthreads,12800000,8,3,0.2106952590002038,0.30175547,0.46559539,0.23264914
pthreads,12800000,8,4,0.26872276600079203,0.30182508,0.4654843,0.23269063
pthreads,12800000,8,5,0.3240664040004049,0.30187352,0.4653218,0.23280469
pthreads,12800000,9,0,0.29023462499935704,0.30172844,0.46539828,0.23287328
pthreads,12800000,9,1,0.2944744799988257,0.30174617,0.46586211,0.23239172
pthreads,12800000,9,2,0.3146583510006167,0.30185539,0.46540477,0.23273984
pthreads,12800000,9,3,0.2766551439999603,0.30172375,0.46562375,0.2326525
pthreads,12800000,9,4,0.20528658100010944,0.30192227,0.46541305,0.23266469
pthreads,12800000,9,5,0.2440250029994786,0.30193461,0.46534531,0.23272008
pthreads,12800000,10,0,0.3233588580005744,0.30168414,0.46542867,0.23288719
pthreads,12800000,10,1,0.26612359000137076,0.30174688,0.46583906,0.23241406
pthreads,12800000,10,2,0.2452168609997898,0.30187289,0.46537109,0.23275602
pthreads,12800000,10,3,0.29259035700124514,0.30177148,0.46560875,0.23261977
pthreads,12800000,10,4,0.28926533599951654,0.30184719,0.46551188,0.23264094
pthreads,12800000,10,5,0.24881300199922407,0.30202062,0.46524297,0.23273641
pthreads,12800000,11,0,0.28119726099976106,0.30176875,0.46534453,0.23288672
pthreads,12800000,11,1,0.3012008519999654,0.30177344,0.46577812,0.23244844
pthreads,12800000,11,2,0.28695040099955804,0.3019032,0.46530305,0.23279375
pthreads,12800000,11,3,0.27039175699974294,0.30171391,0.46558398,0.23270211
pthreads,12800000,11,4,0.2890987610007869,0.3018125,0.46548469,0.23270281
pthreads,12800000,11,5,0.3190722969993658,0.30199305,0.465375,0.23263195
pthreads,12800000,12,0,0.2920399809991068,0.30183188,0.46529781,0.23287031
pthreads,12800000,12,1,0.29843511000035505,0.30187156,0.46564641,0.23248203
pthreads,12800000,12,2,0.30341232499995385,0.30197375,0.46524922,0.23277703
pthreads,12800000,12,3,0.2736505089997081,0.30164313,0.46556805,0.23278883
pthreads,12800000,12,4,0.25107500100057223,0.30176914,0.46551383,0.23271703
pthreads,12800000,12,5,0.3150352769989695,0.30192586,0.46544867,0.23262547
pthreads,25600000,1,0,1.5567999279992364,0.30177195,0.46562004,0.23260801
pthreads,25600000,1,1,1.5344873100002587,0.30175563,0.46563727,0.23260711
pthreads,25600000,1,2,1.5313181870005792,0.30181246,0.46546344,0.2327241
pthreads,25600000,1,3,1.5270725909995235,0.30179113,0.46553254,0.23267633
pthreads,25600000,1,4,1.5220467109993479,0.30172676,0.46564664,0.2326266
pthreads,25600000,1,5,1.517815186000007,0.3017652,0.4655966,0.2326382
pthreads,25600000,2,0,0.8086170579990721,0.30180133,0.4655577,0.23264098
pthreads,25600000,2,1,0.8088563620003697,0.30173531,0.46571488,0.2325498
pthreads,25600000,2,2,0.807986041998447,0.30178469,0.46560902,0.23260629
pthreads,25600000,2,3,0.8271395989995654,0.30179957,0.46550961,0.23269082
pthreads,25600000,2,4,0.8227757120002934,0.30172523,0.46563437,0.23264039
pthreads,25600000,2,5,0.8048913709990302,0.3017573,0.46558719,0.23265551
pthreads,25600000,3,0,0.6141260809999949,0.3017698,0.46551023,0.23271996
pthreads,25600000,3,1,0.5878548960008629,0.30174754,0.46571223,0.23254023
pthreads,25600000,3,2,0.5886807789993327,0.30182066,0.46551664,0.2326627
pthreads,25600000,3,3,0.6078638239996508,0.30178859,0.46540512,0.23280629
pthreads,25600000,3,4,0.587576629999603,0.30181957,0.46551555,0.23266488
pthreads,25600000,3,5,0.5914635509998334,0.30181102,0.46550969,0.2326793
pthreads,25600000,4,0,0.512039334000292,0.30183652,0.46542383,0.23273965
pthreads,25600000,4,1,0.5154661480009963,0.30178523,0.46568207,0.2325327
pthreads,25600000,4,2,0.5155535319991031,0.30182641,0.46542828,0.23274531
pthreads,25600000,4,3,0.5120995170000242,0.30176297,0.46551445,0.23272258
pthreads,25600000,4,4,0.5212424189994636,0.30184465,0.46544738,0.23270797
pthreads,25600000,4,5,0.5123378990010679,0.30180258,0.46549141,0.23270602
pthreads,25600000,5,0,0.48788867199982633,0.3018027,0.46542953,0.23276777
pthreads,25600000,5,1,0.4918468430005305,0.30180586,0.46558102,0.23261313
pthreads,25600000,5,2,0.48870382699897164,0.301855,0.46555848,0.23258652
pthreads,25600000,5,3,0.4898974019997695,0.30176953,0.46557961,0.23265086
pthreads,25600000,5,4,0.4997863780008629,0.30180215,0.46550316,0.23269469
pthreads,25600000,5,5,0.4866793700002745,0.30186703,0.46537574,0.23275723
pthreads,25600000,6,0,0.46583204099988507,0.30184531,0.46537953,0.23277516
pthreads,25600000,6,1,0.4604538599996886,0.30182074,0.46560523,0.23257402
pthreads,25600000,6,2,0.4758606380000856,0.30177008,0.46558645,0.23264348
pthreads,25600000,6,3,0.46780041199963307,0.30178242,0.46556883,0.23264875
pthreads,25600000,6,4,0.45514849299979687,0.30182539,0.46548187,0.23269273
pthreads,25600000,6,5,0.46378353199906996,0.30179273,0.46545625,0.23275102
pthreads,25600000,7,0,0.6911116359988227,0.30177141,0.46540668,0.23282191
pthreads,25600000,7,1,0.6096026790000906,0.30174824,0.46568656,0.2325652
pthreads,25600000,7,2,0.5993098589988222,0.30183988,0.46552699,0.23263312
pthreads,25600000,7,3,0.45801203600058216,0.3017841,0.4655327,0.2326832
pthreads,25600000,7,4,0.4503203450003639,0.30179379,0.46553066,0.23267555
pthreads,25600000,7,5,0.4925271190004423,0.30183922,0.465495,0.23266578
pthreads,25600000,8,0,0.4559881370005314,0.3017841,0.46540434,0.23281156
pthreads,25600000,8,1,0.41070368500004406,0.30177605,0.46569371,0.23253023
pthreads,25600000,8,2,0.5227626619998773,0.30189363,0.46544453,0.23266184
pthreads,25600000,8,3,0.5430434049994801,0.30173535,0.46552312,0.23274152
pthreads,25600000,8,4,0.5958843090011214,0.30181879,0.46553371,0.2326475
pthreads,25600000,8,5,0.6287605039997288,0.30187609,0.46542324,0.23270066
pthreads,25600000,9,0,0.39994034000119427,0.30176488,0.46552523,0.23270988
pthreads,25600000,9,1,0.5689750549991004,0.30182352,0.46567355,0.23250293
pthreads,25600000,9,2,0.6288670760004607,0.30191047,0.46540492,0.23268461
pthreads,25600000,9,3,0.5097943999990093,0.30177434,0.46549773,0.23272793
pthreads,25600000,9,4,0.6069058129996847,0.30182078,0.4654518,0.23272742
pthreads,25600000,9,5,0.5349139059999288,0.30192129,0.46535359,0.23272512
pthreads,25600000,10,0,0.48981671100045787,0.30182656,0.46549395,0.23267949
pthreads,25600000,10,1,0.5956022430000303,0.30182695,0.46561684,0.23255621
pthreads,25600000,10,2,0.6113038259991299,0.30188355,0.46539633,0.23272012
pthreads,25600000,10,3,0.5817280280007253,0.30177934,0.46557719,0.23264348
pthreads,25600000,10,4,0.6014275050001743,0.30179328,0.46546918,0.23273754
pthreads,25600000,10,5,0.5752856020008039,0.30188039,0.4653448,0.2327748
pthreads,25600000,11,0,0.5637101400006941,0.30185305,0.46543914,0.23270781
pthreads,25600000,11,1,0.5380309030006174,0.30184234,0.46559414,0.23256352
pthreads,25600000,11,2,0.6067579420014226,0.30183742,0.46541398,0.23274859
pthreads,25600000,11,3,0.6262847599991801,0.30177406,0.46558305,0.23264289
pthreads,25600000,11,4,0.5702104470001359,0.3018402,0.46545699,0.23270281
pthreads,25600000,11,5,0.6299717689998943,0.30185285,0.4654266,0.23272055
pthreads,25600000,12,0,0.600553428999774,0.30186145,0.46539371,0.23274484
pthreads,25600000,12,1,0.6278349009990052,0.30183449,0.46555824,0.23260727
pthreads,25600000,12,2,0.6073499760004779,0.30182254,0.4654043,0.23277316
pthreads,25600000,12,3,0.6094864990009228,0.30178027,0.46556453,0.2326552
pthreads,25600000,12,4,0.6237243340001442,0.30186148,0.46550777,0.23263074
pthreads,25600000,12,5,0.5903478059990448,0.30188102,0.46538734,0.23273164
pthreads,51200000,1,0,3.0411830019984336,0.30178377,0.46558748,0.23262875
pthreads,51200000,1,1,3.0524535549993743,0.30176156,0.46560391,0.23263453
pthreads,51200000,1,2,3.051348326000152,0.30178383,0.46554812,0.23266805
pthreads,51200000,1,3,3.0471027710009366,0.30178057,0.465564,0.23265543
pthreads,51200000,1,4,3.0475113920001604,0.30174211,0.46561287,0.23264502
pthreads,51200000,1,5,3.04631973999858,0.30175457,0.46559527,0.23265016
pthreads,51200000,2,0,1.6249177900008362,0.30178193,0.46554855,0.23266951
pthreads,51200000,2,1,1.6348628680007096,0.30176768,0.46562885,0.23260348
pthreads,51200000,2,2,1.6224414389998856,0.30179891,0.46553617,0.23266492
pthreads,51200000,2,3,1.6254062299994985,0.30178088,0.46551488,0.23270424
pthreads,51200000,2,4,1.6576774820005085,0.30177742,0.46557367,0.23264891
pthreads,51200000,2,5,1.6443600530001277,0.30178557,0.4655392,0.23267523
pthreads,51200000,3,0,1.194999569999709,0.30180107,0.46550861,0.23269031
pthreads,51200000,3,1,1.2059190820000367,0.30176719,0.46560248,0.23263033
pthreads,51200000,3,2,1.194894258000204,0.30177713,0.46558967,0.2326332
pthreads,51200000,3,3,1.1968006629995216,0.30177656,0.46555773,0.2326657
pthreads,51200000,3,4,1.2001820960012992,0.30175707,0.46558471,0.23265822
pthreads,51200000,3,5,1.193529103000401,0.30177742,0.46558977,0.23263281
pthreads,51200000,4,0,1.080936913998812,0.30180545,0.46552289,0.23267166
pthreads,51200000,4,1,1.0555582140004844,0.30175234,0.4656807,0.23256695
pthreads,51200000,4,2,1.0328858459997718,0.30181131,0.46553908,0.23264961
pthreads,51200000,4,3,1.0353971940003248,0.3017824,0.46554109,0.2326765
pthreads,51200000,4,4,1.0940706969995517,0.30177053,0.46558271,0.23264676
pthreads,51200000,4,5,1.0618763769998623,0.30178553,0.46554027,0.2326742
pthreads,51200000,5,0,0.9840006890008226,0.30181926,0.4654859,0.23269484
pthreads,51200000,5,1,0.9729247449995455,0.30179771,0.46560215,0.23260014
pthreads,51200000,5,2,0.9759975479992136,0.30177312,0.46558871,0.23263816
pthreads,51200000,5,3,0.9486205559987866,0.30174688,0.46554189,0.23271123
pthreads,51200000,5,4,0.9839160060000722,0.30179629,0.46555934,0.23264437
pthreads,51200000,5,5,0.9613707450007496,0.30180574,0.46552404,0.23267021
pthreads,51200000,6,0,0.9873792879989196,0.30176641,0.46549656,0.23273703
pthreads,51200000,6,1,0.9232851670003583,0.30180732,0.46559373,0.23259895
pthreads,51200000,6,2,0.9493380090007122,0.30179305,0.46555135,0.23265561
pthreads,51200000,6,3,1.0267790280013287,0.30180693,0.46547656,0.2327165
pthreads,51200000,6,4,0.9241946969996206,0.30182814,0.46551852,0.23265334
pthreads,51200000,6,5,0.9106569369996578,0.30181135,0.46551512,0.23267354
pthreads,51200000,7,0,0.8062837239995133,0.30182797,0.46547891,0.23269313
pthreads,51200000,7,1,0.922164622001219,0.30177334,0.46562518,0.23260148
pthreads,51200000,7,2,0.913099264000266,0.30181627,0.46551092,0.23267281
pthreads,51200000,7,3,1.02333873599855,0.30177068,0.46553029,0.23269902
pthreads,51200000,7,4,0.9038970199999312,0.30183125,0.46547086,0.23269789
pthreads,51200000,7,5,0.965029136999874,0.3018125,0.46551354,0.23267396
pthreads,51200000,8,0,0.924958998000875,0.3018007,0.46546795,0.23273135
pthreads,51200000,8,1,1.0787104939990968,0.30177402,0.46564402,0.23258195
pthreads,51200000,8,2,1.1025317069997982,0.30180008,0.4655116,0.23268832
pthreads,51200000,8,3,1.0863979639998433,0.30177854,0.4655357,0.23268576
pthreads,51200000,8,4,1.0023682259998168,0.30181779,0.46544053,0.23274168
pthreads,51200000,8,5,1.1441396359987266,0.30180918,0.46553049,0.23266033
pthreads,51200000,9,0,1.0922023410003021,0.30177771,0.46549432,0.23272797
pthreads,51200000,9,1,1.1284227919986733,0.30178916,0.46563176,0.23257908
pthreads,51200000,9,2,0.973265087000982,0.3018018,0.46554092,0.23265729
pthreads,51200000,9,3,1.0614929519997531,0.30178391,0.46553072,0.23268537
pthreads,51200000,9,4,1.1683884599988232,0.30181947,0.46542662,0.23275391
pthreads,51200000,9,5,1.092548288999751,0.30182654,0.46552697,0.23264648
pthreads,51200000,10,0,1.2904432340001222,0.30173752,0.4655542,0.23270828
pthreads,51200000,10,1,1.2082409949998691,0.30176467,0.46565172,0.23258361
pthreads,51200000,10,2,1.1898948950001795,0.30182461,0.46550289,0.2326725
pthreads,51200000,10,3,1.187444339000649,0.30178182,0.46552207,0.23269611
pthreads,51200000,10,4,1.0342630149989418,0.30181834,0.46546396,0.2327177
pthreads,51200000,10,5,1.2474604420003743,0.30185037,0.46550611,0.23264352
pthreads,51200000,11,0,1.1733941290003713,0.30174975,0.46556129,0.23268896
pthreads,51200000,11,1,1.198645997001222,0.30179563,0.46563674,0.23256764
pthreads,51200000,11,2,1.2041395819996978,0.30180602,0.46550902,0.23268496
pthreads,51200000,11,3,1.1990758550000464,0.3017625,0.4656074,0.2326301
pthreads,51200000,11,4,1.144865206000759,0.30179484,0.465469,0.23273615
pthreads,51200000,11,5,1.25379545999931,0.30181539,0.46552428,0.23266033
pthreads,51200000,12,0,1.2545527509992098,0.30178488,0.46552725,0.23268787
pthreads,51200000,12,1,1.2228038760003983,0.30179785,0.46562553,0.23257662
pthreads,51200000,12,2,1.1685499279992655,0.30181406,0.46547334,0.2327126
pthreads,51200000,12,3,1.22271648899914,0.30176518,0.46559242,0.2326424
pthreads,51200000,12,4,1.2291574499995477,0.30176584,0.46553568,0.23269848
pthreads,51200000,12,5,1.2253262079993874,0.30183441,0.46548432,0.23268127
pthreads,66400000,1,0,3.9467852059988218,0.30177373,0.46558235,0.23264392
pthreads,66400000,1,1,3.957949551000638,0.30176779,0.46560108,0.23263113
pthreads,66400000,1,2,3.9495608809993428,0.30178364,0.46556461,0.23265175
pthreads,66400000,1,3,3.958960769999976,0.30178605,0.46554514,0.23266881
pthreads,66400000,1,4,3.9594857310003135,0.30175709,0.46559142,0.23265149
pthreads,66400000,1,5,3.9657888780002395,0.30176164,0.46558709,0.23265127
pthreads,66400000,2,0,2.1338682169989625,0.30176782,0.46557965,0.23265253
pthreads,66400000,2,1,2.117284895000921,0.30176498,0.46561596,0.23261905
pthreads,66400000,2,2,2.104115238000304,0.30177358,0.46559024,0.23263617
pthreads,66400000,2,3,2.105186775999755,0.30177479,0.4655641,0.23266111
pthreads,66400000,2,4,2.1094247860000905,0.301755,0.46560107,0.23264393
pthreads,66400000,2,5,2.1087369109991414,0.30178185,0.46556425,0.2326539
pthreads,66400000,3,0,1.564767772999403,0.30178724,0.46551896,0.2326938
pthreads,66400000,3,1,1.5506342999997287,0.30178858,0.46558983,0.23262158
pthreads,66400000,3,2,1.5607635859996662,0.3017928,0.46554215,0.23266505
pthreads,66400000,3,3,1.5569875889996183,0.30175631,0.46555384,0.23268985
pthreads,66400000,3,4,1.5371870409999246,0.30178991,0.46554002,0.23267008
pthreads,66400000,3,5,1.5349038870008371,0.30180033,0.46554149,0.23265818
pthreads,66400000,4,0,1.4085354359995108,0.30180056,0.46551735,0.23268209
pthreads,66400000,4,1,1.3436089599999832,0.3017789,0.46559223,0.23262887
pthreads,66400000,4,2,1.31192583200027,0.3018034,0.46557797,0.23261863
pthreads,66400000,4,3,1.3331582720002189,0.30178152,0.46555032,0.23266816
pthreads,66400000,4,4,1.409307923000597,0.30175401,0.46559949,0.23264651
pthreads,66400000,4,5,1.3239139540000906,0.30177688,0.4655877,0.23263542
pthreads,66400000,5,0,1.279331073999856,0.30179864,0.46553907,0.23266229
pthreads,66400000,5,1,1.2557108949986286,0.30176422,0.46563151,0.23260428
pthreads,66400000,5,2,1.2498354749986902,0.30177197,0.46555161,0.23267642
pthreads,66400000,5,3,1.2558707330008474,0.30177358,0.46555752,0.2326689
pthreads,66400000,5,4,1.2416742890000023,0.30176538,0.46559497,0.23263965
pthreads,66400000,5,5,1.261287829000139,0.30180506,0.46554062,0.23265432
pthreads,66400000,6,0,1.215495648999422,0.30180116,0.46548548,0.23271336
pthreads,66400000,6,1,1.1749518689994147,0.30177199,0.46563197,0.23259604
pthreads,66400000,6,2,1.1672332800008007,0.30178593,0.46557684,0.23263723
pthreads,66400000,6,3,1.1772189059993252,0.3017827,0.46555044,0.23266687
pthreads,66400000,6,4,1.22093728100117,0.30179334,0.46556453,0.23264212
pthreads,66400000,6,5,1.1448009890009416,0.3018092,0.46552706,0.23266373
pthreads,66400000,7,0,1.4648677370005316,0.30178627,0.46552429,0.23268944
pthreads,66400000,7,1,1.339028213000347,0.30175952,0.46564038,0.23260011
pthreads,66400000,7,2,1.2373280990013882,0.30180471,0.46556648,0.23262881
pthreads,66400000,7,3,1.1558597429993824,0.30180756,0.46549095,0.23270149
pthreads,66400000,7,4,1.1033114700003352,0.30180568,0.4655459,0.23264842
pthreads,66400000,7,5,1.2074560620003467,0.30178864,0.4655523,0.23265905
pthreads,66400000,8,0,1.382406180999169,0.30175325,0.46550599,0.23274075
pthreads,66400000,8,1,1.3582958660008444,0.30178514,0.46562066,0.2325942
pthreads,66400000,8,2,1.4825976089996402,0.30179791,0.46553994,0.23266215
pthreads,66400000,8,3,1.1481812960009847,0.30178664,0.46551482,0.23269854
pthreads,66400000,8,4,1.5216550120003376,0.30180482,0.46550179,0.23269339
pthreads,66400000,8,5,1.3182208279995393,0.30180339,0.46554331,0.2326533
pthreads,66400000,9,0,1.4126322680003796,0.30179971,0.46549235,0.23270794
pthreads,66400000,9,1,1.3530790919994615,0.30175745,0.46563893,0.23260361
pthreads,66400000,9,2,1.46850565800014,0.30179991,0.46554178,0.23265831
pthreads,66400000,9,3,1.3213045930006047,0.3017681,0.4655736,0.2326583
pthreads,66400000,9,4,1.4087497439995786,0.30183697,0.46544578,0.23271724
pthreads,66400000,9,5,1.5483419109987153,0.30180571,0.46556059,0.2326337
pthreads,66400000,10,0,1.4521422819998406,0.30180875,0.46549633,0.23269492
pthreads,66400000,10,1,1.5931070779988659,0.30175078,0.46566605,0.23258316
pthreads,66400000,10,2,1.6156718179991003,0.30182006,0.46548899,0.23269095
pthreads,66400000,10,3,1.525380008999491,0.30177666,0.46554548,0.23267786
pthreads,66400000,10,4,1.5098642370012385,0.30182458,0.46544631,0.23272911
pthreads,66400000,10,5,1.494697026000722,0.30179367,0.46557943,0.2326269
pthreads,66400000,11,0,1.5647611240001424,0.30179602,0.46551946,0.23268452
pthreads,66400000,11,1,1.568164323000019,0.30177596,0.46566756,0.23255648
pthreads,66400000,11,2,1.5384223159999237,0.30179718,0.46550429,0.23269852
pthreads,66400000,11,3,1.6263234550006018,0.30177273,0.4655511,0.23267617
pthreads,66400000,11,4,1.5812438989996735,0.30182667,0.4654294,0.23274393
pthreads,66400000,11,5,1.560733551001249,0.30180514,0.46557886,0.23261601
pthreads,66400000,12,0,1.602844973000174,0.30176212,0.46557654,0.23266134
pthreads,66400000,12,1,1.5729442680003558,0.30177304,0.46563258,0.23259438
pthreads,66400000,12,2,1.6208962770015205,0.30179586,0.46553199,0.23267215
pthreads,66400000,12,3,1.5600224690006144,0.30177474,0.46553527,0.23268998
pthreads,66400000,12,4,1.587209151000934,0.30182351,0.46545218,0.23272431
pthreads,66400000,12,5,1.6055544660011947,0.30181163,0.46553854,0.23264983
mpi,100000,1,0,0.3157446090008307,0.3023,0.46462,0.23308
mpi,100000,1,1,0.31609411700083,0.3038,0.46482,0.23138
mpi,100000,1,2,0.31970353799988516,0.30377,0.46422,0.23201
mpi,100000,1,3,0.3199324190009065,0.30223,0.4637,0.23407
mpi,100000,1,4,0.31637657700048294,0.30201,0.46557,0.23242
mpi,100000,1,5,0.31545179600107076,0.29851,0.46869,0.2328
mpi,100000,2,0,0.31979909500114445,0.29994,0.46401,0.23605
mpi,100000,2,1,0.3158918139997695,0.30271,0.46636,0.23093
mpi,100000,2,2,0.3203392649993475,0.30218,0.46465,0.23317
mpi,100000,2,3,0.31974868799989054,0.29996,0.46507,0.23497
mpi,100000,2,4,0.31991375899997365,0.30207,0.46542,0.23251
mpi,100000,2,5,0.3318172510007571,0.30075,0.46608,0.23317
mpi,100000,3,0,0.3242368869996426,0.30136,0.4648,0.23384
mpi,100000,3,1,0.3236886880004022,0.303,0.46566,0.23134
mpi,100000,3,2,0.32399439300024824,0.30087,0.46724,0.23189
mpi,100000,3,3,0.32396937199882814,0.30004,0.4661,0.23386
mpi,100000,3,4,0.32281994599907193,0.30272,0.4644,0.23288
mpi,100000,3,5,0.32040450000022247,0.30392,0.46443,0.23165
mpi,100000,4,0,0.32378212900039216,0.30289,0.46354,0.23357
mpi,100000,4,1,0.32338836199960497,0.30258,0.4677,0.22972
mpi,100000,4,2,0.3245767669995985,0.30113,0.46622,0.23265
mpi,100000,4,3,0.3303434700010257,0.30244,0.46549,0.23207
mpi,100000,4,4,0.3254295890001231,0.30249,0.46364,0.23387
mpi,100000,4,5,0.3242372120002983,0.30323,0.46403,0.23274
mpi,100000,5,0,0.32834328100034327,0.30333,0.46459,0.23208
mpi,100000,5,1,0.32871165399956226,0.30333,0.46563,0.23104
mpi,100000,5,2,0.32743978899998183,0.30083,0.46543,0.23374
mpi,100000,5,3,0.3300518659998488,0.30204,0.46598,0.23198
mpi,100000,5,4,0.3303820569999516,0.30314,0.46332,0.23354
mpi,100000,5,5,0.3272124549985165,0.30353,0.46393,0.23254
mpi,100000,6,0,0.33133778399860603,0.30332,0.46578,0.2309
mpi,100000,6,1,0.3363563399998384,0.3042,0.46478,0.23102
mpi,100000,6,2,0.33757219400104077,0.30183,0.46607,0.2321
mpi,100000,6,3,0.33299742700000934,0.30218,0.46617,0.23165
mpi,100000,6,4,0.33171620899884147,0.30242,0.46355,0.23403
mpi,100000,6,5,0.33201901800021005,0.30342,0.4638,0.23278
mpi,100000,7,0,0.3359170180010551,0.30165,0.46678,0.23157
mpi,100000,7,1,0.33566728999903717,0.3027,0.46488,0.23242
mpi,100000,7,2,0.34075817499979166,0.30065,0.46616,0.23319
mpi,100000,7,3,0.3405484740014799,0.30185,0.4655,0.23265
mpi,100000,7,4,0.3389952510005969,0.30189,0.46402,0.23409
mpi,100000,7,5,0.3398611680004251,0.30354,0.46406,0.2324
mpi,100000,8,0,0.340651941998658,0.30138,0.46714,0.23148
mpi,100000,8,1,0.3405055400016863,0.30355,0.46354,0.23291
mpi,100000,8,2,0.34519017599996005,0.30056,0.46625,0.23319
mpi,100000,8,3,0.34297429400066903,0.30265,0.46475,0.2326
mpi,100000,8,4,0.34826452800007246,0.3025,0.46334,0.23416
mpi,100000,8,5,0.3394534779999958,0.30382,0.46401,0.23217
mpi,100000,9,0,0.3499062809987663,0.30123,0.46692,0.23185
mpi,100000,9,1,0.3481320020000567,0.3028,0.4647,0.2325
mpi,100000,9,2,0.3510757259991806,0.30165,0.46599,0.23236
mpi,100000,9,3,0.3430457940012275,0.30261,0.46413,0.23326
mpi,100000,9,4,0.3478943440004514,0.30223,0.46362,0.23415
mpi,100000,9,5,0.3485273260012036,0.30354,0.46421,0.23225
mpi,100000,10,0,0.3473627650000708,0.30109,0.46723,0.23168
mpi,100000,10,1,0.3517228540003998,0.30239,0.4647,0.23291
mpi,100000,10,2,0.34802747899993847,0.30265,0.46534,0.23201
mpi,100000,10,3,0.35177110500080744,0.30239,0.46581,0.2318
mpi,100000,10,4,0.3559226649995253,0.30219,0.4637,0.23411
mpi,100000,10,5,0.3473534299992025,0.30346,0.46391,0.23263
mpi,100000,11,0,0.40461356999912823,0.30208,0.46602,0.2319
mpi,100000,11,1,0.4013931909994426,0.30192,0.46582,0.23226
mpi,100000,11,2,0.3781079159998626,0.30283,0.4648,0.23237
mpi,100000,11,3,0.38430604899986065,0.30283,0.46616,0.23101
mpi,100000,11,4,0.3796130089995131,0.30217,0.46342,0.23441
mpi,100000,11,5,0.36766922300012084,0.3033,0.46345,0.23325
mpi,100000,12,0,0.3926317890000064,0.30138,0.46577,0.23285
mpi,100000,12,1,0.37148271099977137,0.30236,0.46529,0.23235
mpi,100000,12,2,0.3877960270001495,0.30275,0.46539,0.23186
mpi,100000,12,3,0.40366984799948114,0.30311,0.46524,0.23165
mpi,100000,12,4,0.3883224749988585,0.303,0.46207,0.23493
mpi,100000,12,5,0.38030788700052653,0.30336,0.46326,0.23338
mpi,200000,1,0,0.3241049460011709,0.301555,0.46547,0.232975
mpi,200000,1,1,0.3241200310003478,0.302645,0.46438,0.232975
mpi,200000,1,2,0.3229801689994929,0.302755,0.46481,0.232435
mpi,200000,1,3,0.32439783599875227,0.301055,0.46473,0.234215
mpi,200000,1,4,0.3241037280004093,0.30147,0.465715,0.232815
mpi,200000,1,5,0.327885807999337,0.300405,0.46723,0.232365
mpi,200000,2,0,0.3199293439993198,0.30171,0.464145,0.234145
mpi,200000,2,1,0.3200179110008321,0.303385,0.464765,0.23185
mpi,200000,2,2,0.3240983359992242,0.30341,0.464465,0.232125
mpi,200000,2,3,0.3238513629985391,0.30081,0.46566,0.23353
mpi,200000,2,4,0.3272085419994255,0.301935,0.46438,0.233685
mpi,200000,2,5,0.3243186070012598,0.300545,0.466355,0.2331
mpi,200000,3,0,0.3246786700001394,0.30117,0.464275,0.234555
mpi,200000,3,1,0.32382096799847204,0.301375,0.466075,0.23255
mpi,200000,3,2,0.3238345769987063,0.302235,0.464545,0.23322
mpi,200000,3,3,0.3197363700001006,0.300165,0.465975,0.23386
mpi,200000,3,4,0.323849992999385,0.30198,0.46547,0.23255
mpi,200000,3,5,0.3232453799992072,0.301715,0.465595,0.23269
mpi,200000,4,0,0.32547471699945163,0.3001,0.46562,0.23428
mpi,200000,4,1,0.3280855020002491,0.301895,0.465925,0.23218
mpi,200000,4,2,0.32806156600054237,0.301905,0.4647,0.233395
mpi,200000,4,3,0.3271698809985537,0.301465,0.465385,0.23315
mpi,200000,4,4,0.3237808480007516,0.301595,0.46572,0.232685
mpi,200000,4,5,0.3280551249990822,0.302215,0.46607,0.231715
mpi,200000,5,0,0.3279299509995326,0.3012,0.46551,0.23329
mpi,200000,5,1,0.331884978000744,0.30222,0.46575,0.23203
mpi,200000,5,2,0.3299807740004326,0.301505,0.46614,0.232355
mpi,200000,5,3,0.33049759499954234,0.302325,0.464835,0.23284
mpi,200000,5,4,0.3271456810016389,0.30243,0.464115,0.233455
mpi,200000,5,5,0.32887601599941263,0.30291,0.46562,0.23147
mpi,200000,6,0,0.34010840200062376,0.301215,0.466475,0.23231
mpi,200000,6,1,0.33215608300088206,0.303065,0.464575,0.23236
mpi,200000,6,2,0.33964427200044156,0.30235,0.46619,0.23146
mpi,200000,6,3,0.33540033500139543,0.30286,0.46467,0.23247
mpi,200000,6,4,0.33293517300080566,0.302145,0.46371,0.234145
mpi,200000,6,5,0.33150296500025433,0.303595,0.46501,0.231395
mpi,200000,7,0,0.33985957100048836,0.301785,0.46623,0.231985
mpi,200000,7,1,0.3453790540006594,0.303615,0.465265,0.23112
mpi,200000,7,2,0.33913103099985165,0.301475,0.465995,0.23253
mpi,200000,7,3,0.33907259199986584,0.30245,0.46433,0.23322
mpi,200000,7,4,0.3417751830002089,0.30195,0.46375,0.2343
mpi,200000,7,5,0.33804008699917176,0.30253,0.465415,0.232055
mpi,200000,8,0,0.343335190000289,0.30127,0.466585,0.232145
mpi,200000,8,1,0.3441782290010451,0.30317,0.46549,0.23134
mpi,200000,8,2,0.34351999099999375,0.3011,0.465705,0.233195
mpi,200000,8,3,0.34501847899991844,0.30258,0.464885,0.232535
mpi,200000,8,4,0.3432299400010379,0.30199,0.463485,0.234525
mpi,200000,8,5,0.3431099389999872,0.302965,0.464595,0.23244
mpi,200000,9,0,0.3463518450007541,0.302115,0.466055,0.23183
mpi,200000,9,1,0.3451677089997247,0.30235,0.465355,0.232295
mpi,200000,9,2,0.34436656599973503,0.3016,0.46507,0.23333
mpi,200000,9,3,0.34619424999982584,0.302295,0.46501,0.232695
mpi,200000,9,4,0.3447535169998446,0.301855,0.46389,0.234255
mpi,200000,9,5,0.35165435999988404,0.30262,0.46437,0.23301
mpi,200000,10,0,0.35547919100099534,0.30226,0.46597,0.23177
mpi,200000,10,1,0.359869723999509,0.30275,0.465245,0.232005
mpi,200000,10,2,0.352498755999477,0.302085,0.464405,0.23351
mpi,200000,10,3,0.35313625700109696,0.301755,0.465955,0.23229
mpi,200000,10,4,0.3507649319999473,0.302415,0.46412,0.233465
mpi,200000,10,5,0.34786634700139984,0.30269,0.464175,0.233135
mpi,200000,11,0,0.3841366269989521,0.30233,0.46502,0.23265
mpi,200000,11,1,0.37479184699986945,0.30291,0.46533,0.23176
mpi,200000,11,2,0.37602546400012216,0.30216,0.464665,0.233175
mpi,200000,11,3,0.39670053199915856,0.30177,0.465815,0.232415
mpi,200000,11,4,0.37555453999993915,0.302465,0.46388,0.233655
mpi,200000,11,5,0.3759101180003199,0.30226,0.46343,0.23431
mpi,200000,12,0,0.38497162900057447,0.30208,0.46517,0.23275
mpi,200000,12,1,0.3992428250003286,0.30258,0.4656,0.23182
mpi,200000,12,2,0.38421917900086555,0.30192,0.46462,0.23346
mpi,200000,12,3,0.3870171479993587,0.302135,0.46528,0.232585
mpi,200000,12,4,0.3888800099994114,0.302915,0.46317,0.233915
mpi,200000,12,5,0.4193283109998447,0.302355,0.46311,0.234535
mpi,400000,1,0,0.33185160100038047,0.3021475,0.4652225,0.23263
mpi,400000,1,1,0.3360286829993129,0.302245,0.4652525,0.2325025
mpi,400000,1,2,0.3359430720011005,0.30214,0.4648625,0.2329975
mpi,400000,1,3,0.3360559699995065,0.30183,0.46524,0.23293
mpi,400000,1,4,0.33532057800039183,0.3009575,0.465745,0.2332975
mpi,400000,1,5,0.3363886099996307,0.30021,0.466435,0.233355
mpi,400000,2,0,0.32791967500088504,0.3014825,0.4644775,0.23404
mpi,400000,2,1,0.3278639509990171,0.3029625,0.464485,0.2325525
mpi,400000,2,2,0.32422902699909173,0.3023275,0.46509,0.2325825
mpi,400000,2,3,0.32742621900069935,0.300985,0.465955,0.23306
mpi,400000,2,4,0.3278622300003917,0.3012575,0.4649375,0.233805
mpi,400000,2,5,0.3282771340000181,0.3014025,0.465655,0.2329425
mpi,400000,3,0,0.3288562810012081,0.3017575,0.4647,0.2335425
mpi,400000,3,1,0.327206510999531,0.3020875,0.4653075,0.232605
mpi,400000,3,2,0.3284522719986853,0.3027275,0.46448,0.2327925
mpi,400000,3,3,0.32738742900073703,0.3007675,0.4660825,0.23315
mpi,400000,3,4,0.32382018200041784,0.302,0.46539,0.23261
mpi,400000,3,5,0.32837739599926863,0.30173,0.4657025,0.2325675
mpi,400000,4,0,0.32784685700062255,0.30152,0.464865,0.233615
mpi,400000,4,1,0.3312523650001822,0.3020775,0.4652575,0.232665
mpi,400000,4,2,0.3281453870004043,0.3026575,0.46423,0.2331125
mpi,400000,4,3,0.33162004299992986,0.301225,0.4660925,0.2326825
mpi,400000,4,4,0.32833755100000417,0.302085,0.4649725,0.2329425
mpi,400000,4,5,0.3273622090000572,0.3018325,0.465525,0.2326425
mpi,400000,5,0,0.32781457499913813,0.3011075,0.4658475,0.233045
mpi,400000,5,1,0.3282575999983237,0.3021475,0.4652475,0.232605
mpi,400000,5,2,0.33166927300044335,0.3025475,0.4648075,0.232645
mpi,400000,5,3,0.3321984039994277,0.30087,0.4663125,0.2328175
mpi,400000,5,4,0.3316274339995289,0.3023675,0.46471,0.2329225
mpi,400000,5,5,0.3317779210010485,0.3017775,0.465725,0.2324975
mpi,400000,6,0,0.3315399310013163,0.3012675,0.4658175,0.232915
mpi,400000,6,1,0.3358382909991633,0.3021825,0.4649425,0.232875
mpi,400000,6,2,0.33630528200046683,0.3024375,0.465175,0.2323875
mpi,400000,6,3,0.3321887269994477,0.3014525,0.46571,0.2328375
mpi,400000,6,4,0.33408362599948305,0.3014525,0.46574,0.2328075
mpi,400000,6,5,0.3334029899997404,0.301815,0.4662675,0.2319175
mpi,400000,7,0,0.34133981999912066,0.3007825,0.465905,0.2333125
mpi,400000,7,1,0.34302089299853833,0.30191,0.46525,0.23284
mpi,400000,7,2,0.3412093340011779,0.3018675,0.465285,0.2328475
mpi,400000,7,3,0.3397526080007083,0.3015175,0.46565,0.2328325
mpi,400000,7,4,0.3383844820000377,0.301415,0.46536,0.233225
mpi,400000,7,5,0.3399264330000733,0.301845,0.466895,0.23126
mpi,400000,8,0,0.34448240299934696,0.300255,0.466775,0.23297
mpi,400000,8,1,0.3431858839994675,0.3023425,0.4652125,0.232445
mpi,400000,8,2,0.3447782940002071,0.3016425,0.4656575,0.2327
mpi,400000,8,3,0.3423517890005314,0.3019175,0.46555,0.2325325
mpi,400000,8,4,0.34573809699941194,0.3016225,0.46504,0.2333375
mpi,400000,8,5,0.34317306500088307,0.30168,0.466465,0.231855
mpi,400000,9,0,0.3531009219987027,0.3009575,0.46621,0.2328325
mpi,400000,9,1,0.3552029260008567,0.3028725,0.464595,0.2325325
mpi,400000,9,2,0.35259583400147676,0.3015975,0.46585,0.2325525
mpi,400000,9,3,0.3431871049997426,0.302275,0.46513,0.232595
mpi,400000,9,4,0.34780875299838954,0.3016275,0.46475,0.2336225
mpi,400000,9,5,0.34766594499888015,0.3018475,0.4659575,0.232195
mpi,400000,10,0,0.35589746099867625,0.3012325,0.4659275,0.23284
mpi,400000,10,1,0.34818530099983036,0.3026275,0.46461,0.2327625
mpi,400000,10,2,0.3517426240014174,0.301605,0.46599,0.232405
mpi,400000,10,3,0.3523613560009835,0.3024325,0.4651475,0.23242
mpi,400000,10,4,0.35116759599986835,0.3016625,0.464515,0.2338225
mpi,400000,10,5,0.34844665600030567,0.301985,0.465755,0.23226
mpi,400000,11,0,0.37636288900102954,0.30176,0.46526,0.23298
mpi,400000,11,1,0.3846350590010843,0.3028425,0.4644,0.2327575
mpi,400000,11,2,0.38245491800080345,0.301935,0.465665,0.2324
mpi,400000,11,3,0.3718202179989021,0.3025725,0.4648975,0.23253
mpi,400000,11,4,0.39669520300049044,0.3016,0.4645225,0.2338775
mpi,400000,11,5,0.36696891100109497,0.302255,0.4649975,0.2327475
mpi,400000,12,0,0.38793947200065304,0.301665,0.465265,0.23307
mpi,400000,12,1,0.39547859099911875,0.3028675,0.4645275,0.232605
mpi,400000,12,2,0.39604544100075145,0.3017275,0.4659375,0.232335
mpi,400000,12,3,0.3920955100002175,0.3028075,0.4646125,0.23258
mpi,400000,12,4,0.388067914000203,0.3016775,0.4644525,0.23387
mpi,400000,12,5,0.38014818000010564,0.3023925,0.464915,0.2326925
mpi,800000,1,0,0.36100662399985595,0.302055,0.465475,0.23247
mpi,800000,1,1,0.3593413700000383,0.302545,0.46566625,0.23178875
mpi,800000,1,2,0.35983086700071,0.30242,0.46414875,0.23343125
mpi,800000,1,3,0.3594736390004982,0.30171625,0.46583,0.23245375
mpi,800000,1,4,0.3604475789998105,0.3007925,0.4657075,0.2335
mpi,800000,1,5,0.35949754499961273,0.30113125,0.4656725,0.23319625
mpi,800000,2,0,0.33567375499842456,0.301325,0.465005,0.23367
mpi,800000,2,1,0.3399342020002223,0.30266375,0.46493625,0.2324
mpi,800000,2,2,0.3396825890013133,0.301635,0.46560125,0.23276375
mpi,800000,2,3,0.33622501799982274,0.30125125,0.46568,0.23306875
mpi,800000,2,4,0.3396122670001205,0.30083,0.4653275,0.2338425
mpi,800000,2,5,0.3359419450007408,0.30122875,0.4655,0.23327125
mpi,800000,3,0,0.3358757469995908,0.3015225,0.4655325,0.232945
mpi,800000,3,1,0.3356783290000749,0.302235,0.465295,0.23247
mpi,800000,3,2,0.331682317000741,0.30214375,0.4649425,0.23291375
mpi,800000,3,3,0.33647025900063454,0.30111,0.466005,0.232885
mpi,800000,3,4,0.3359591480002564,0.302265,0.46491875,0.23281625
mpi,800000,3,5,0.3356855229994835,0.302015,0.4653025,0.2326825
mpi,800000,4,0,0.3353030359994591,0.30128875,0.46521625,0.233495
mpi,800000,4,1,0.331858995001312,0.302545,0.46487875,0.23257625
mpi,800000,4,2,0.33219649700004084,0.3017025,0.465075,0.2332225
mpi,800000,4,3,0.33594530099981057,0.3010675,0.465975,0.2329575
mpi,800000,4,4,0.3318280399998912,0.301725,0.46527875,0.23299625
mpi,800000,4,5,0.3318227729996579,0.30212125,0.46488375,0.232995
mpi,800000,5,0,0.33527544399839826,0.3013725,0.4654275,0.2332
mpi,800000,5,1,0.33692312800121726,0.3025575,0.46489625,0.23254625
mpi,800000,5,2,0.4270783370011486,0.30215875,0.46515875,0.2326825
mpi,800000,5,3,0.3364277830005449,0.30090375,0.4663525,0.23274375
mpi,800000,5,4,0.3391179399986868,0.30222,0.465145,0.232635
mpi,800000,5,5,0.33618308899895055,0.3016575,0.46546,0.2328825
mpi,800000,6,0,0.3362108110013651,0.301785,0.46549625,0.23271875
mpi,800000,6,1,0.3397984279999946,0.30225125,0.46454375,0.233205
mpi,800000,6,2,0.33243659999970987,0.30257625,0.4652025,0.23222125
mpi,800000,6,3,0.33939597500102536,0.3013975,0.466325,0.2322775
mpi,800000,6,4,0.34014607700009947,0.30181625,0.46574625,0.2324375
mpi,800000,6,5,0.3395249499990314,0.3013325,0.46612,0.2325475
mpi,800000,7,0,0.346545751001031,0.301345,0.466095,0.23256
mpi,800000,7,1,0.3429534919996513,0.30258625,0.46448875,0.232925
mpi,800000,7,2,0.3421516270009306,0.30248625,0.46516875,0.232345
mpi,800000,7,3,0.3459648299995024,0.30135125,0.46628375,0.232365
mpi,800000,7,4,0.34237146400118945,0.30191375,0.46540875,0.2326775
mpi,800000,7,5,0.3400396939996426,0.30071125,0.46671,0.23257875
mpi,800000,8,0,0.34744608599976345,0.30142875,0.46616,0.23241125
mpi,800000,8,1,0.3432704789993295,0.30233375,0.46458625,0.23308
mpi,800000,8,2,0.3490984949985432,0.3018525,0.46552375,0.23262375
mpi,800000,8,3,0.3474529880004411,0.30142625,0.4660425,0.23253125
mpi,800000,8,4,0.34483972099951643,0.3021975,0.46484,0.2329625
mpi,800000,8,5,0.3516682089993992,0.30114,0.46600375,0.23285625
mpi,800000,9,0,0.3495150439994177,0.301475,0.46593125,0.23259375
mpi,800000,9,1,0.34694321599999967,0.302645,0.4645025,0.2328525
mpi,800000,9,2,0.3604543490000651,0.30205375,0.4652175,0.23272875
mpi,800000,9,3,0.3508111889987049,0.30143875,0.465575,0.23298625
mpi,800000,9,4,0.34790985099971294,0.3020875,0.46508875,0.23282375
mpi,800000,9,5,0.3562178849988413,0.3011375,0.46590125,0.23296125
mpi,800000,10,0,0.3556098449989804,0.3011475,0.466165,0.2326875
mpi,800000,10,1,0.3714902149986301,0.30248625,0.46480125,0.2327125
mpi,800000,10,2,0.3520854380003584,0.30205,0.46543625,0.23251375
mpi,800000,10,3,0.3605192930008343,0.30163,0.46566125,0.23270875
mpi,800000,10,4,0.35150371600138897,0.3018075,0.46522,0.2329725
mpi,800000,10,5,0.3563092240001424,0.30147125,0.4656675,0.23286125
mpi,800000,11,0,0.3806235399988509,0.3014175,0.4656125,0.23297
mpi,800000,11,1,0.37125397399904614,0.3026275,0.4647825,0.23259
mpi,800000,11,2,0.3879693719991337,0.30219375,0.46539875,0.2324075
mpi,800000,11,3,0.3762118089998694,0.30172,0.4656175,0.2326625
mpi,800000,11,4,0.3715203859992471,0.3017225,0.4653575,0.23292
mpi,800000,11,5,0.38780629100074293,0.30144,0.4657,0.23286
mpi,800000,12,0,0.3959538639992388,0.3011375,0.46576125,0.23310125
mpi,800000,12,1,0.3812180669992813,0.302285,0.465195,0.23252
mpi,800000,12,2,0.3784994130000996,0.30178,0.4655375,0.2326825
mpi,800000,12,3,0.38363018599920906,0.30193375,0.46530625,0.23276
mpi,800000,12,4,0.38447726200138277,0.3016475,0.465575,0.2327775
mpi,800000,12,5,0.4115554880008858,0.30170875,0.4656475,0.23264375
mpi,1600000,1,0,0.4036493950006843,0.30205188,0.46525688,0.23269125
mpi,1600000,1,1,0.4118605130006472,0.30189625,0.46593375,0.23217
mpi,1600000,1,2,0.4079644079993159,0.30236438,0.46446437,0.23317125
mpi,1600000,1,3,0.4075965929987433,0.3022875,0.465425,0.2322875
mpi,1600000,1,4,0.40793648499857227,0.30135375,0.46535312,0.23329312
mpi,1600000,1,5,0.4038968980003119,0.30166,0.46555812,0.23278187
mpi,1600000,2,0,0.36388427800011414,0.30173125,0.46534813,0.23292062
mpi,1600000,2,1,0.36031569899932947,0.30258875,0.46537125,0.23204
mpi,1600000,2,2,0.3637062090001564,0.30193063,0.4651375,0.23293188
mpi,1600000,2,3,0.3637333339993347,0.3015125,0.465845,0.2326425
mpi,1600000,2,4,0.36050659000102314,0.30108187,0.46547187,0.23344625
mpi,1600000,2,5,0.3637698390011792,0.30158313,0.46549125,0.23292562
mpi,1600000,3,0,0.3481132440010697,0.30160313,0.46565125,0.23274563
mpi,1600000,3,1,0.3553774029987835,0.3026325,0.46545625,0.23191125
mpi,1600000,3,2,0.34767864599962195,0.30180875,0.46493563,0.23325562
mpi,1600000,3,3,0.35173100300016813,0.3012075,0.46612687,0.23266562
mpi,1600000,3,4,0.3510666639995179,0.301445,0.46567313,0.23288187
mpi,1600000,3,5,0.351946990000215,0.30173125,0.46533625,0.2329325
mpi,1600000,4,0,0.3490822189996834,0.3012925,0.46566062,0.23304687
mpi,1600000,4,1,0.3472648980005033,0.30246,0.46516937,0.23237062
mpi,1600000,4,2,0.3441421369989257,0.3013375,0.46542875,0.23323375
mpi,1600000,4,3,0.3516450650004117,0.30153625,0.46580938,0.23265437
mpi,1600000,4,4,0.3477749079993373,0.30160938,0.46548125,0.23290938
mpi,1600000,4,5,0.3478037340009905,0.30184,0.4650075,0.2331525
mpi,1600000,5,0,0.3488805130000401,0.30164062,0.46559375,0.23276563
mpi,1600000,5,1,0.3470519550010067,0.30208062,0.46525563,0.23266375
mpi,1600000,5,2,0.34858286900089297,0.3015125,0.46518437,0.23330313
mpi,1600000,5,3,0.3434974059982778,0.30155625,0.4658175,0.23262625
mpi,1600000,5,4,0.3476877949997288,0.30217625,0.46504187,0.23278187
mpi,1600000,5,5,0.3436867349992099,0.30181938,0.46517562,0.233005
mpi,1600000,6,0,0.3498817239997152,0.3018325,0.46562188,0.23254563
mpi,1600000,6,1,0.377925819999291,0.3020375,0.46515625,0.23280625
mpi,1600000,6,2,0.34798530300031416,0.30176063,0.4654825,0.23275688
mpi,1600000,6,3,0.34351464100109297,0.30174625,0.46607125,0.2321825
mpi,1600000,6,4,0.35604459200112615,0.30199625,0.46507938,0.23292437
mpi,1600000,6,5,0.35224818000097,0.30160188,0.46553187,0.23286625
mpi,1600000,7,0,0.3543275310003082,0.30162062,0.46584687,0.2325325
mpi,1600000,7,1,0.35161983000034525,0.30211875,0.46523375,0.2326475
mpi,1600000,7,2,0.3478472890001285,0.30175937,0.46553937,0.23270125
mpi,1600000,7,3,0.34820378400036134,0.30146875,0.46616687,0.23236438
mpi,1600000,7,4,0.345209862000047,0.30211063,0.46493125,0.23295812
mpi,1600000,7,5,0.34662512700015213,0.30147438,0.46564312,0.2328825
mpi,1600000,8,0,0.34794839099959063,0.30167375,0.46595188,0.23237437
mpi,1600000,8,1,0.35216601100000844,0.30226125,0.46512562,0.23261313
mpi,1600000,8,2,0.3517255599999771,0.30151875,0.46579625,0.232685
mpi,1600000,8,3,0.3477743300009024,0.30143562,0.46619187,0.2323725
mpi,1600000,8,4,0.3525109120000707,0.30192,0.46514187,0.23293812
mpi,1600000,8,5,0.3518404639999062,0.30138687,0.46553813,0.233075
mpi,1600000,9,0,0.35934022099900176,0.30140937,0.46593563,0.232655
mpi,1600000,9,1,0.35960621099911805,0.30229688,0.4649825,0.23272062
mpi,1600000,9,2,0.35629813600098714,0.30162312,0.46574562,0.23263125
mpi,1600000,9,3,0.3566881960014143,0.30152563,0.46590562,0.23256875
mpi,1600000,9,4,0.3556210650003777,0.302125,0.46520438,0.23267062
mpi,1600000,9,5,0.35642338099933113,0.30149437,0.46552437,0.23298125
mpi,1600000,10,0,0.35988403299961647,0.30154125,0.4658825,0.23257625
mpi,1600000,10,1,0.35619394300010754,0.30238813,0.46493375,0.23267813
mpi,1600000,10,2,0.37189388099977805,0.30170063,0.46586875,0.23243063
mpi,1600000,10,3,0.3635016419993917,0.30151563,0.46578188,0.2327025
mpi,1600000,10,4,0.3633511339994584,0.30216938,0.46528375,0.23254687
mpi,1600000,10,5,0.359861187000206,0.30158625,0.46569875,0.232715
mpi,1600000,11,0,0.37664111999947636,0.30152563,0.46587937,0.232595
mpi,1600000,11,1,0.39123961000041163,0.30239125,0.46490813,0.23270062
mpi,1600000,11,2,0.39572003800094535,0.30185688,0.46559312,0.23255
mpi,1600000,11,3,0.3962046390006435,0.30163875,0.4655975,0.23276375
mpi,1600000,11,4,0.39487557299980836,0.30176562,0.465545,0.23268938
mpi,1600000,11,5,0.3968979709989071,0.3015925,0.46579312,0.23261438
mpi,1600000,12,0,0.40007386499928543,0.30148562,0.4659975,0.23251688
mpi,1600000,12,1,0.4009300189991336,0.302115,0.46498812,0.23289688
mpi,1600000,12,2,0.39564376000089396,0.30182562,0.46564875,0.23252563
mpi,1600000,12,3,0.41982564899990393,0.30143562,0.46579813,0.23276625
mpi,1600000,12,4,0.3947753160009597,0.301855,0.46542625,0.23271875
mpi,1600000,12,5,0.39652202499928535,0.30174688,0.46579938,0.23245375
mpi,3200000,1,0,0.5001179720002256,0.30188219,0.46519625,0.23292156
mpi,3200000,1,1,0.5035006359994441,0.30166562,0.46626469,0.23206969
mpi,3200000,1,2,0.5082597450000321,0.30199531,0.46506938,0.23293531
mpi,3200000,1,3,0.5081577860000834,0.3015975,0.46569531,0.23270719
mpi,3200000,1,4,0.5068645889987238,0.30161594,0.46577344,0.23261062
mpi,3200000,1,5,0.5088629310012038,0.30189813,0.46541594,0.23268594
mpi,3200000,2,0,0.42017159500028356,0.3018875,0.46538281,0.23272969
mpi,3200000,2,1,0.4157297970014042,0.30183031,0.46597531,0.23219438
mpi,3200000,2,2,0.41483199700087425,0.30209656,0.46507,0.23283344
mpi,3200000,2,3,0.412070500999107,0.30197406,0.46535031,0.23267562
mpi,3200000,2,4,0.4153006809992803,0.30152406,0.46548375,0.23299219
mpi,3200000,2,5,0.4124814309998328,0.30185125,0.46547594,0.23267281
mpi,3200000,3,0,0.3849043669997627,0.30174688,0.46580875,0.23244438
mpi,3200000,3,1,0.38758104699991236,0.30240312,0.46583594,0.23176094
mpi,3200000,3,2,0.38490568599991093,0.30195125,0.46514437,0.23290437
mpi,3200000,3,3,0.38355762899846013,0.30184719,0.46554594,0.23260687
mpi,3200000,3,4,0.38748692300032417,0.30163812,0.4656225,0.23273937
mpi,3200000,3,5,0.3897525020001922,0.3018475,0.46526469,0.23288781
mpi,3200000,4,0,0.3696783030009101,0.3016175,0.46592031,0.23246219
mpi,3200000,4,1,0.3724008449989924,0.30246563,0.46553719,0.23199719
mpi,3200000,4,2,0.3667545780008368,0.30176531,0.46513656,0.23309812
mpi,3200000,4,3,0.3728388189992984,0.30189656,0.46567531,0.23242813
mpi,3200000,4,4,0.3717949710007815,0.30152937,0.46554031,0.23293031
mpi,3200000,4,5,0.3681246480009577,0.30193031,0.465135,0.23293469
mpi,3200000,5,0,0.3638578410009359,0.30163969,0.46589875,0.23246156
mpi,3200000,5,1,0.3680667300013738,0.30230125,0.46554969,0.23214906
mpi,3200000,5,2,0.37216044099841383,0.30150906,0.46533625,0.23315469
mpi,3200000,5,3,0.3633820770010061,0.30173062,0.46576156,0.23250781
mpi,3200000,5,4,0.3647988060001808,0.30168062,0.46557125,0.23274813
mpi,3200000,5,5,0.36325420800130814,0.30186656,0.46508688,0.23304656
mpi,3200000,6,0,0.36479102700104704,0.30187812,0.46566344,0.23245844
mpi,3200000,6,1,0.36737686099877465,0.3022325,0.46535031,0.23241719
mpi,3200000,6,2,0.36405426700002863,0.30138125,0.46556219,0.23305656
mpi,3200000,6,3,0.36785833300018567,0.30188531,0.46589094,0.23222375
mpi,3200000,6,4,0.3683027899969602,0.30170344,0.46545281,0.23284375
mpi,3200000,6,5,0.36680492899904493,0.30169406,0.46541938,0.23288656
mpi,3200000,7,0,0.3641946050011029,0.30189813,0.46556,0.23254188
mpi,3200000,7,1,0.36749631999919075,0.30220406,0.46535469,0.23244125
mpi,3200000,7,2,0.36753490299815894,0.30146625,0.46575219,0.23278156
mpi,3200000,7,3,0.3676831589982612,0.30186438,0.46590781,0.23222781
mpi,3200000,7,4,0.36473866399683175,0.30180375,0.46541688,0.23277938
mpi,3200000,7,5,0.37330484600170166,0.30146031,0.46556406,0.23297562
mpi,3200000,8,0,0.3724683729997196,0.30190719,0.46568219,0.23241063
mpi,3200000,8,1,0.3658598300025915,0.30228344,0.46525406,0.2324625
mpi,3200000,8,2,0.370919838998816,0.30104125,0.46609906,0.23285969
mpi,3200000,8,3,0.37483675700059393,0.30177906,0.46592031,0.23230063
mpi,3200000,8,4,0.36746899700301583,0.30182844,0.46531406,0.2328575
mpi,3200000,8,5,0.3706577790035226,0.30125375,0.46553219,0.23321406
mpi,3200000,9,0,0.3732750210001541,0.30202875,0.46542813,0.23254312
mpi,3200000,9,1,0.3673574970016489,0.30222625,0.46514875,0.232625
mpi,3200000,9,2,0.3679287810009555,0.30135062,0.46573844,0.23291094
mpi,3200000,9,3,0.3649472249999235,0.30170188,0.46576406,0.23253406
mpi,3200000,9,4,0.37087942300058785,0.30188281,0.46538094,0.23273625
mpi,3200000,9,5,0.37152382400017814,0.30143844,0.46540375,0.23315781
mpi,3200000,10,0,0.3755671250000887,0.30199344,0.46551094,0.23249563
mpi,3200000,10,1,0.38055036600053427,0.30206937,0.4652575,0.23267313
mpi,3200000,10,2,0.3721673770014604,0.30152594,0.46565563,0.23281844
mpi,3200000,10,3,0.3755203709988564,0.30195563,0.4655275,0.23251688
mpi,3200000,10,4,0.3716150190011831,0.30206719,0.46520375,0.23272906
mpi,3200000,10,5,0.376047275000019,0.30154344,0.46554969,0.23290688
mpi,3200000,11,0,0.40037507499800995,0.30197125,0.46553531,0.23249344
mpi,3200000,11,1,0.4164374689971737,0.30215469,0.46531906,0.23252625
mpi,3200000,11,2,0.40384476100007305,0.3016075,0.46576937,0.23262312
mpi,3200000,11,3,0.39918405400021584,0.30185125,0.465575,0.23257375
mpi,3200000,11,4,0.40376600599847734,0.30224125,0.46520625,0.2325525
mpi,3200000,11,5,0.40535564300080296,0.30158563,0.46554781,0.23286656
mpi,3200000,12,0,0.3968364959982864,0.30186812,0.46566844,0.23246344
mpi,3200000,12,1,0.4078837859997293,0.30187469,0.46560563,0.23251969
mpi,3200000,12,2,0.40703052599928924,0.30165188,0.46559719,0.23275094
mpi,3200000,12,3,0.4045661900017876,0.30185375,0.46552437,0.23262188
mpi,3200000,12,4,0.41148506899844506,0.30218438,0.46527,0.23254563
mpi,3200000,12,5,0.41589358800047194,0.30175969,0.46544094,0.23279938
mpi,6400000,1,0,0.6874810279987287,0.30172766,0.46577844,0.23249391
mpi,6400000,1,1,0.6877003250010603,0.30174797,0.46584969,0.23240234
mpi,6400000,1,2,0.6881854109997221,0.30191937,0.46516547,0.23291516
mpi,6400000,1,3,0.6879447960018297,0.30190203,0.46536344,0.23273453
mpi,6400000,1,4,0.6881353690005199,0.30157937,0.46584844,0.23257219
mpi,6400000,1,5,0.6916361540024809,0.30174156,0.46565812,0.23260031
mpi,6400000,2,0,0.5051765120006166,0.30196047,0.46507359,0.23296594
mpi,6400000,2,1,0.5081745099996624,0.30168563,0.46598187,0.2323325
mpi,6400000,2,2,0.5075193259981461,0.30187234,0.46531422,0.23281344
mpi,6400000,2,3,0.5038182940006664,0.30162062,0.46562297,0.23275641
mpi,6400000,2,4,0.5107449649985938,0.30183266,0.46535422,0.23281313
mpi,6400000,2,5,0.5053578019978886,0.30191625,0.46536109,0.23272266
mpi,6400000,3,0,0.44422169200333883,0.30187531,0.46558906,0.23253562
mpi,6400000,3,1,0.44740165199982584,0.30173109,0.46604219,0.23222672
mpi,6400000,3,2,0.44826811899838503,0.30188531,0.46526734,0.23284734
mpi,6400000,3,3,0.4479888940004457,0.30176406,0.46555797,0.23267797
mpi,6400000,3,4,0.44798422399981064,0.30173672,0.46579375,0.23246953
mpi,6400000,3,5,0.4438942179986043,0.30171016,0.46545469,0.23283516
mpi,6400000,4,0,0.42185149200304295,0.30164375,0.46599969,0.23235656
mpi,6400000,4,1,0.41896368699963205,0.30185234,0.46591063,0.23223703
mpi,6400000,4,2,0.4202272059992538,0.30189938,0.46525187,0.23284875
mpi,6400000,4,3,0.4221985250005673,0.30183328,0.46561453,0.23255219
mpi,6400000,4,4,0.41753776900077355,0.30167516,0.46556969,0.23275516
mpi,6400000,4,5,0.4204388670004846,0.30187516,0.46539938,0.23272547
mpi,6400000,5,0,0.40588208199915243,0.301595,0.46594062,0.23246438
mpi,6400000,5,1,0.40741697900011786,0.30199016,0.46584359,0.23216625
mpi,6400000,5,2,0.4036171170009766,0.30178641,0.46522594,0.23298766
mpi,6400000,5,3,0.4087394640009734,0.30186969,0.46569344,0.23243687
mpi,6400000,5,4,0.4055611610019696,0.30163344,0.46553,0.23283656
mpi,6400000,5,5,0.40609102000235,0.30185781,0.46524609,0.23289609
mpi,6400000,6,0,0.40086104500005604,0.30178203,0.46581,0.23240797
mpi,6400000,6,1,0.4194220720019075,0.30214078,0.46562375,0.23223547
mpi,6400000,6,2,0.399847681997926,0.30164641,0.4653475,0.23300609
mpi,6400000,6,3,0.41811865600175224,0.30193469,0.46570594,0.23235938
mpi,6400000,6,4,0.3939191370009212,0.30171797,0.46531266,0.23296938
mpi,6400000,6,5,0.40388835800331435,0.30176734,0.46535156,0.23288109
mpi,6400000,7,0,0.3972670469993318,0.30175344,0.46578188,0.23246469
mpi,6400000,7,1,0.4066000009988784,0.30205984,0.46566687,0.23227328
mpi,6400000,7,2,0.40077935500085005,0.30167906,0.46547563,0.23284531
mpi,6400000,7,3,0.4027730249981687,0.30195734,0.46582187,0.23222078
mpi,6400000,7,4,0.3930385959974956,0.30171891,0.46536547,0.23291562
mpi,6400000,7,5,0.4021372909992351,0.30167516,0.46545016,0.23287469
mpi,6400000,8,0,0.40025850199890556,0.30178172,0.46585312,0.23236516
mpi,6400000,8,1,0.4002796569984639,0.30213594,0.46558719,0.23227687
mpi,6400000,8,2,0.3948675120009284,0.30152406,0.46561266,0.23286328
mpi,6400000,8,3,0.40592208599991864,0.30190109,0.46583391,0.232265
mpi,6400000,8,4,0.4024420399982773,0.30164875,0.46545734,0.23289391
mpi,6400000,8,5,0.391732834999857,0.30162219,0.46537859,0.23299922
mpi,6400000,9,0,0.4013195840016124,0.30186297,0.46571875,0.23241828
mpi,6400000,9,1,0.40682500500042806,0.30226297,0.46534156,0.23239547
mpi,6400000,9,2,0.40030293699965114,0.30151422,0.46570609,0.23277969
mpi,6400000,9,3,0.3948207499997807,0.3019175,0.46577047,0.23231203
mpi,6400000,9,4,0.4004045600013342,0.30160844,0.46563703,0.23275453
mpi,6400000,9,5,0.39192495600218535,0.30155437,0.46529953,0.23314609
mpi,6400000,10,0,0.4036915409997164,0.30190438,0.46570797,0.23238766
mpi,6400000,10,1,0.3997178569989046,0.30226172,0.46536172,0.23237656
mpi,6400000,10,2,0.3880710369994631,0.30146078,0.46582828,0.23271094
mpi,6400000,10,3,0.4035143259970937,0.30196,0.46568172,0.23235828
mpi,6400000,10,4,0.3960641810008383,0.30176766,0.46550844,0.23272391
mpi,6400000,10,5,0.40011823999884655,0.30163328,0.46538906,0.23297766
mpi,6400000,11,0,0.4163460080017103,0.30178031,0.46576688,0.23245281
mpi,6400000,11,1,0.43962946199826547,0.30219016,0.46545484,0.232355
mpi,6400000,11,2,0.4234688950018608,0.30149984,0.46578594,0.23271422
mpi,6400000,11,3,0.4366891540012148,0.30193359,0.46552953,0.23253688
mpi,6400000,11,4,0.4271781669995107,0.30174703,0.46564203,0.23261094
mpi,6400000,11,5,0.42491165199680836,0.30159812,0.46546297,0.23293891
mpi,6400000,12,0,0.4242529229995853,0.30190312,0.46557047,0.23252641
mpi,6400000,12,1,0.4365227970010892,0.30203891,0.46551625,0.23244484
mpi,6400000,12,2,0.4345362029998796,0.30144344,0.46569172,0.23286484
mpi,6400000,12,3,0.4361022970006161,0.30191187,0.46547,0.23261813
mpi,6400000,12,4,0.43926946699866676,0.30180438,0.46559812,0.2325975
mpi,6400000,12,5,0.4409873559998232,0.30165,0.4654475,0.2329025
mpi,12800000,1,0,1.075818036999408,0.301795,0.46563547,0.23256953
mpi,12800000,1,1,1.076495649998833,0.30172148,0.46575703,0.23252148
mpi,12800000,1,2,1.059517659003177,0.30182641,0.46551406,0.23265953
mpi,12800000,1,3,1.0719778040001984,0.30182195,0.46551336,0.23266469
mpi,12800000,1,4,1.0679102130015963,0.30162875,0.46573578,0.23263547
mpi,12800000,1,5,1.0721280070029025,0.30169859,0.4656532,0.2326482
mpi,12800000,2,0,0.6965117510007985,0.30178328,0.46551375,0.23270297
mpi,12800000,2,1,0.6957665240006463,0.30178063,0.46560375,0.23261562
mpi,12800000,2,2,0.6998528530020849,0.30180242,0.46542461,0.23277297
mpi,12800000,2,3,0.699968776996684,0.30178109,0.46548031,0.23273859
mpi,12800000,2,4,0.696693571000651,0.30171047,0.46554656,0.23274297
mpi,12800000,2,5,0.7070385730003181,0.3017768,0.46565984,0.23256336
mpi,12800000,3,0,0.5769919869999285,0.30182211,0.46552594,0.23265195
mpi,12800000,3,1,0.5796159540004737,0.30176477,0.46580266,0.23243258
mpi,12800000,3,2,0.575190391002252,0.30177289,0.46554398,0.23268312
mpi,12800000,3,3,0.5759206030015775,0.3017082,0.46557711,0.23271469
mpi,12800000,3,4,0.5760685040004319,0.30170914,0.46575266,0.2325382
mpi,12800000,3,5,0.5715709390024131,0.3018032,0.46534273,0.23285406
mpi,12800000,4,0,0.5202428000011423,0.301795,0.46549141,0.23271359
mpi,12800000,4,1,0.5155316630007292,0.301735,0.46590945,0.23235555
mpi,12800000,4,2,0.5159595690020069,0.301805,0.46553008,0.23266492
mpi,12800000,4,3,0.5117998479981907,0.30166797,0.46563539,0.23269664
mpi,12800000,4,4,0.5118050240016601,0.30175742,0.46564227,0.23260031
mpi,12800000,4,5,0.5139083930007473,0.3018693,0.46541406,0.23271664
mpi,12800000,5,0,0.5001786130014807,0.30174367,0.46561641,0.23263992
mpi,12800000,5,1,0.4828226719982922,0.30180398,0.46590406,0.23229195
mpi,12800000,5,2,0.48628962300062994,0.30177437,0.46543406,0.23279156
mpi,12800000,5,3,0.49016343299808796,0.30172172,0.46567875,0.23259953
mpi,12800000,5,4,0.48376984800052014,0.30173867,0.46563109,0.23263023
mpi,12800000,5,5,0.4896918500016909,0.30175977,0.46549281,0.23274742
mpi,12800000,6,0,0.4927090370001679,0.30183125,0.46562391,0.23254484
mpi,12800000,6,1,0.4718415540010028,0.30181094,0.46571742,0.23247164
mpi,12800000,6,2,0.47186290500030736,0.30171734,0.46547086,0.2328118
mpi,12800000,6,3,0.4682717239993508,0.30174438,0.46576828,0.23248734
mpi,12800000,6,4,0.46765610400325386,0.30185383,0.46547945,0.23266672
mpi,12800000,6,5,0.49169626999719185,0.30175516,0.46553297,0.23271188
mpi,12800000,7,0,0.47914890000174637,0.30185445,0.46552539,0.23262016
mpi,12800000,7,1,0.459872291998181,0.30181883,0.46572586,0.23245531
mpi,12800000,7,2,0.46882116599954315,0.3017507,0.46542352,0.23282578
mpi,12800000,7,3,0.472561262002273,0.30181547,0.46572375,0.23246078
mpi,12800000,7,4,0.4495869419988594,0.30178516,0.46545219,0.23276266
mpi,12800000,7,5,0.4582828890015662,0.30177141,0.46549805,0.23273055
mpi,12800000,8,0,0.4564352159977716,0.30170141,0.46575227,0.23254633
mpi,12800000,8,1,0.463279796000279,0.3019007,0.46571117,0.23238813
mpi,12800000,8,2,0.47181672000078834,0.30163859,0.46544281,0.23291859
mpi,12800000,8,3,0.4686594539998623,0.30183469,0.46567781,0.2324875
mpi,12800000,8,4,0.4594343499993556,0.30173398,0.46545188,0.23281414
mpi,12800000,8,5,0.4519663319988467,0.30182148,0.46546227,0.23271625
mpi,12800000,9,0,0.4687550310009101,0.30180219,0.46567883,0.23251898
mpi,12800000,9,1,0.47262672199940425,0.30196117,0.46561086,0.23242797
mpi,12800000,9,2,0.46395118399959756,0.30168008,0.46537633,0.23294359
mpi,12800000,9,3,0.45200853099959204,0.30185844,0.46566,0.23248156
mpi,12800000,9,4,0.45129624199762475,0.30171297,0.46549352,0.23279352
mpi,12800000,9,5,0.4439911049994407,0.30172883,0.46544406,0.23282711
mpi,12800000,10,0,0.45189494599981117,0.30172875,0.465735,0.23253625
mpi,12800000,10,1,0.45260377699742094,0.30201039,0.46561047,0.23237914
mpi,12800000,10,2,0.459078176998446,0.30159055,0.46557922,0.23283023
mpi,12800000,10,3,0.4635408939975605,0.3018525,0.46571297,0.23243453
mpi,12800000,10,4,0.4512705630004348,0.30172766,0.46546938,0.23280297
mpi,12800000,10,5,0.44879214400134515,0.30177164,0.46544734,0.23278102
mpi,12800000,11,0,0.4671424920015852,0.30176867,0.46570375,0.23252758
mpi,12800000,11,1,0.4646786780031107,0.30200984,0.46559133,0.23239883
mpi,12800000,11,2,0.4634730200014019,0.30166344,0.46557148,0.23276508
mpi,12800000,11,3,0.4829048870014958,0.30194453,0.46553883,0.23251664
mpi,12800000,11,4,0.4813970440009143,0.30173273,0.46554789,0.23271938
mpi,12800000,11,5,0.47148839599685743,0.30176078,0.46542727,0.23281195
mpi,12800000,12,0,0.4840528360000462,0.30185734,0.46570164,0.23244102
mpi,12800000,12,1,0.4922899739976856,0.30192445,0.46555555,0.23252
mpi,12800000,12,2,0.4794095959987317,0.30171656,0.46550313,0.23278031
mpi,12800000,12,3,0.49223874200106366,0.30202781,0.46551094,0.23246125
mpi,12800000,12,4,0.46474011299869744,0.30172297,0.46563281,0.23264422
mpi,12800000,12,5,0.4712924119994568,0.30179422,0.46537125,0.23283453
mpi,25600000,1,0,1.8121243719979248,0.30177195,0.46562004,0.23260801
mpi,25600000,1,1,1.8161129830004938,0.30175563,0.46563727,0.23260711
mpi,25600000,1,2,1.831348596002499,0.30181246,0.46546344,0.2327241
mpi,25600000,1,3,1.8321352689999912,0.30179113,0.46553254,0.23267633
mpi,25600000,1,4,1.8118564850010443,0.30172676,0.46564664,0.2326266
mpi,25600000,1,5,1.8238654369997676,0.3017652,0.4655966,0.2326382
mpi,25600000,2,0,1.0881789940031013,0.30180469,0.46556406,0.23263125
mpi,25600000,2,1,1.0756283690025157,0.30176309,0.46566188,0.23257504
mpi,25600000,2,2,1.0755732569996326,0.3018043,0.46550004,0.23269566
mpi,25600000,2,3,1.083737476998067,0.30178273,0.46549598,0.23272129
mpi,25600000,2,4,1.0843742149991158,0.30172027,0.4656157,0.23266402
mpi,25600000,2,5,1.0881127080028818,0.30172852,0.46564285,0.23262863
mpi,25600000,3,0,0.8286077200027648,0.30180645,0.46556227,0.23263129
mpi,25600000,3,1,0.8352724159994978,0.30174773,0.46565641,0.23259586
mpi,25600000,3,2,0.832134483000118,0.30179926,0.46549219,0.23270855
mpi,25600000,3,3,0.8383050560005358,0.30173062,0.46552637,0.23274301
mpi,25600000,3,4,0.8326589380012592,0.30175336,0.46558832,0.23265832
mpi,25600000,3,5,0.8282636730000377,0.30176035,0.46562945,0.2326102
mpi,25600000,4,0,0.7509904180005833,0.3017318,0.46562348,0.23264473
mpi,25600000,4,1,0.7127840270004526,0.30177246,0.4656759,0.23255164
mpi,25600000,4,2,0.7124148610018892,0.30172898,0.46559609,0.23267492
mpi,25600000,4,3,0.7072458959992218,0.30175141,0.46550191,0.23274668
mpi,25600000,4,4,0.7121640889999981,0.30170281,0.46564457,0.23265262
mpi,25600000,4,5,0.7038254369981587,0.30178684,0.46561762,0.23259555
mpi,25600000,5,0,0.6392347749970213,0.30176906,0.46561539,0.23261555
mpi,25600000,5,1,0.6368303089984693,0.30177398,0.46568043,0.23254559
mpi,25600000,5,2,0.6393505760024709,0.30178512,0.46554828,0.2326666
mpi,25600000,5,3,0.636273167001491,0.30179922,0.46552387,0.23267691
mpi,25600000,5,4,0.6978861280003912,0.30173965,0.46563383,0.23262652
mpi,25600000,5,5,0.6421208950014261,0.301765,0.46554809,0.23268691
mpi,25600000,6,0,0.6387731619979604,0.3017927,0.46563961,0.2325677
mpi,25600000,6,1,0.6261658290022751,0.30178992,0.4656425,0.23256758
mpi,25600000,6,2,0.6149613769994176,0.30172473,0.46556266,0.23271262
mpi,25600000,6,3,0.6386385500009055,0.30169531,0.46566594,0.23263875
mpi,25600000,6,4,0.6104114660010964,0.30179465,0.46556902,0.23263633
mpi,25600000,6,5,0.6855814619993907,0.30176285,0.4655418,0.23269535
mpi,25600000,7,0,0.5722805580007844,0.30180543,0.46551656,0.23267801
mpi,25600000,7,1,0.603854021999723,0.30173664,0.46571988,0.23254348
mpi,25600000,7,2,0.6487180479998642,0.30180277,0.46549141,0.23270582
mpi,25600000,7,3,0.6169558980000147,0.30173152,0.46566285,0.23260563
mpi,25600000,7,4,0.6067851049992896,0.30184953,0.46548816,0.2326623
mpi,25600000,7,5,0.5666353160013387,0.30177715,0.46548984,0.23273301
mpi,25600000,8,0,0.5513547769987781,0.30180023,0.46551285,0.23268691
mpi,25600000,8,1,0.5759659619980084,0.30175082,0.46572598,0.2325232
mpi,25600000,8,2,0.6023837720022129,0.30176602,0.46546676,0.23276723
mpi,25600000,8,3,0.5949793109975872,0.30171883,0.46570262,0.23257855
mpi,25600000,8,4,0.5547326669984614,0.30179746,0.46548922,0.23271332
mpi,25600000,8,5,0.5987428320004256,0.30182391,0.46543461,0.23274148
mpi,25600000,9,0,0.5537472539981536,0.30183938,0.46548617,0.23267445
mpi,25600000,9,1,0.5957499190008093,0.30179004,0.46571895,0.23249102
mpi,25600000,9,2,0.5621175070009485,0.3017627,0.46545527,0.23278203
mpi,25600000,9,3,0.5644749470011448,0.30176301,0.46561559,0.23262141
mpi,25600000,9,4,0.5682945170010498,0.3017457,0.46550043,0.23275387
mpi,25600000,9,5,0.5358182659983868,0.3017948,0.46549414,0.23271105
mpi,25600000,10,0,0.5635857669985853,0.30184047,0.46552059,0.23263895
mpi,25600000,10,1,0.5524954749998869,0.30185996,0.46563957,0.23250047
mpi,25600000,10,2,0.5562133780003933,0.30173668,0.46552227,0.23274105
mpi,25600000,10,3,0.5357581170028425,0.30176613,0.46561047,0.2326234
mpi,25600000,10,4,0.5348925300022529,0.3017941,0.46549266,0.23271324
mpi,25600000,10,5,0.54785419199834,0.30174543,0.46553031,0.23272426
mpi,25600000,11,0,0.5866827339996235,0.30183199,0.46548961,0.2326784
mpi,25600000,11,1,0.5723314669994579,0.30187773,0.46555738,0.23256488
mpi,25600000,11,2,0.5569776990014361,0.30176254,0.46552691,0.23271055
mpi,25600000,11,3,0.5800503190002928,0.30177988,0.46555484,0.23266527
mpi,25600000,11,4,0.5716496099994401,0.30179668,0.4655209,0.23268242
mpi,25600000,11,5,0.5845063269989623,0.30176043,0.46550359,0.23273598
mpi,25600000,12,0,0.5519126459985273,0.30186988,0.46553312,0.23259699
mpi,25600000,12,1,0.5692912500016973,0.30185316,0.46552719,0.23261965
mpi,25600000,12,2,0.5550114889992983,0.30176469,0.46549527,0.23274004
mpi,25600000,12,3,0.5592259929981083,0.30180078,0.46558621,0.23261301
mpi,25600000,12,4,0.5719448740019288,0.3017566,0.46559504,0.23264836
mpi,25600000,12,5,0.5595965489992523,0.30176566,0.46551395,0.23272039
mpi,51200000,1,0,3.348113686999568,0.30178377,0.46558748,0.23262875
mpi,51200000,1,1,3.3076764219986217,0.30176156,0.46560391,0.23263453
mpi,51200000,1,2,3.308020619999297,0.30178383,0.46554812,0.23266805
mpi,51200000,1,3,3.3038766179997765,0.30178057,0.465564,0.23265543
mpi,51200000,1,4,3.3037048089972814,0.30174211,0.46561287,0.23264502
mpi,51200000,1,5,3.3122572649990616,0.30175457,0.46559527,0.23265016
mpi,51200000,2,0,1.8479729700011376,0.30178572,0.46555398,0.23266029
mpi,51200000,2,1,1.8517054389994883,0.30176807,0.46558086,0.23265107
mpi,51200000,2,2,1.8596434680002858,0.30177811,0.46552783,0.23269406
mpi,51200000,2,3,1.852249646999553,0.30177285,0.46555029,0.23267686
mpi,51200000,2,4,1.8517750709979737,0.30176199,0.46556785,0.23267016
mpi,51200000,2,5,1.8638643080012116,0.30177895,0.46559387,0.23262719
mpi,51200000,3,0,1.3477597549972415,0.30177447,0.46554758,0.23267795
mpi,51200000,3,1,1.43941748799989,0.30176836,0.46557988,0.23265176
mpi,51200000,3,2,1.340324746000988,0.30178258,0.46557791,0.23263951
mpi,51200000,3,3,1.3441062400015653,0.30178822,0.46553844,0.23267334
mpi,51200000,3,4,1.3561786509999365,0.30175299,0.46558389,0.23266312
mpi,51200000,3,5,1.3517269420008233,0.30175994,0.46557516,0.2326649
mpi,51200000,4,0,1.3485789010010194,0.30177221,0.46557943,0.23264836
mpi,51200000,4,1,1.1008064890011156,0.30174793,0.46567881,0.23257326
mpi,51200000,4,2,1.2837306070032355,0.30175918,0.46554166,0.23269916
mpi,51200000,4,3,1.0968476529997133,0.30180291,0.46550461,0.23269248
mpi,51200000,4,4,1.0913095500000054,0.30173676,0.46559559,0.23266766
mpi,51200000,4,5,1.1473978120011452,0.30176234,0.46553908,0.23269857
mpi,51200000,5,0,0.9531531119973806,0.3017377,0.4655982,0.2326641
mpi,51200000,5,1,0.9527501150005264,0.30179668,0.46561434,0.23258898
mpi,51200000,5,2,0.964008332000958,0.30176096,0.46556035,0.23267869
mpi,51200000,5,3,0.9671555989989429,0.3017841,0.46547143,0.23274447
mpi,51200000,5,4,0.9604121000011219,0.30174879,0.46562896,0.23262225
mpi,51200000,5,5,0.9599936769991473,0.30177705,0.46554516,0.23267779
mpi,51200000,6,0,0.8960474849991442,0.30178125,0.46559666,0.23262209
mpi,51200000,6,1,0.8671706770001038,0.30177406,0.46562004,0.2326059
mpi,51200000,6,2,0.8717822770013299,0.30174482,0.46552744,0.23272773
mpi,51200000,6,3,0.8755137609987287,0.3017499,0.46555625,0.23269385
mpi,51200000,6,4,0.8672405799989065,0.30177893,0.46554359,0.23267748
mpi,51200000,6,5,0.8689419219990668,0.3017793,0.46555025,0.23267045
mpi,51200000,7,0,0.9064975289984432,0.30176336,0.46557822,0.23265842
mpi,51200000,7,1,0.9090083990013227,0.3017957,0.46559418,0.23261012
mpi,51200000,7,2,0.8520090169986361,0.30179371,0.46550086,0.23270543
mpi,51200000,7,3,0.9075158820014622,0.30180176,0.46553051,0.23266773
mpi,51200000,7,4,0.8914173869998194,0.30179916,0.46554873,0.23265211
mpi,51200000,7,5,0.8681164529989474,0.30173945,0.46564846,0.23261209
mpi,51200000,8,0,0.858330028000637,0.30175266,0.46559754,0.2326498
mpi,51200000,8,1,0.8321622610019404,0.30178158,0.46560629,0.23261213
mpi,51200000,8,2,0.8575386379998235,0.3017668,0.46550348,0.23272973
mpi,51200000,8,3,0.773499349001213,0.30177455,0.46553512,0.23269033
mpi,51200000,8,4,0.8063416069999221,0.30175859,0.46556836,0.23267305
mpi,51200000,8,5,0.8181173859993578,0.30176711,0.46557172,0.23266117
mpi,51200000,9,0,0.7886707139987266,0.3018026,0.46555002,0.23264738
mpi,51200000,9,1,0.786867031998554,0.30180221,0.46556641,0.23263139
mpi,51200000,9,2,0.7970856520005327,0.30176049,0.46547732,0.23276219
mpi,51200000,9,3,0.7998337110002467,0.30178512,0.46552336,0.23269152
mpi,51200000,9,4,0.7839725850026298,0.3018074,0.46554422,0.23264838
mpi,51200000,9,5,0.7920258359990839,0.30175732,0.46555574,0.23268693
mpi,51200000,10,0,0.7478995269993902,0.30179371,0.46558918,0.23261711
mpi,51200000,10,1,0.7378337059999467,0.30181279,0.46556709,0.23262012
mpi,51200000,10,2,0.7739362360007362,0.30179344,0.4654791,0.23272746
mpi,51200000,10,3,0.7410173200005374,0.30181373,0.46551734,0.23266893
mpi,51200000,10,4,0.7467774249998911,0.30176643,0.46554852,0.23268506
mpi,51200000,10,5,0.8037546729974565,0.30176646,0.46554814,0.23268539
mpi,51200000,11,0,0.7508432630020252,0.30181305,0.46557025,0.2326167
mpi,51200000,11,1,0.763718054000492,0.30185645,0.46552451,0.23261904
mpi,51200000,11,2,0.8030627320003987,0.30180461,0.46548672,0.23270867
mpi,51200000,11,3,0.7303186069984804,0.30180309,0.46550164,0.23269527
mpi,51200000,11,4,0.7737486160003755,0.30175469,0.46558643,0.23265889
mpi,51200000,11,5,0.7539122039997892,0.30177066,0.46554953,0.2326798
mpi,51200000,12,0,0.7521177189992159,0.30182199,0.46555682,0.23262119
mpi,51200000,12,1,0.7240953900000022,0.30185029,0.46549471,0.232655
mpi,51200000,12,2,0.7421677669990459,0.30180285,0.46546025,0.23273689
mpi,51200000,12,3,0.7210471860016696,0.30178514,0.46553588,0.23267898
mpi,51200000,12,4,0.7405588119981985,0.30177322,0.46556033,0.23266645
mpi,51200000,12,5,0.7273800570001185,0.30178232,0.4655266,0.23269107
mpi,66400000,1,0,4.260393659002148,0.30177373,0.46558235,0.23264392
mpi,66400000,1,1,4.25219288000153,0.30176779,0.46560108,0.23263113
mpi,66400000,1,2,4.219828291999875,0.30178364,0.46556461,0.23265175
mpi,66400000,1,3,4.183399387002282,0.30178605,0.46554514,0.23266881
mpi,66400000,1,4,4.200129639997613,0.30175709,0.46559142,0.23265149
mpi,66400000,1,5,4.188078529001359,0.30176164,0.46558709,0.23265127
mpi,66400000,2,0,2.324474791999819,0.3017662,0.46558044,0.23265336
mpi,66400000,2,1,2.328140990000975,0.30178169,0.46557727,0.23264104
mpi,66400000,2,2,2.323436053997284,0.30178551,0.46553065,0.23268384
mpi,66400000,2,3,2.3158422430024075,0.3017742,0.46555401,0.23267179
mpi,66400000,2,4,2.3081102629985253,0.30175568,0.46559009,0.23265423
mpi,66400000,2,5,2.311956434001331,0.30177446,0.46560593,0.23261961
mpi,66400000,3,0,1.6701045939989854,0.30178113,0.4655405,0.23267837
mpi,66400000,3,1,1.669491108998045,0.30175726,0.46564551,0.23259723
mpi,66400000,3,2,1.6443550620024325,0.30178402,0.46554806,0.23266792
mpi,66400000,3,3,1.6518043470023258,0.30175691,0.46557446,0.23266863
mpi,66400000,3,4,1.6558440340013476,0.30177095,0.46558687,0.23264218
mpi,66400000,3,5,1.6516645129995595,0.30179361,0.46554071,0.23266568
mpi,66400000,4,0,1.4113173299992923,0.30177718,0.46555596,0.23266685
mpi,66400000,4,1,1.3319747320019815,0.3017708,0.46561065,0.23261855
mpi,66400000,4,2,1.420402493000438,0.3017827,0.46556688,0.23265042
mpi,66400000,4,3,1.5461677810017136,0.3017788,0.4655322,0.23268901
mpi,66400000,4,4,1.4891875260000234,0.30175214,0.46558405,0.23266381
mpi,66400000,4,5,1.3245835390007414,0.30177447,0.46558236,0.23264316
mpi,66400000,5,0,1.308116443000472,0.30177696,0.46556703,0.23265601
mpi,66400000,5,1,1.1926940670018666,0.30176905,0.46561681,0.23261414
mpi,66400000,5,2,1.4270159900006547,0.30178069,0.46552502,0.23269429
mpi,66400000,5,3,1.1993651949997002,0.30179422,0.4655194,0.23268639
mpi,66400000,5,4,1.1444996190002712,0.30173748,0.46560017,0.23266235
mpi,66400000,5,5,1.1564326179977797,0.30179134,0.46551248,0.23269617
mpi,66400000,6,0,1.1312554010000895,0.30175279,0.46563752,0.2326097
mpi,66400000,6,1,1.053629075999197,0.30177142,0.465603,0.23262559
mpi,66400000,6,2,1.0708167800003139,0.3017886,0.46551541,0.23269599
mpi,66400000,6,3,1.2101967169983254,0.30177935,0.465508,0.23271265
mpi,66400000,6,4,1.0657280249979522,0.30176596,0.46560041,0.23263363
mpi,66400000,6,5,1.0200602209988574,0.30178658,0.46550038,0.23271304
mpi,66400000,7,0,1.1371254059995408,0.30177428,0.46559735,0.23262837
mpi,66400000,7,1,0.9502945599997474,0.30176898,0.46561745,0.23261357
mpi,66400000,7,2,0.9975596439981018,0.30177613,0.46551925,0.23270462
mpi,66400000,7,3,1.0788641849976557,0.30181087,0.46550649,0.23268264
mpi,66400000,7,4,1.0087753879997763,0.3017922,0.46557809,0.23262971
mpi,66400000,7,5,1.1074836570005573,0.30174741,0.46557916,0.23267343
mpi,66400000,8,0,0.999053745999845,0.30179142,0.46556851,0.23264008
mpi,66400000,8,1,0.9933892910012219,0.30175551,0.46564459,0.23259989
mpi,66400000,8,2,1.0308442489986192,0.30178833,0.46547306,0.23273861
mpi,66400000,8,3,0.959467130000121,0.30177358,0.46551005,0.23271637
mpi,66400000,8,4,1.025415381998755,0.30177319,0.46555989,0.23266691
mpi,66400000,8,5,0.9386623680002231,0.30178979,0.46551358,0.23269663
mpi,66400000,9,0,0.9241817510010151,0.30176389,0.46559017,0.23264595
mpi,66400000,9,1,0.9642858510014776,0.30179705,0.46558964,0.23261331
mpi,66400000,9,2,0.9516754730029788,0.30179562,0.46548367,0.23272071
mpi,66400000,9,3,0.980161360999773,0.30180699,0.46550843,0.23268458
mpi,66400000,9,4,0.9194927689968608,0.3017642,0.46558521,0.23265059
mpi,66400000,9,5,0.9360586090006109,0.30175714,0.46560836,0.2326345
mpi,66400000,10,0,0.8587265169990133,0.30176758,0.46559262,0.2326398
mpi,66400000,10,1,0.8986722110021219,0.30181319,0.46560443,0.23258238
mpi,66400000,10,2,0.8717877870003576,0.30177994,0.46549873,0.23272133
mpi,66400000,10,3,0.8808105070020247,0.30180131,0.46548608,0.23271261
mpi,66400000,10,4,0.9218061219980882,0.3017616,0.46557054,0.23266786
mpi,66400000,10,5,0.9153426970005967,0.301782,0.46557886,0.23263914
mpi,66400000,11,0,0.8899447559997498,0.3017883,0.46557038,0.23264133
mpi,66400000,11,1,0.8809513519991015,0.30180517,0.46557021,0.23262462
mpi,66400000,11,2,0.8535995710008137,0.30176139,0.46553587,0.23270274
mpi,66400000,11,3,0.8569289799997932,0.30178779,0.46547842,0.2327338
mpi,66400000,11,4,0.8688910140008375,0.30176982,0.46558864,0.23264154
mpi,66400000,11,5,0.8959549549981602,0.30176051,0.46555248,0.232687
mpi,66400000,12,0,0.8191228270006832,0.30179791,0.46557858,0.23262351
mpi,66400000,12,1,0.8414280659999349,0.30180878,0.46551399,0.23267723
mpi,66400000,12,2,0.835782335998374,0.30179863,0.46547669,0.23272468
mpi,66400000,12,3,0.8473016710013326,0.30180373,0.46553181,0.23266446
mpi,66400000,12,4,0.8154871910010115,0.30180039,0.46553565,0.23266396
mpi,66400000,12,5,0.8556914690016129,0.30177602,0.46552209,0.23270188
